country,year,month,wind_speed_ms,blh_m
AL,2019,1,2.0768344402313232,257.7016296386719
AL,2019,2,2.385103464126587,418.1167297363281
AL,2019,3,2.0963799953460693,449.16259765625
AL,2019,4,1.7697566747665405,492.7714538574219
AL,2019,5,1.7515316009521484,481.5334777832031
AL,2019,6,1.660555362701416,483.8060607910156
AL,2019,7,1.6971279382705688,568.4000854492188
AL,2019,8,1.647039771080017,577.2443237304688
AL,2019,9,1.621529221534729,440.5126647949219
AL,2019,10,1.4617401361465454,276.2853698730469
AL,2019,11,2.1694772243499756,368.4875183105469
AL,2019,12,2.111856698989868,305.2589416503906
AL,2020,1,1.8432244062423706,191.3411102294922
AL,2020,2,2.042039155960083,339.010498046875
AL,2020,3,1.9635063409805298,412.2782287597656
AL,2020,4,1.9592081308364868,453.529052734375
AL,2020,5,1.9049592018127441,491.1925964355469
AL,2020,6,1.6535059213638306,481.2111511230469
AL,2020,7,1.7284053564071655,573.3296508789062
AL,2020,8,1.597416877746582,510.5688171386719
AL,2020,9,1.9364784955978394,542.7755737304688
AL,2020,10,1.8189789056777954,348.9175109863281
AL,2020,11,1.7178713083267212,192.20269775390625
AL,2020,12,2.1059577465057373,302.0590515136719
AL,2021,1,2.1689469814300537,321.8679504394531
AL,2021,2,2.0206117630004883,299.8279113769531
AL,2021,3,1.9355058670043945,434.2718200683594
AL,2021,4,1.8830633163452148,459.3448181152344
AL,2021,5,1.9021925926208496,492.4980163574219
AL,2021,6,1.6638121604919434,543.5853881835938
AL,2021,7,1.6706949472427368,596.5383911132812
AL,2021,8,1.7699012756347656,589.1146850585938
AL,2021,9,1.6695489883422852,469.3079528808594
AL,2021,10,1.9395490884780884,333.7855529785156
AL,2021,11,2.0562143325805664,278.8383483886719
AL,2021,12,2.1017255783081055,262.2373046875
AL,2022,1,2.0589599609375,254.02894592285156
AL,2022,2,1.9994605779647827,330.0440673828125
AL,2022,3,2.0491714477539062,503.9642639160156
AL,2022,4,2.0435378551483154,468.524169921875
AL,2022,5,1.5546584129333496,444.0348205566406
AL,2022,6,1.7623385190963745,573.7864379882812
AL,2022,7,1.8364781141281128,699.6886596679688
AL,2022,8,1.6497784852981567,583.127197265625
AL,2022,9,1.8646095991134644,485.7643127441406
AL,2022,10,1.6516987085342407,264.9411926269531
AL,2022,11,1.9697866439819336,298.7026062011719
AL,2022,12,1.804822325706482,216.92137145996094
AL,2023,1,1.9791704416275024,311.4362487792969
AL,2023,2,2.052131414413452,385.4264831542969
AL,2023,3,1.9473018646240234,426.2494812011719
AL,2023,4,1.8594571352005005,521.9697875976562
AL,2023,5,1.7855843305587769,480.454345703125
AL,2023,6,1.4232126474380493,430.40380859375
AL,2023,7,1.7394059896469116,544.6798095703125
AL,2023,8,1.7916878461837769,571.8048706054688
AL,2023,9,1.9325809478759766,524.2205810546875
AL,2023,10,1.829978585243225,387.6496887207031
AL,2023,11,2.112710475921631,342.7478942871094
AL,2023,12,1.8902212381362915,223.49778747558594
AL,2024,1,2.1621387004852295,279.9403991699219
AL,2024,2,1.9436583518981934,360.0845947265625
AL,2024,3,1.8882662057876587,422.9719543457031
AL,2024,4,1.8140134811401367,473.4342346191406
AL,2024,5,1.6805092096328735,484.781494140625
AL,2024,6,1.7045332193374634,510.9397888183594
AL,2024,7,1.6651102304458618,601.3448486328125
AL,2024,8,1.619926929473877,596.9472045898438
AL,2024,9,1.6501671075820923,447.5519104003906
AL,2024,10,1.704872488975525,277.03216552734375
AL,2024,11,1.975751519203186,248.0548095703125
AL,2024,12,1.9304159879684448,201.81858825683594
AT,2019,1,2.731626272201538,464.2215270996094
AT,2019,2,2.2427051067352295,301.5709228515625
AT,2019,3,2.4726665019989014,551.7667236328125
AT,2019,4,2.4548299312591553,552.3545532226562
AT,2019,5,2.373220920562744,570.1173095703125
AT,2019,6,2.005873203277588,551.950439453125
AT,2019,7,1.8556917905807495,596.6801147460938
AT,2019,8,1.7276272773742676,460.9393310546875
AT,2019,9,1.8638508319854736,418.3743896484375
AT,2019,10,1.9616286754608154,295.878173828125
AT,2019,11,2.135305643081665,243.6366424560547
AT,2019,12,2.321500301361084,252.7281494140625
AT,2020,1,1.905778169631958,183.307373046875
AT,2020,2,2.9159228801727295,535.4918823242188
AT,2020,3,2.398249626159668,549.781982421875
AT,2020,4,2.037022352218628,611.5790405273438
AT,2020,5,2.2344906330108643,624.908447265625
AT,2020,6,2.1616618633270264,557.1280517578125
AT,2020,7,1.7527250051498413,545.4110107421875
AT,2020,8,1.8054332733154297,458.8451843261719
AT,2020,9,1.8343138694763184,382.77764892578125
AT,2020,10,2.176041841506958,343.71112060546875
AT,2020,11,1.5720391273498535,166.49501037597656
AT,2020,12,2.0708348751068115,191.6407928466797
AT,2021,1,2.159227132797241,279.63458251953125
AT,2021,2,2.0193052291870117,254.99276733398438
AT,2021,3,2.1206469535827637,463.0467834472656
AT,2021,4,2.3754501342773438,643.6021728515625
AT,2021,5,2.432685613632202,605.2561645507812
AT,2021,6,1.939529538154602,627.54150390625
AT,2021,7,2.008755683898926,566.3936157226562
AT,2021,8,1.84823477268219,477.4637756347656
AT,2021,9,1.7606687545776367,420.89825439453125
AT,2021,10,2.1010570526123047,322.41693115234375
AT,2021,11,1.9398633241653442,234.04522705078125
AT,2021,12,2.2003731727600098,226.33428955078125
AT,2022,1,2.6556408405303955,402.3978576660156
AT,2022,2,2.8287570476531982,532.4599609375
AT,2022,3,2.026431083679199,422.3097229003906
AT,2022,4,2.3164923191070557,593.4485473632812
AT,2022,5,1.8384153842926025,536.9358520507812
AT,2022,6,1.997989535331726,560.2921142578125
AT,2022,7,2.0261499881744385,631.2569580078125
AT,2022,8,1.8356130123138428,521.710205078125
AT,2022,9,1.8967249393463135,420.7861328125
AT,2022,10,1.7728900909423828,244.17880249023438
AT,2022,11,1.8579540252685547,209.69020080566406
AT,2022,12,2.002178907394409,199.06753540039062
AT,2023,1,2.208031415939331,295.9692687988281
AT,2023,2,2.40912127494812,415.9216003417969
AT,2023,3,2.318977117538452,482.0291748046875
AT,2023,4,2.1737966537475586,559.2738647460938
AT,2023,5,2.1187400817871094,527.7969970703125
AT,2023,6,1.8589792251586914,582.55908203125
AT,2023,7,1.9153544902801514,580.9793701171875
AT,2023,8,1.8741496801376343,468.63775634765625
AT,2023,9,1.8602248430252075,402.5409851074219
AT,2023,10,2.0958735942840576,372.621826171875
AT,2023,11,2.3994293212890625,368.3063659667969
AT,2023,12,2.360743999481201,272.6275939941406
AT,2024,1,2.4077343940734863,290.96343994140625
AT,2024,2,2.2987735271453857,333.8851013183594
AT,2024,3,2.406569004058838,460.4936828613281
AT,2024,4,2.3983864784240723,568.476318359375
AT,2024,5,2.021747350692749,517.9353637695312
AT,2024,6,1.8886735439300537,487.6751708984375
AT,2024,7,1.8013962507247925,522.15185546875
AT,2024,8,1.686402440071106,480.531005859375
AT,2024,9,2.419473171234131,482.2452087402344
AT,2024,10,1.9810072183609009,280.7230529785156
AT,2024,11,1.9202145338058472,258.8674011230469
AT,2024,12,2.142127275466919,248.49118041992188
BA,2019,1,2.1821517944335938,326.80987548828125
BA,2019,2,2.543887138366699,446.4748840332031
BA,2019,3,2.3327174186706543,456.55535888671875
BA,2019,4,2.0634171962738037,542.3472900390625
BA,2019,5,2.081705331802368,523.4945678710938
BA,2019,6,1.698699951171875,447.1038513183594
BA,2019,7,1.6998872756958008,535.1232299804688
BA,2019,8,1.5988104343414307,502.0176086425781
BA,2019,9,1.7588046789169312,407.4812927246094
BA,2019,10,1.6744776964187622,289.7778015136719
BA,2019,11,2.339475393295288,408.1379089355469
BA,2019,12,2.4024581909179688,365.72503662109375
BA,2020,1,1.7587422132492065,188.64678955078125
BA,2020,2,2.5304269790649414,446.6685791015625
BA,2020,3,2.4206035137176514,533.0142822265625
BA,2020,4,2.2329440116882324,594.916748046875
BA,2020,5,2.2829761505126953,583.3898315429688
BA,2020,6,2.0334224700927734,567.1246948242188
BA,2020,7,1.7547835111618042,549.0294189453125
BA,2020,8,1.7335386276245117,461.31390380859375
BA,2020,9,1.8186020851135254,466.57403564453125
BA,2020,10,2.03439998626709,376.06170654296875
BA,2020,11,1.5042122602462769,199.38186645507812
BA,2020,12,2.0233302116394043,287.1986389160156
BA,2021,1,2.265127658843994,321.7314453125
BA,2021,2,2.2610697746276855,391.4761962890625
BA,2021,3,2.3050241470336914,517.8231811523438
BA,2021,4,2.0915608406066895,544.2689819335938
BA,2021,5,2.291476249694824,623.6812744140625
BA,2021,6,1.7887349128723145,644.7412719726562
BA,2021,7,1.7984051704406738,591.6151123046875
BA,2021,8,1.850531816482544,610.0451049804688
BA,2021,9,1.7009501457214355,487.61151123046875
BA,2021,10,1.9640119075775146,324.3212585449219
BA,2021,11,1.8720769882202148,269.9925537109375
BA,2021,12,2.2605884075164795,319.5962829589844
BA,2022,1,2.154581069946289,314.308349609375
BA,2022,2,2.3794753551483154,434.7397766113281
BA,2022,3,2.230346918106079,523.8155517578125
BA,2022,4,2.350104570388794,614.454833984375
BA,2022,5,1.6970118284225464,526.34423828125
BA,2022,6,1.8709717988967896,589.604736328125
BA,2022,7,1.9731272459030151,711.3370971679688
BA,2022,8,1.772984504699707,545.3832397460938
BA,2022,9,1.9435398578643799,451.8834228515625
BA,2022,10,1.5484893321990967,261.6814880371094
BA,2022,11,1.8212177753448486,261.918212890625
BA,2022,12,1.8468761444091797,238.63832092285156
BA,2023,1,2.099147081375122,310.3278503417969
BA,2023,2,2.193911552429199,380.8744812011719
BA,2023,3,2.2768783569335938,479.4178771972656
BA,2023,4,2.123217821121216,574.488525390625
BA,2023,5,1.917587399482727,482.12109375
BA,2023,6,1.5865134000778198,458.22613525390625
BA,2023,7,1.7038335800170898,552.4163208007812
BA,2023,8,1.8330354690551758,557.472412109375
BA,2023,9,2.025104284286499,526.6094970703125
BA,2023,10,2.230030059814453,444.48345947265625
BA,2023,11,2.4440410137176514,415.00933837890625
BA,2023,12,2.173839807510376,275.099609375
BA,2024,1,2.227632761001587,313.4429626464844
BA,2024,2,2.1927859783172607,392.2196350097656
BA,2024,3,2.215085029602051,504.1636962890625
BA,2024,4,2.090376853942871,551.1211547851562
BA,2024,5,1.801911473274231,519.65576171875
BA,2024,6,1.6591522693634033,510.1890869140625
BA,2024,7,1.6741623878479004,583.3486328125
BA,2024,8,1.6275205612182617,590.6255493164062
BA,2024,9,2.0556459426879883,497.0444641113281
BA,2024,10,1.6047277450561523,277.0932312011719
BA,2024,11,1.9139189720153809,264.6363830566406
BA,2024,12,1.9684209823608398,248.9173583984375
BE,2019,1,4.259893894195557,527.783447265625
BE,2019,2,3.9876296520233154,404.8682861328125
BE,2019,3,5.160342693328857,778.2505493164062
BE,2019,4,3.54158616065979,590.5469360351562
BE,2019,5,3.3224902153015137,624.3566284179688
BE,2019,6,3.4679105281829834,636.32763671875
BE,2019,7,3.0460927486419678,662.6187744140625
BE,2019,8,3.3073105812072754,634.125
BE,2019,9,3.901315689086914,636.1350708007812
BE,2019,10,4.540133953094482,597.9512939453125
BE,2019,11,4.118308067321777,460.9846496582031
BE,2019,12,4.972179889678955,559.1586303710938
BE,2020,1,4.663649082183838,525.6029663085938
BE,2020,2,6.697299957275391,944.6112060546875
BE,2020,3,4.905181884765625,689.0260009765625
BE,2020,4,3.446791648864746,597.838134765625
BE,2020,5,3.554769515991211,760.9263916015625
BE,2020,6,3.441850185394287,707.3480224609375
BE,2020,7,3.5436530113220215,693.20263671875
BE,2020,8,3.372206449508667,685.0326538085938
BE,2020,9,3.3848705291748047,519.4074096679688
BE,2020,10,4.946691989898682,683.6512451171875
BE,2020,11,4.080169677734375,447.1851806640625
BE,2020,12,4.506335735321045,496.38653564453125
BE,2021,1,4.329331398010254,498.2134094238281
BE,2021,2,4.523800373077393,504.0442199707031
BE,2021,3,4.060089588165283,600.6419067382812
BE,2021,4,3.483952760696411,619.948974609375
BE,2021,5,4.350165367126465,793.1244506835938
BE,2021,6,2.8155899047851562,520.9454956054688
BE,2021,7,3.4240028858184814,557.0033569335938
BE,2021,8,3.474991798400879,577.4075927734375
BE,2021,9,2.9192960262298584,434.827392578125
BE,2021,10,4.331515789031982,536.6775512695312
BE,2021,11,3.3502485752105713,360.9132385253906
BE,2021,12,4.120185375213623,431.52508544921875
BE,2022,1,3.7672507762908936,429.6112365722656
BE,2022,2,5.898542881011963,815.3067016601562
BE,2022,3,3.3584141731262207,464.7703552246094
BE,2022,4,4.084120273590088,659.68603515625
BE,2022,5,3.2402896881103516,661.9387817382812
BE,2022,6,3.0830795764923096,568.1665649414062
BE,2022,7,3.0066137313842773,650.7101440429688
BE,2022,8,2.9516074657440186,640.2998657226562
BE,2022,9,3.218285322189331,543.7400512695312
BE,2022,10,3.8569247722625732,474.2608947753906
BE,2022,11,4.682882308959961,546.3729248046875
BE,2022,12,4.2195611000061035,481.6226501464844
BE,2023,1,5.195006370544434,682.1674194335938
BE,2023,2,3.870973587036133,479.40435791015625
BE,2023,3,4.816684722900391,691.3151245117188
BE,2023,4,3.960472822189331,656.8740844726562
BE,2023,5,3.617079734802246,567.4693603515625
BE,2023,6,3.2552499771118164,713.94384765625
BE,2023,7,4.212027549743652,802.3192749023438
BE,2023,8,3.3866498470306396,557.1341552734375
BE,2023,9,3.232914924621582,449.614013671875
BE,2023,10,4.534668922424316,555.6404418945312
BE,2023,11,5.443903923034668,706.5623168945312
BE,2023,12,5.664544105529785,691.5172729492188
BE,2024,1,5.023593425750732,582.2168579101562
BE,2024,2,5.167739391326904,627.3680419921875
BE,2024,3,4.016103744506836,581.3418579101562
BE,2024,4,4.607299327850342,774.94580078125
BE,2024,5,3.109264612197876,496.8534851074219
BE,2024,6,3.2635228633880615,612.0049438476562
BE,2024,7,3.2085835933685303,595.1625366210938
BE,2024,8,3.191072463989258,539.3220825195312
BE,2024,9,3.954918146133423,569.9544677734375
BE,2024,10,3.4881443977355957,422.5730285644531
BE,2024,11,3.8320376873016357,437.6394958496094
BE,2024,12,4.636291980743408,529.1433715820312
BG,2019,1,2.6708521842956543,351.0526428222656
BG,2019,2,2.8175246715545654,425.06939697265625
BG,2019,3,2.5759332180023193,508.9722595214844
BG,2019,4,2.4237167835235596,524.916259765625
BG,2019,5,2.524669647216797,590.6502685546875
BG,2019,6,2.1018805503845215,527.2992553710938
BG,2019,7,1.9072965383529663,572.0198974609375
BG,2019,8,2.3544161319732666,666.16455078125
BG,2019,9,2.3139922618865967,588.7485961914062
BG,2019,10,1.8542819023132324,312.9853820800781
BG,2019,11,2.6178767681121826,327.4287109375
BG,2019,12,2.5389695167541504,297.3750305175781
BG,2020,1,2.5054943561553955,290.5024719238281
BG,2020,2,2.958885669708252,417.2036437988281
BG,2020,3,2.8201167583465576,469.7015075683594
BG,2020,4,2.616488456726074,577.9056396484375
BG,2020,5,2.6215813159942627,575.5946655273438
BG,2020,6,2.1255431175231934,529.8098754882812
BG,2020,7,2.2136342525482178,677.4751586914062
BG,2020,8,2.2918787002563477,644.7009887695312
BG,2020,9,2.545107841491699,596.2263793945312
BG,2020,10,2.252230644226074,378.95721435546875
BG,2020,11,1.9170126914978027,246.0922088623047
BG,2020,12,2.382408618927002,265.7198791503906
BG,2021,1,2.8852391242980957,379.6732482910156
BG,2021,2,2.5677764415740967,387.7174987792969
BG,2021,3,2.6900930404663086,492.7113342285156
BG,2021,4,2.318695068359375,508.7664489746094
BG,2021,5,2.508589267730713,576.9869384765625
BG,2021,6,2.0532002449035645,529.5112915039062
BG,2021,7,2.3782613277435303,698.6676635742188
BG,2021,8,2.152689218521118,681.1473999023438
BG,2021,9,2.448390245437622,625.7328491210938
BG,2021,10,2.5067100524902344,410.2105712890625
BG,2021,11,2.3234024047851562,289.51727294921875
BG,2021,12,2.8337814807891846,346.6549987792969
BG,2022,1,3.129875421524048,435.7867431640625
BG,2022,2,2.686631679534912,390.6886901855469
BG,2022,3,2.864440679550171,584.2391357421875
BG,2022,4,2.6588985919952393,583.0143432617188
BG,2022,5,2.1687369346618652,584.7449951171875
BG,2022,6,2.259315013885498,597.501953125
BG,2022,7,2.400531768798828,777.7952270507812
BG,2022,8,2.3183538913726807,694.3319091796875
BG,2022,9,2.436699390411377,557.3265380859375
BG,2022,10,2.219320297241211,410.6300048828125
BG,2022,11,2.3507561683654785,334.273681640625
BG,2022,12,2.2651987075805664,242.16714477539062
BG,2023,1,2.7258994579315186,366.78277587890625
BG,2023,2,3.1360554695129395,488.43829345703125
BG,2023,3,2.592038631439209,501.6933898925781
BG,2023,4,2.6383795738220215,571.8491821289062
BG,2023,5,2.488112211227417,529.4310913085938
BG,2023,6,2.110337018966675,565.1109619140625
BG,2023,7,2.2639949321746826,676.4232788085938
BG,2023,8,2.590101718902588,704.60498046875
BG,2023,9,2.631843328475952,630.40380859375
BG,2023,10,2.2758140563964844,431.8938903808594
BG,2023,11,3.0108556747436523,410.0474548339844
BG,2023,12,2.5790622234344482,259.26104736328125
BG,2024,1,2.823713779449463,351.7132263183594
BG,2024,2,2.666630983352661,390.767333984375
BG,2024,3,2.377840280532837,442.5860900878906
BG,2024,4,2.666264057159424,619.2845458984375
BG,2024,5,2.3157715797424316,536.4174194335938
BG,2024,6,2.1294753551483154,642.2666625976562
BG,2024,7,2.413112163543701,783.9856567382812
BG,2024,8,2.289530038833618,729.2451782226562
BG,2024,9,2.330906629562378,557.1593627929688
BG,2024,10,2.0503127574920654,340.925537109375
BG,2024,11,2.415919542312622,298.1757507324219
BG,2024,12,2.6041982173919678,304.22418212890625
CH,2019,1,1.8482019901275635,257.2316589355469
CH,2019,2,1.6272591352462769,150.67645263671875
CH,2019,3,2.0809104442596436,423.8161926269531
CH,2019,4,1.6558774709701538,411.66168212890625
CH,2019,5,1.775795817375183,478.638916015625
CH,2019,6,1.4774688482284546,421.92626953125
CH,2019,7,1.4411364793777466,530.2532348632812
CH,2019,8,1.3243398666381836,401.5040283203125
CH,2019,9,1.5202178955078125,373.6260986328125
CH,2019,10,1.5759788751602173,234.50511169433594
CH,2019,11,1.6188793182373047,186.82972717285156
CH,2019,12,1.9462295770645142,181.178955078125
CH,2020,1,1.6729278564453125,115.98470306396484
CH,2020,2,2.3224594593048096,381.0497741699219
CH,2020,3,1.8249398469924927,360.8033447265625
CH,2020,4,1.4851857423782349,469.33868408203125
CH,2020,5,1.7596306800842285,502.16357421875
CH,2020,6,1.518811583518982,466.8658752441406
CH,2020,7,1.445779800415039,521.1226196289062
CH,2020,8,1.3752425909042358,435.2293701171875
CH,2020,9,1.4159566164016724,355.1113586425781
CH,2020,10,1.6642166376113892,284.6728210449219
CH,2020,11,1.3903745412826538,120.56607818603516
CH,2020,12,1.649552583694458,148.07667541503906
CH,2021,1,1.8532445430755615,204.1982879638672
CH,2021,2,1.7257322072982788,161.542724609375
CH,2021,3,1.6817388534545898,356.64691162109375
CH,2021,4,1.7393012046813965,490.7035217285156
CH,2021,5,1.872422456741333,507.68048095703125
CH,2021,6,1.411192536354065,438.88232421875
CH,2021,7,1.5175648927688599,426.51593017578125
CH,2021,8,1.4728301763534546,452.3036804199219
CH,2021,9,1.3119843006134033,314.51025390625
CH,2021,10,1.6134146451950073,262.0452575683594
CH,2021,11,1.5927730798721313,171.1346893310547
CH,2021,12,1.811324119567871,137.16403198242188
CH,2022,1,1.836628794670105,178.83428955078125
CH,2022,2,2.123792886734009,324.2419128417969
CH,2022,3,1.528566598892212,286.7648620605469
CH,2022,4,1.7919270992279053,429.0256042480469
CH,2022,5,1.5042623281478882,435.40771484375
CH,2022,6,1.5563236474990845,498.02264404296875
CH,2022,7,1.5856033563613892,591.4139404296875
CH,2022,8,1.5133415460586548,503.9088134765625
CH,2022,9,1.5479114055633545,397.51007080078125
CH,2022,10,1.4908112287521362,193.7888946533203
CH,2022,11,1.5775498151779175,186.71812438964844
CH,2022,12,1.6586025953292847,127.76134490966797
CH,2023,1,1.9056662321090698,217.74066162109375
CH,2023,2,1.6777520179748535,208.92019653320312
CH,2023,3,1.836795687675476,358.8890686035156
CH,2023,4,1.7235997915267944,443.51751708984375
CH,2023,5,1.597320556640625,413.93450927734375
CH,2023,6,1.4914575815200806,570.4651489257812
CH,2023,7,1.5375832319259644,523.737548828125
CH,2023,8,1.5527907609939575,482.4736633300781
CH,2023,9,1.294498085975647,320.6960754394531
CH,2023,10,1.656278133392334,286.58966064453125
CH,2023,11,2.0862977504730225,295.423828125
CH,2023,12,1.948556900024414,188.39483642578125
CH,2024,1,1.9121156930923462,193.27444458007812
CH,2024,2,1.6687439680099487,219.85704040527344
CH,2024,3,1.7560116052627563,323.42303466796875
CH,2024,4,1.945330262184143,461.6239929199219
CH,2024,5,1.4550037384033203,399.16925048828125
CH,2024,6,1.5412245988845825,420.1455383300781
CH,2024,7,1.3422859907150269,435.95306396484375
CH,2024,8,1.3064758777618408,408.0041198730469
CH,2024,9,1.6824697256088257,392.6353759765625
CH,2024,10,1.5239605903625488,215.181396484375
CH,2024,11,1.6309454441070557,177.02015686035156
CH,2024,12,1.7482165098190308,163.52882385253906
CY,2019,1,3.9377403259277344,643.3748168945312
CY,2019,2,3.5276970863342285,527.1030883789062
CY,2019,3,3.0265660285949707,494.3533935546875
CY,2019,4,2.7244887351989746,469.12103271484375
CY,2019,5,2.6674556732177734,434.75616455078125
CY,2019,6,2.4582948684692383,448.1224365234375
CY,2019,7,2.8940529823303223,559.9209594726562
CY,2019,8,2.5373597145080566,523.7691040039062
CY,2019,9,2.3364644050598145,522.7053833007812
CY,2019,10,2.5005178451538086,460.58294677734375
CY,2019,11,2.927609920501709,434.67828369140625
CY,2019,12,2.8820085525512695,486.66650390625
CY,2020,1,3.5185375213623047,583.4654541015625
CY,2020,2,3.7082018852233887,600.0157470703125
CY,2020,3,3.402888298034668,505.4227294921875
CY,2020,4,2.8295187950134277,437.8682861328125
CY,2020,5,3.1228041648864746,523.8735961914062
CY,2020,6,2.7329025268554688,509.01324462890625
CY,2020,7,2.3000707626342773,444.252197265625
CY,2020,8,2.6559596061706543,512.9998168945312
CY,2020,9,2.4964656829833984,451.32763671875
CY,2020,10,2.346749782562256,448.9500732421875
CY,2020,11,2.565654754638672,512.6259155273438
CY,2020,12,2.716115951538086,421.4171142578125
CY,2021,1,3.6650404930114746,584.8035278320312
CY,2021,2,3.0055460929870605,491.87872314453125
CY,2021,3,3.5808305740356445,674.8850708007812
CY,2021,4,2.770677089691162,447.3382568359375
CY,2021,5,2.4155490398406982,419.96807861328125
CY,2021,6,2.781162738800049,572.3523559570312
CY,2021,7,2.6690878868103027,532.6972045898438
CY,2021,8,2.5774879455566406,557.6199340820312
CY,2021,9,2.6932101249694824,581.3671875
CY,2021,10,2.5235233306884766,528.4190063476562
CY,2021,11,2.787105083465576,401.3428955078125
CY,2021,12,3.3339085578918457,573.4326171875
CY,2022,1,3.6356201171875,687.7333984375
CY,2022,2,2.9398903846740723,480.48480224609375
CY,2022,3,3.6277694702148438,780.0853271484375
CY,2022,4,2.934518814086914,384.1973876953125
CY,2022,5,2.7866430282592773,471.3629150390625
CY,2022,6,2.731546401977539,538.306640625
CY,2022,7,2.8022985458374023,531.83642578125
CY,2022,8,2.696043014526367,528.1336669921875
CY,2022,9,2.6821446418762207,547.822265625
CY,2022,10,2.6794495582580566,489.5635986328125
CY,2022,11,2.651350975036621,457.44219970703125
CY,2022,12,2.3624954223632812,400.27752685546875
CY,2023,1,3.0554795265197754,453.86529541015625
CY,2023,2,2.935701847076416,615.3287963867188
CY,2023,3,3.2157344818115234,524.9382934570312
CY,2023,4,3.158346176147461,545.6494750976562
CY,2023,5,2.8508615493774414,471.3424072265625
CY,2023,6,2.8196358680725098,520.8231201171875
CY,2023,7,2.6176204681396484,497.12579345703125
CY,2023,8,2.499533176422119,472.00799560546875
CY,2023,9,2.5397586822509766,534.5884399414062
CY,2023,10,2.3708062171936035,444.81243896484375
CY,2023,11,2.9422497749328613,552.42236328125
CY,2023,12,2.757780075073242,408.706787109375
CY,2024,1,3.2022385597229004,509.47882080078125
CY,2024,2,2.6950364112854004,425.14971923828125
CY,2024,3,3.431962490081787,572.233642578125
CY,2024,4,2.4569172859191895,388.853515625
CY,2024,5,3.2219014167785645,576.562744140625
CY,2024,6,2.399845600128174,448.6298828125
CY,2024,7,2.871337890625,580.92431640625
CY,2024,8,2.8140292167663574,545.6217041015625
CY,2024,9,2.7606406211853027,579.16455078125
CY,2024,10,2.5802130699157715,581.4585571289062
CY,2024,11,2.896787166595459,522.1492309570312
CY,2024,12,2.757707118988037,433.82708740234375
CZ,2019,1,3.985917091369629,601.5690307617188
CZ,2019,2,3.1939408779144287,375.3171081542969
CZ,2019,3,3.8037657737731934,702.7222900390625
CZ,2019,4,3.526301622390747,675.3941650390625
CZ,2019,5,3.1382813453674316,650.6602783203125
CZ,2019,6,2.71370005607605,626.3695678710938
CZ,2019,7,2.4847710132598877,717.6823120117188
CZ,2019,8,2.2719054222106934,547.2767944335938
CZ,2019,9,2.78147554397583,555.4268188476562
CZ,2019,10,2.8975632190704346,398.52813720703125
CZ,2019,11,3.351362466812134,418.6612854003906
CZ,2019,12,3.4159128665924072,427.6758728027344
CZ,2020,1,2.9698915481567383,319.7891845703125
CZ,2020,2,4.749922752380371,762.5262451171875
CZ,2020,3,3.5431618690490723,637.7404174804688
CZ,2020,4,2.7588164806365967,632.8026123046875
CZ,2020,5,2.968168258666992,715.7196655273438
CZ,2020,6,2.8781394958496094,587.9671630859375
CZ,2020,7,2.368387222290039,620.8836059570312
CZ,2020,8,2.495661973953247,560.4636840820312
CZ,2020,9,2.5283899307250977,438.3394470214844
CZ,2020,10,3.249072790145874,457.6817626953125
CZ,2020,11,2.4352235794067383,278.2007751464844
CZ,2020,12,3.3216850757598877,388.6580810546875
CZ,2021,1,3.006998300552368,377.8970947265625
CZ,2021,2,2.865402936935425,311.129150390625
CZ,2021,3,2.914006471633911,511.9284973144531
CZ,2021,4,3.256523370742798,686.2887573242188
CZ,2021,5,3.5901403427124023,717.1082153320312
CZ,2021,6,2.2906606197357178,607.7366333007812
CZ,2021,7,2.4767980575561523,582.726318359375
CZ,2021,8,2.5181384086608887,538.232666015625
CZ,2021,9,2.3959968090057373,470.2727966308594
CZ,2021,10,3.156977891921997,438.1874084472656
CZ,2021,11,2.9655649662017822,395.05474853515625
CZ,2021,12,3.105872869491577,382.16351318359375
CZ,2022,1,3.9625930786132812,582.4639282226562
CZ,2022,2,4.759065628051758,814.4904174804688
CZ,2022,3,2.789555311203003,455.3215026855469
CZ,2022,4,3.418358087539673,711.4675903320312
CZ,2022,5,2.5975427627563477,681.1024780273438
CZ,2022,6,2.5043017864227295,623.0774536132812
CZ,2022,7,2.645841598510742,710.5699462890625
CZ,2022,8,2.41678524017334,584.1368408203125
CZ,2022,9,2.582791805267334,488.40496826171875
CZ,2022,10,2.734464645385742,338.24249267578125
CZ,2022,11,2.50179386138916,287.2836608886719
CZ,2022,12,3.246649980545044,372.11669921875
CZ,2023,1,3.5082645416259766,492.679443359375
CZ,2023,2,3.593485116958618,571.2670288085938
CZ,2023,3,3.6474227905273438,609.6006469726562
CZ,2023,4,2.9735500812530518,598.3975830078125
CZ,2023,5,2.996861219406128,623.8803100585938
CZ,2023,6,2.558892011642456,665.9708251953125
CZ,2023,7,2.7627925872802734,813.3839721679688
CZ,2023,8,2.6151769161224365,536.9279174804688
CZ,2023,9,2.444850444793701,460.7335205078125
CZ,2023,10,3.15103816986084,472.33489990234375
CZ,2023,11,3.771453380584717,579.832275390625
CZ,2023,12,3.9253342151641846,516.6168212890625
CZ,2024,1,3.9725372791290283,518.5103759765625
CZ,2024,2,3.621067523956299,514.0028686523438
CZ,2024,3,3.3445725440979004,546.697021484375
CZ,2024,4,3.4082248210906982,672.9965209960938
CZ,2024,5,2.860257387161255,615.5267333984375
CZ,2024,6,2.5127720832824707,602.0118408203125
CZ,2024,7,2.3413894176483154,627.060302734375
CZ,2024,8,2.2270824909210205,526.6425170898438
CZ,2024,9,3.5205109119415283,621.8362426757812
CZ,2024,10,2.9804739952087402,391.9737548828125
CZ,2024,11,2.9884324073791504,384.0443420410156
CZ,2024,12,3.2102131843566895,390.89837646484375
DE,2019,1,4.164251804351807,606.14013671875
DE,2019,2,3.434093475341797,405.66729736328125
DE,2019,3,4.513115882873535,776.5352783203125
DE,2019,4,3.2840158939361572,601.0936889648438
DE,2019,5,3.1420748233795166,693.2235717773438
DE,2019,6,2.8423588275909424,649.0233764648438
DE,2019,7,2.830291748046875,736.1619262695312
DE,2019,8,2.572071075439453,614.5159912109375
DE,2019,9,3.1777243614196777,611.6307373046875
DE,2019,10,3.500272274017334,505.81268310546875
DE,2019,11,3.191213607788086,380.77496337890625
DE,2019,12,3.8277511596679688,462.3736267089844
DE,2020,1,3.823765277862549,468.1949462890625
DE,2020,2,5.443458557128906,879.3059692382812
DE,2020,3,3.9412834644317627,656.2633056640625
DE,2020,4,3.074622392654419,637.6409912109375
DE,2020,5,3.0295002460479736,747.7055053710938
DE,2020,6,2.88724684715271,658.8088989257812
DE,2020,7,2.8634231090545654,740.2952270507812
DE,2020,8,2.722318172454834,637.0682373046875
DE,2020,9,2.609870672225952,479.0213928222656
DE,2020,10,3.7537310123443604,561.032470703125
DE,2020,11,3.169381856918335,388.76934814453125
DE,2020,12,3.327510356903076,364.4585266113281
DE,2021,1,3.5444114208221436,468.9355163574219
DE,2021,2,3.338433027267456,372.3273620605469
DE,2021,3,3.3721210956573486,572.1188354492188
DE,2021,4,3.259631872177124,674.8807983398438
DE,2021,5,3.681504249572754,751.3313598632812
DE,2021,6,2.4202558994293213,558.8978271484375
DE,2021,7,2.7199556827545166,586.2349243164062
DE,2021,8,3.0219004154205322,603.8112182617188
DE,2021,9,2.5737268924713135,463.0294494628906
DE,2021,10,3.4608378410339355,468.1369934082031
DE,2021,11,3.117044448852539,404.0531311035156
DE,2021,12,3.4202048778533936,398.7453918457031
DE,2022,1,4.042068004608154,561.4274291992188
DE,2022,2,5.370973587036133,853.6751708984375
DE,2022,3,2.835754632949829,416.617431640625
DE,2022,4,3.647055149078369,688.7686767578125
DE,2022,5,2.987781047821045,708.5917358398438
DE,2022,6,2.6750123500823975,669.06884765625
DE,2022,7,2.923247814178467,782.6402587890625
DE,2022,8,2.505418539047241,671.6407470703125
DE,2022,9,2.9700751304626465,556.495361328125
DE,2022,10,3.1045570373535156,399.318115234375
DE,2022,11,3.341292142868042,392.62884521484375
DE,2022,12,3.3681418895721436,414.2400207519531
DE,2023,1,4.234988212585449,630.4404296875
DE,2023,2,3.680765390396118,529.9393920898438
DE,2023,3,3.9376487731933594,652.5999755859375
DE,2023,4,3.344435214996338,647.102294921875
DE,2023,5,3.0743765830993652,637.9432983398438
DE,2023,6,2.7802958488464355,751.7027587890625
DE,2023,7,3.3978896141052246,828.2179565429688
DE,2023,8,2.8520724773406982,569.6635131835938
DE,2023,9,2.593186378479004,451.6589050292969
DE,2023,10,3.679117202758789,533.2463989257812
DE,2023,11,4.341963291168213,655.5796508789062
DE,2023,12,4.55979061126709,618.9100341796875
DE,2024,1,4.337016582489014,578.5419311523438
DE,2024,2,4.1708221435546875,592.8359375
DE,2024,3,3.22025728225708,482.12030029296875
DE,2024,4,3.522789716720581,687.9094848632812
DE,2024,5,2.8679163455963135,598.92919921875
DE,2024,6,2.9052212238311768,653.12353515625
DE,2024,7,2.6859357357025146,629.9996337890625
DE,2024,8,2.590386152267456,570.367919921875
DE,2024,9,3.4823858737945557,606.9967651367188
DE,2024,10,3.060608386993408,404.15924072265625
DE,2024,11,3.3400588035583496,447.4170227050781
DE,2024,12,3.7884631156921387,477.5748291015625
DK,2019,1,5.75405216217041,641.8389892578125
DK,2019,2,5.545077800750732,525.16943359375
DK,2019,3,6.258453369140625,752.81201171875
DK,2019,4,4.43125057220459,503.7878723144531
DK,2019,5,5.355723857879639,748.9855346679688
DK,2019,6,4.610111713409424,560.1353149414062
DK,2019,7,4.8096160888671875,643.63818359375
DK,2019,8,4.392551898956299,611.13671875
DK,2019,9,5.647518634796143,740.0982055664062
DK,2019,10,4.864327907562256,599.80224609375
DK,2019,11,4.770638465881348,481.6155090332031
DK,2019,12,5.871074676513672,604.9401245117188
DK,2020,1,6.509747505187988,688.6336669921875
DK,2020,2,7.306363582611084,887.5945434570312
DK,2020,3,5.489834308624268,682.2988891601562
DK,2020,4,4.986697673797607,657.8890380859375
DK,2020,5,4.938642501831055,718.8355102539062
DK,2020,6,4.16308069229126,593.126708984375
DK,2020,7,5.459622859954834,810.98828125
DK,2020,8,3.842836380004883,529.98046875
DK,2020,9,4.734201431274414,624.1046752929688
DK,2020,10,5.383586883544922,660.0549926757812
DK,2020,11,5.762593746185303,659.5413818359375
DK,2020,12,5.23419713973999,519.9698486328125
DK,2021,1,4.886319160461426,537.4056396484375
DK,2021,2,5.409478187561035,499.3702392578125
DK,2021,3,5.078405857086182,548.8070678710938
DK,2021,4,5.045785427093506,730.2811889648438
DK,2021,5,4.355815410614014,573.9024658203125
DK,2021,6,4.106741905212402,526.8887939453125
DK,2021,7,4.326016902923584,592.6818237304688
DK,2021,8,4.943346977233887,705.62255859375
DK,2021,9,4.338207244873047,549.5765380859375
DK,2021,10,5.670003414154053,669.371826171875
DK,2021,11,5.258635520935059,618.499267578125
DK,2021,12,5.133554458618164,451.8846130371094
DK,2022,1,6.5398478507995605,709.6981811523438
DK,2022,2,7.055719375610352,851.2471313476562
DK,2022,3,4.168790817260742,386.1116027832031
DK,2022,4,4.731960296630859,640.1133422851562
DK,2022,5,4.817395210266113,661.618896484375
DK,2022,6,4.165498733520508,584.4160766601562
DK,2022,7,5.246108531951904,717.0934448242188
DK,2022,8,3.6557424068450928,528.0977172851562
DK,2022,9,4.749794960021973,642.2206420898438
DK,2022,10,5.244184494018555,609.9204711914062
DK,2022,11,6.198971748352051,689.7035522460938
DK,2022,12,5.041190147399902,485.02154541015625
DK,2023,1,5.894983291625977,644.7368774414062
DK,2023,2,5.705204486846924,641.9803466796875
DK,2023,3,5.086800575256348,602.2418823242188
DK,2023,4,4.743713855743408,598.0254516601562
DK,2023,5,4.8135247230529785,590.0530395507812
DK,2023,6,3.839185953140259,561.58984375
DK,2023,7,5.23436975479126,761.2689819335938
DK,2023,8,4.54236364364624,611.31396484375
DK,2023,9,4.607820510864258,547.42626953125
DK,2023,10,6.38112735748291,788.2492065429688
DK,2023,11,5.164721488952637,564.5258178710938
DK,2023,12,6.246209144592285,685.3492431640625
DK,2024,1,6.507661819458008,648.951904296875
DK,2024,2,6.016729831695557,642.9393920898438
DK,2024,3,5.108627796173096,503.0494079589844
DK,2024,4,5.015153884887695,638.5840454101562
DK,2024,5,4.567262649536133,495.4338684082031
DK,2024,6,4.910379409790039,699.5514526367188
DK,2024,7,4.69704532623291,649.4561767578125
DK,2024,8,4.652724742889404,684.6492919921875
DK,2024,9,4.450804710388184,527.7864990234375
DK,2024,10,5.051000595092773,606.0872192382812
DK,2024,11,4.826694011688232,546.57666015625
DK,2024,12,5.791399955749512,618.1923217773438
EE,2019,1,4.241572856903076,410.8351135253906
EE,2019,2,5.502843856811523,552.6353759765625
EE,2019,3,5.083028316497803,666.8590698242188
EE,2019,4,3.3919198513031006,519.607177734375
EE,2019,5,3.7766940593719482,625.2014770507812
EE,2019,6,3.8386011123657227,665.5590209960938
EE,2019,7,3.5400924682617188,664.8713989257812
EE,2019,8,3.409045696258545,567.812255859375
EE,2019,9,4.147099494934082,627.0380859375
EE,2019,10,4.216851234436035,560.8438720703125
EE,2019,11,4.435811519622803,499.64849853515625
EE,2019,12,5.219404697418213,613.9788208007812
EE,2020,1,5.729162216186523,665.3987426757812
EE,2020,2,5.8684773445129395,734.740234375
EE,2020,3,4.8006110191345215,662.5095825195312
EE,2020,4,4.795441150665283,782.149658203125
EE,2020,5,3.9807980060577393,721.0330200195312
EE,2020,6,3.376016139984131,606.3966064453125
EE,2020,7,4.046548843383789,726.51806640625
EE,2020,8,3.215982437133789,530.8088989257812
EE,2020,9,4.8817925453186035,652.5033569335938
EE,2020,10,4.400121688842773,568.3856811523438
EE,2020,11,5.125487327575684,619.2081909179688
EE,2020,12,4.849634170532227,525.0052490234375
EE,2021,1,3.9877145290374756,420.184326171875
EE,2021,2,4.006731033325195,405.0643615722656
EE,2021,3,4.864395618438721,602.2899169921875
EE,2021,4,4.508336067199707,654.2141723632812
EE,2021,5,4.041708946228027,596.404296875
EE,2021,6,3.0437686443328857,598.122802734375
EE,2021,7,3.4178414344787598,741.853515625
EE,2021,8,4.497303009033203,677.934326171875
EE,2021,9,4.456755638122559,699.0569458007812
EE,2021,10,5.414314270019531,671.0029296875
EE,2021,11,4.928221702575684,598.3281860351562
EE,2021,12,4.531943321228027,486.83270263671875
EE,2022,1,5.0746684074401855,533.1777954101562
EE,2022,2,5.239109516143799,571.864013671875
EE,2022,3,3.7469193935394287,435.2570495605469
EE,2022,4,4.283028602600098,661.3643188476562
EE,2022,5,4.381593227386475,719.3171997070312
EE,2022,6,3.4685006141662598,630.8867797851562
EE,2022,7,3.5970914363861084,667.9689331054688
EE,2022,8,3.3808505535125732,553.8052368164062
EE,2022,9,3.35963773727417,544.1920166015625
EE,2022,10,4.681991100311279,602.646484375
EE,2022,11,4.147851467132568,533.3446044921875
EE,2022,12,4.436069011688232,412.1004943847656
EE,2023,1,5.042158126831055,525.1014404296875
EE,2023,2,4.6517229080200195,520.7448120117188
EE,2023,3,4.480566501617432,530.0126953125
EE,2023,4,3.685081720352173,526.3964233398438
EE,2023,5,3.3882040977478027,763.6465454101562
EE,2023,6,3.1134660243988037,744.2174072265625
EE,2023,7,4.074826717376709,720.2536010742188
EE,2023,8,3.680137872695923,542.8184814453125
EE,2023,9,4.080226421356201,552.6253662109375
EE,2023,10,5.281838893890381,741.8104858398438
EE,2023,11,3.635068416595459,441.4131774902344
EE,2023,12,3.667921781539917,358.7293395996094
EE,2024,1,4.9719014167785645,476.3379211425781
EE,2024,2,4.3891496658325195,472.4229736328125
EE,2024,3,3.676872491836548,397.6648254394531
EE,2024,4,4.299131393432617,554.7125854492188
EE,2024,5,3.07991361618042,609.8192749023438
EE,2024,6,3.3630752563476562,655.046875
EE,2024,7,3.534498929977417,615.9105834960938
EE,2024,8,3.5662429332733154,563.588623046875
EE,2024,9,3.5335607528686523,483.311279296875
EE,2024,10,4.309414386749268,531.5819091796875
EE,2024,11,5.156065940856934,621.280029296875
EE,2024,12,5.079482078552246,600.3843383789062
EL,2019,1,2.8927419185638428,424.2198791503906
EL,2019,2,3.068990707397461,502.5865173339844
EL,2019,3,2.769071340560913,488.4215087890625
EL,2019,4,2.3497283458709717,484.3768615722656
EL,2019,5,2.34379506111145,538.3597412109375
EL,2019,6,2.2628068923950195,621.0068359375
EL,2019,7,2.2788331508636475,644.4743041992188
EL,2019,8,2.574953317642212,710.2891235351562
EL,2019,9,2.3615946769714355,603.6988525390625
EL,2019,10,1.9505720138549805,346.3553161621094
EL,2019,11,2.322200059890747,352.2239685058594
EL,2019,12,2.6563286781311035,404.9945068359375
EL,2020,1,2.7146787643432617,381.9375
EL,2020,2,2.758166551589966,457.34295654296875
EL,2020,3,2.680756092071533,473.0697021484375
EL,2020,4,2.7110631465911865,507.0416564941406
EL,2020,5,2.3705179691314697,519.239013671875
EL,2020,6,2.343519687652588,600.5389404296875
EL,2020,7,2.4221913814544678,666.6889038085938
EL,2020,8,2.268470287322998,601.3368530273438
EL,2020,9,2.6699647903442383,610.3657836914062
EL,2020,10,2.19746732711792,433.5101318359375
EL,2020,11,2.47774338722229,400.40850830078125
EL,2020,12,2.5533509254455566,364.2972106933594
EL,2021,1,2.97133469581604,470.4792785644531
EL,2021,2,2.6917026042938232,397.4892272949219
EL,2021,3,2.6843788623809814,561.3872680664062
EL,2021,4,2.506312608718872,494.1915588378906
EL,2021,5,2.4301066398620605,536.9635620117188
EL,2021,6,2.0325911045074463,594.5972900390625
EL,2021,7,2.4611153602600098,735.2540893554688
EL,2021,8,2.3916752338409424,698.978759765625
EL,2021,9,2.4916844367980957,622.9957275390625
EL,2021,10,2.6264302730560303,471.294677734375
EL,2021,11,2.4981706142425537,373.81427001953125
EL,2021,12,2.911928176879883,449.052978515625
EL,2022,1,2.817538261413574,433.1292724609375
EL,2022,2,2.6552305221557617,434.662109375
EL,2022,3,2.873236894607544,613.8999633789062
EL,2022,4,2.5737831592559814,499.766845703125
EL,2022,5,2.16078782081604,512.8440551757812
EL,2022,6,2.334165573120117,619.3140869140625
EL,2022,7,2.6228206157684326,718.2093505859375
EL,2022,8,2.3092970848083496,664.6845092773438
EL,2022,9,2.3226494789123535,537.67919921875
EL,2022,10,2.459645986557007,461.7752685546875
EL,2022,11,2.528762102127075,405.04864501953125
EL,2022,12,2.2047061920166016,292.398193359375
EL,2023,1,2.503746747970581,389.3052978515625
EL,2023,2,2.848748207092285,488.01483154296875
EL,2023,3,2.6067140102386475,498.3612365722656
EL,2023,4,2.393934726715088,537.0003051757812
EL,2023,5,2.2621943950653076,476.98114013671875
EL,2023,6,2.016223192214966,507.6614685058594
EL,2023,7,2.3318238258361816,641.75341796875
EL,2023,8,2.5877931118011475,726.146484375
EL,2023,9,2.551530361175537,529.4376220703125
EL,2023,10,2.104727268218994,390.3007507324219
EL,2023,11,2.7036566734313965,454.63214111328125
EL,2023,12,2.3287336826324463,291.96893310546875
EL,2024,1,2.966391086578369,457.4449157714844
EL,2024,2,2.521533966064453,386.28582763671875
EL,2024,3,2.324147939682007,430.5787658691406
EL,2024,4,2.5971405506134033,537.3607177734375
EL,2024,5,2.361368417739868,536.4656982421875
EL,2024,6,2.352644920349121,583.75830078125
EL,2024,7,2.496964931488037,719.4016723632812
EL,2024,8,2.205624580383301,635.685791015625
EL,2024,9,2.1640517711639404,550.5741577148438
EL,2024,10,2.312366247177124,423.1697692871094
EL,2024,11,2.5517210960388184,397.8172912597656
EL,2024,12,2.567465305328369,355.6636047363281
ES,2019,1,3.0960254669189453,406.84454345703125
ES,2019,2,2.622762441635132,383.49615478515625
ES,2019,3,2.9889473915100098,606.1826171875
ES,2019,4,3.2459726333618164,710.6196899414062
ES,2019,5,3.1158902645111084,765.5907592773438
ES,2019,6,2.9004569053649902,834.533203125
ES,2019,7,2.7175915241241455,797.9705810546875
ES,2019,8,2.491497278213501,739.8760375976562
ES,2019,9,2.7179577350616455,609.4467163085938
ES,2019,10,2.6099300384521484,488.70501708984375
ES,2019,11,3.986030101776123,654.511474609375
ES,2019,12,3.2951416969299316,438.6784973144531
ES,2020,1,2.7318034172058105,342.7722473144531
ES,2020,2,2.5163931846618652,343.053955078125
ES,2020,3,3.3387205600738525,617.0414428710938
ES,2020,4,2.624372959136963,540.0551147460938
ES,2020,5,2.6311893463134766,619.96337890625
ES,2020,6,2.7753329277038574,795.3978271484375
ES,2020,7,2.6356611251831055,769.5673828125
ES,2020,8,2.625598907470703,740.7005004882812
ES,2020,9,2.6510353088378906,660.3206176757812
ES,2020,10,3.1033194065093994,570.2673950195312
ES,2020,11,2.4801900386810303,323.41357421875
ES,2020,12,3.428415298461914,496.7779541015625
ES,2021,1,3.3875372409820557,457.4562072753906
ES,2021,2,3.331190586090088,503.3957214355469
ES,2021,3,2.8895862102508545,535.5961303710938
ES,2021,4,2.5964293479919434,565.9146728515625
ES,2021,5,2.927011251449585,729.5175170898438
ES,2021,6,2.6544861793518066,746.3133544921875
ES,2021,7,2.8381800651550293,801.6213989257812
ES,2021,8,2.5736238956451416,721.1480102539062
ES,2021,9,2.4544215202331543,566.8396606445312
ES,2021,10,2.4874775409698486,456.6404724121094
ES,2021,11,3.0604569911956787,473.2296142578125
ES,2021,12,3.1500422954559326,405.09796142578125
ES,2022,1,2.5674004554748535,298.4636535644531
ES,2022,2,2.523648262023926,364.47369384765625
ES,2022,3,3.3778281211853027,581.2017211914062
ES,2022,4,3.191638946533203,663.9364013671875
ES,2022,5,2.7623136043548584,705.97314453125
ES,2022,6,2.8108322620391846,805.8699340820312
ES,2022,7,2.683872938156128,825.2818603515625
ES,2022,8,2.6352689266204834,784.2747802734375
ES,2022,9,2.717592239379883,663.7186889648438
ES,2022,10,2.686450481414795,504.7667541503906
ES,2022,11,3.1353070735931396,487.29949951171875
ES,2022,12,2.853053331375122,372.1375732421875
ES,2023,1,3.2724242210388184,482.41461181640625
ES,2023,2,2.7187132835388184,411.37408447265625
ES,2023,3,3.112651824951172,602.7260131835938
ES,2023,4,2.9209070205688477,733.9821166992188
ES,2023,5,2.9143247604370117,791.7118530273438
ES,2023,6,2.274463653564453,644.07861328125
ES,2023,7,2.6951029300689697,781.8646240234375
ES,2023,8,2.783026695251465,780.5137329101562
ES,2023,9,2.416137933731079,560.48828125
ES,2023,10,3.0462846755981445,601.1600341796875
ES,2023,11,3.3391125202178955,506.6360168457031
ES,2023,12,2.599247455596924,316.49554443359375
ES,2024,1,2.699875831604004,337.17474365234375
ES,2024,2,3.420128345489502,533.2867431640625
ES,2024,3,3.569709539413452,629.7418823242188
ES,2024,4,2.992614984512329,635.0578002929688
ES,2024,5,2.823918581008911,737.1410522460938
ES,2024,6,2.765676498413086,721.2942504882812
ES,2024,7,2.6820614337921143,761.22216796875
ES,2024,8,2.5272605419158936,734.456787109375
ES,2024,9,2.745121717453003,617.4747924804688
ES,2024,10,3.0634329319000244,517.9191284179688
ES,2024,11,2.6524784564971924,356.6028137207031
ES,2024,12,2.5942294597625732,320.8416442871094
FI,2019,1,3.1630008220672607,294.7551574707031
FI,2019,2,3.960428476333618,438.6689453125
FI,2019,3,3.8990132808685303,498.89190673828125
FI,2019,4,3.057940721511841,451.59014892578125
FI,2019,5,3.367180585861206,681.28076171875
FI,2019,6,3.3250417709350586,775.840087890625
FI,2019,7,2.9792640209198,721.5303955078125
FI,2019,8,3.2321717739105225,605.111083984375
FI,2019,9,3.327742099761963,526.0228881835938
FI,2019,10,3.2713654041290283,449.34527587890625
FI,2019,11,3.0496764183044434,334.93975830078125
FI,2019,12,3.6960525512695312,424.4273681640625
FI,2020,1,4.3473334312438965,502.353271484375
FI,2020,2,4.147040367126465,486.3148498535156
FI,2020,3,4.137996673583984,575.902587890625
FI,2020,4,3.7541606426239014,699.1680297851562
FI,2020,5,2.93719482421875,699.5104370117188
FI,2020,6,2.9762699604034424,785.4981689453125
FI,2020,7,3.0252208709716797,663.408935546875
FI,2020,8,2.8887107372283936,596.3770751953125
FI,2020,9,3.776236057281494,555.8067626953125
FI,2020,10,3.4645447731018066,449.5400695800781
FI,2020,11,4.342618465423584,567.8912353515625
FI,2020,12,3.625530481338501,454.2374267578125
FI,2021,1,3.122936964035034,306.9524230957031
FI,2021,2,3.288668155670166,322.0905456542969
FI,2021,3,3.90797758102417,503.3988342285156
FI,2021,4,3.403895378112793,564.4818115234375
FI,2021,5,3.1914267539978027,626.6332397460938
FI,2021,6,3.00616717338562,738.5271606445312
FI,2021,7,3.0682270526885986,797.4261474609375
FI,2021,8,3.29001522064209,609.0560302734375
FI,2021,9,3.339150905609131,574.1350708007812
FI,2021,10,4.114072322845459,558.2090454101562
FI,2021,11,3.4230880737304688,415.9263610839844
FI,2021,12,3.4283084869384766,356.4055480957031
FI,2022,1,4.187783241271973,444.0812683105469
FI,2022,2,3.751254081726074,410.7357482910156
FI,2022,3,3.5678207874298096,423.24951171875
FI,2022,4,3.1289596557617188,530.7817993164062
FI,2022,5,3.3344688415527344,674.84326171875
FI,2022,6,3.095585346221924,691.0446166992188
FI,2022,7,2.8888909816741943,649.4010009765625
FI,2022,8,3.4144339561462402,649.0759887695312
FI,2022,9,3.1314008235931396,531.3203735351562
FI,2022,10,3.7066807746887207,498.6221923828125
FI,2022,11,2.9700393676757812,381.03076171875
FI,2022,12,3.3450675010681152,359.70465087890625
FI,2023,1,4.064840793609619,454.690673828125
FI,2023,2,3.7592222690582275,443.3222351074219
FI,2023,3,3.28549861907959,393.24658203125
FI,2023,4,3.012537956237793,408.562744140625
FI,2023,5,3.348799467086792,707.0745239257812
FI,2023,6,2.8284807205200195,774.5692138671875
FI,2023,7,2.7641847133636475,612.9872436523438
FI,2023,8,2.982011556625366,542.44970703125
FI,2023,9,3.651855230331421,552.4988403320312
FI,2023,10,3.3662266731262207,475.0343017578125
FI,2023,11,3.2094922065734863,358.79107666015625
FI,2023,12,3.0648579597473145,299.8291931152344
FI,2024,1,3.778562307357788,342.35797119140625
FI,2024,2,3.836507797241211,439.8665771484375
FI,2024,3,2.983168125152588,361.6012268066406
FI,2024,4,3.4250528812408447,536.4654541015625
FI,2024,5,2.863076686859131,658.6536865234375
FI,2024,6,2.798520565032959,706.68017578125
FI,2024,7,2.8568639755249023,614.1221923828125
FI,2024,8,3.3493635654449463,637.908935546875
FI,2024,9,3.5203309059143066,548.4376831054688
FI,2024,10,3.8721837997436523,497.01312255859375
FI,2024,11,3.932340621948242,440.2761535644531
FI,2024,12,4.124167442321777,480.47174072265625
FR,2019,1,3.4598381519317627,473.17999267578125
FR,2019,2,3.0921390056610107,353.01422119140625
FR,2019,3,4.08400821685791,692.6669921875
FR,2019,4,3.230128049850464,608.40283203125
FR,2019,5,3.2449111938476562,668.3275146484375
FR,2019,6,2.913728713989258,581.4554443359375
FR,2019,7,2.8371851444244385,710.1775512695312
FR,2019,8,2.5685813426971436,611.1483764648438
FR,2019,9,3.2675466537475586,630.9678955078125
FR,2019,10,3.4962656497955322,503.5316467285156
FR,2019,11,3.6298608779907227,485.9197082519531
FR,2019,12,4.049747467041016,523.7972412109375
FR,2020,1,3.5559957027435303,410.2163391113281
FR,2020,2,4.640423774719238,682.6463012695312
FR,2020,3,3.7689387798309326,597.3065795898438
FR,2020,4,2.841371536254883,532.7847290039062
FR,2020,5,3.2197251319885254,632.748046875
FR,2020,6,2.9800069332122803,665.6829223632812
FR,2020,7,2.937037229537964,727.6178588867188
FR,2020,8,2.8279645442962646,665.831298828125
FR,2020,9,2.840599775314331,567.9405517578125
FR,2020,10,3.8634989261627197,581.6903686523438
FR,2020,11,3.0662121772766113,342.50048828125
FR,2020,12,3.872736692428589,485.253173828125
FR,2021,1,3.6157402992248535,474.8495788574219
FR,2021,2,3.7673768997192383,459.8485107421875
FR,2021,3,3.3934266567230225,563.4371948242188
FR,2021,4,3.2110800743103027,628.032958984375
FR,2021,5,3.653836488723755,733.9421997070312
FR,2021,6,2.54915452003479,558.0668334960938
FR,2021,7,2.981733560562134,592.3594970703125
FR,2021,8,2.932931661605835,615.064453125
FR,2021,9,2.538374662399292,453.4345397949219
FR,2021,10,3.2371318340301514,461.2328796386719
FR,2021,11,2.9836881160736084,386.37664794921875
FR,2021,12,3.521660804748535,391.0547180175781
FR,2022,1,2.9605836868286133,344.0760192871094
FR,2022,2,3.9663383960723877,568.8974609375
FR,2022,3,3.263641119003296,489.86566162109375
FR,2022,4,3.4397342205047607,611.53515625
FR,2022,5,2.8281538486480713,618.254638671875
FR,2022,6,2.8203446865081787,597.552734375
FR,2022,7,2.8266448974609375,690.2243041992188
FR,2022,8,2.7455625534057617,655.488037109375
FR,2022,9,2.919297695159912,562.737548828125
FR,2022,10,3.1754114627838135,434.07012939453125
FR,2022,11,3.620249032974243,483.5765380859375
FR,2022,12,3.4294674396514893,387.687744140625
FR,2023,1,4.000471591949463,561.9563598632812
FR,2023,2,2.9927313327789307,396.2420959472656
FR,2023,3,3.998839855194092,644.1445922851562
FR,2023,4,3.3903369903564453,626.271240234375
FR,2023,5,3.338627338409424,617.558837890625
FR,2023,6,2.6285781860351562,622.0833129882812
FR,2023,7,3.185495138168335,731.2009887695312
FR,2023,8,3.022001028060913,626.4474487304688
FR,2023,9,2.6466968059539795,483.7730712890625
FR,2023,10,3.439603567123413,503.2068786621094
FR,2023,11,4.188107967376709,608.8956298828125
FR,2023,12,3.9428186416625977,494.2690124511719
FR,2024,1,3.528909921646118,422.4181823730469
FR,2024,2,3.727803945541382,501.7022705078125
FR,2024,3,3.4809422492980957,562.371826171875
FR,2024,4,3.7474138736724854,690.2601318359375
FR,2024,5,2.8314785957336426,548.1399536132812
FR,2024,6,2.868860960006714,586.6928100585938
FR,2024,7,2.612030506134033,555.0504760742188
FR,2024,8,2.5798680782318115,545.4970703125
FR,2024,9,3.3835930824279785,584.6444702148438
FR,2024,10,3.000507116317749,402.5755310058594
FR,2024,11,3.1887381076812744,378.21905517578125
FR,2024,12,3.3877289295196533,424.0382080078125
HR,2019,1,2.762199878692627,414.6308288574219
HR,2019,2,2.8069424629211426,413.1199951171875
HR,2019,3,2.8379387855529785,496.6761474609375
HR,2019,4,2.5597782135009766,520.5765380859375
HR,2019,5,2.7111902236938477,543.2429809570312
HR,2019,6,2.0793137550354004,462.71026611328125
HR,2019,7,2.0095272064208984,536.5721435546875
HR,2019,8,2.018505811691284,470.861083984375
HR,2019,9,2.1517720222473145,413.3630676269531
HR,2019,10,2.1438117027282715,310.373291015625
HR,2019,11,2.7485079765319824,355.6443786621094
HR,2019,12,2.803431749343872,363.6634826660156
HR,2020,1,2.0196783542633057,198.6405487060547
HR,2020,2,2.983489513397217,490.8047180175781
HR,2020,3,3.1161863803863525,576.4496459960938
HR,2020,4,2.6397416591644287,585.4487915039062
HR,2020,5,2.7266178131103516,614.3012084960938
HR,2020,6,2.398861885070801,584.13037109375
HR,2020,7,2.1671266555786133,603.4578247070312
HR,2020,8,2.1692373752593994,478.9005126953125
HR,2020,9,2.27091383934021,452.6531677246094
HR,2020,10,2.4720499515533447,386.7312927246094
HR,2020,11,1.953345537185669,244.06640625
HR,2020,12,2.551096200942993,314.60833740234375
HR,2021,1,2.7393717765808105,363.9754333496094
HR,2021,2,2.679150104522705,387.13079833984375
HR,2021,3,2.6422040462493896,534.0513916015625
HR,2021,4,2.640286445617676,568.0694580078125
HR,2021,5,2.662055730819702,573.2989501953125
HR,2021,6,2.0574398040771484,642.5113525390625
HR,2021,7,2.2250022888183594,594.2568359375
HR,2021,8,2.1237802505493164,546.3854370117188
HR,2021,9,2.050187826156616,464.4114685058594
HR,2021,10,2.6337544918060303,386.3728942871094
HR,2021,11,2.4196524620056152,291.0504455566406
HR,2021,12,2.5935332775115967,327.9148864746094
HR,2022,1,2.5125513076782227,308.80987548828125
HR,2022,2,2.8225598335266113,436.3719787597656
HR,2022,3,2.5848066806793213,486.8464660644531
HR,2022,4,2.7960689067840576,595.9617309570312
HR,2022,5,2.053912401199341,484.216796875
HR,2022,6,2.267134428024292,574.9550170898438
HR,2022,7,2.3189213275909424,694.7177124023438
HR,2022,8,2.2651095390319824,561.5153198242188
HR,2022,9,2.281344175338745,457.5738525390625
HR,2022,10,1.8161382675170898,254.13848876953125
HR,2022,11,2.3635005950927734,289.5388488769531
HR,2022,12,2.262946367263794,266.4786682128906
HR,2023,1,2.7711222171783447,370.9101257324219
HR,2023,2,2.692603826522827,403.4402160644531
HR,2023,3,2.737293243408203,484.8770751953125
HR,2023,4,2.6513891220092773,573.8201904296875
HR,2023,5,2.5616979598999023,497.82562255859375
HR,2023,6,2.0460855960845947,512.9059448242188
HR,2023,7,2.0198512077331543,541.4940795898438
HR,2023,8,2.109381675720215,497.6706237792969
HR,2023,9,2.4184224605560303,491.51458740234375
HR,2023,10,2.608433485031128,407.05670166015625
HR,2023,11,2.7894206047058105,416.17572021484375
HR,2023,12,2.457935333251953,271.564697265625
HR,2024,1,2.643684148788452,312.93487548828125
HR,2024,2,2.515807867050171,364.8780212402344
HR,2024,3,2.568314552307129,466.37921142578125
HR,2024,4,2.6966631412506104,554.5116577148438
HR,2024,5,2.249232292175293,518.25244140625
HR,2024,6,2.0439486503601074,496.3311462402344
HR,2024,7,2.1425015926361084,624.4024047851562
HR,2024,8,1.9189749956130981,552.5081787109375
HR,2024,9,2.547330379486084,520.0942993164062
HR,2024,10,2.1768922805786133,316.0007019042969
HR,2024,11,2.339303731918335,303.9418029785156
HR,2024,12,2.66798996925354,338.3656311035156
HU,2019,1,3.247185230255127,416.1116943359375
HU,2019,2,3.063857078552246,397.6653747558594
HU,2019,3,3.2361435890197754,621.5458374023438
HU,2019,4,3.358522653579712,678.5753173828125
HU,2019,5,3.1953678131103516,592.1797485351562
HU,2019,6,2.474318504333496,581.147216796875
HU,2019,7,2.492145538330078,688.4829711914062
HU,2019,8,2.465451955795288,554.0702514648438
HU,2019,9,2.5365867614746094,512.7702026367188
HU,2019,10,2.601588487625122,353.9007263183594
HU,2019,11,3.0544230937957764,339.5028381347656
HU,2019,12,3.182321548461914,353.2884521484375
HU,2020,1,2.1703784465789795,208.6311492919922
HU,2020,2,3.9772932529449463,573.398193359375
HU,2020,3,3.2826285362243652,559.1383666992188
HU,2020,4,2.8792636394500732,690.0324096679688
HU,2020,5,3.306084394454956,749.9437255859375
HU,2020,6,2.863215446472168,586.4940795898438
HU,2020,7,2.360592842102051,612.3950805664062
HU,2020,8,2.577277660369873,575.6390991210938
HU,2020,9,2.675025463104248,526.2379150390625
HU,2020,10,3.0458059310913086,406.6575622558594
HU,2020,11,1.9209781885147095,247.39541625976562
HU,2020,12,2.7474169731140137,322.4846496582031
HU,2021,1,3.0980889797210693,377.7742614746094
HU,2021,2,2.8114452362060547,342.78521728515625
HU,2021,3,3.046553373336792,537.3572387695312
HU,2021,4,3.1110646724700928,647.206787109375
HU,2021,5,3.247624397277832,664.571533203125
HU,2021,6,2.5768563747406006,811.3136596679688
HU,2021,7,2.67936635017395,695.5848999023438
HU,2021,8,2.4341046810150146,604.3923950195312
HU,2021,9,2.434847831726074,512.3636474609375
HU,2021,10,2.6876418590545654,379.6063537597656
HU,2021,11,2.5628867149353027,285.0158996582031
HU,2021,12,3.02364182472229,340.4428405761719
HU,2022,1,3.4187395572662354,459.5992431640625
HU,2022,2,3.6403963565826416,531.9590454101562
HU,2022,3,2.7897567749023438,500.18707275390625
HU,2022,4,3.1876933574676514,672.6060180664062
HU,2022,5,2.4929540157318115,674.6142578125
HU,2022,6,2.7541794776916504,782.444580078125
HU,2022,7,2.8947198390960693,887.1005859375
HU,2022,8,2.5882277488708496,668.044921875
HU,2022,9,2.6563644409179688,511.471923828125
HU,2022,10,2.299711227416992,307.0705261230469
HU,2022,11,2.3359060287475586,249.79971313476562
HU,2022,12,2.6314315795898438,278.8502502441406
HU,2023,1,3.10860013961792,361.6574401855469
HU,2023,2,3.2477774620056152,476.3533630371094
HU,2023,3,3.369065761566162,554.297119140625
HU,2023,4,3.0710761547088623,613.959716796875
HU,2023,5,2.907865285873413,579.8191528320312
HU,2023,6,2.4127259254455566,612.2708740234375
HU,2023,7,2.563636541366577,686.5009765625
HU,2023,8,2.412597894668579,559.6513061523438
HU,2023,9,2.6079394817352295,509.4004211425781
HU,2023,10,3.125455617904663,453.6361999511719
HU,2023,11,3.4443485736846924,438.35626220703125
HU,2023,12,2.845550298690796,279.2846374511719
HU,2024,1,3.285187005996704,355.17645263671875
HU,2024,2,3.233325719833374,423.2723388671875
HU,2024,3,3.0654501914978027,503.0078125
HU,2024,4,3.2093639373779297,614.661865234375
HU,2024,5,2.7021677494049072,637.7909545898438
HU,2024,6,2.414599657058716,560.03125
HU,2024,7,2.5853281021118164,698.6834106445312
HU,2024,8,2.453731060028076,634.2445678710938
HU,2024,9,3.099536657333374,563.953857421875
HU,2024,10,2.562356948852539,318.1511535644531
HU,2024,11,2.4482262134552,276.88568115234375
HU,2024,12,2.6318581104278564,289.1213684082031
IE,2019,1,3.981477737426758,572.472900390625
IE,2019,2,5.383760929107666,749.6231689453125
IE,2019,3,5.069467544555664,841.2274169921875
IE,2019,4,4.421747207641602,690.410400390625
IE,2019,5,3.502937078475952,660.1034545898438
IE,2019,6,4.000635623931885,710.972412109375
IE,2019,7,3.635415554046631,655.6156005859375
IE,2019,8,4.444563865661621,723.986572265625
IE,2019,9,4.16085147857666,639.8363037109375
IE,2019,10,4.497434139251709,685.5595092773438
IE,2019,11,4.183591365814209,553.511962890625
IE,2019,12,5.029582500457764,659.9364624023438
IE,2020,1,5.070065021514893,724.9306640625
IE,2020,2,6.779005527496338,1115.758544921875
IE,2020,3,4.999650001525879,825.65380859375
IE,2020,4,3.481794595718384,568.479248046875
IE,2020,5,4.061277866363525,742.5048217773438
IE,2020,6,4.243494987487793,737.5067138671875
IE,2020,7,4.175969123840332,700.284912109375
IE,2020,8,3.8136818408966064,610.5328369140625
IE,2020,9,4.122851371765137,644.0697631835938
IE,2020,10,5.074387550354004,800.0364379882812
IE,2020,11,4.701906681060791,664.9364624023438
IE,2020,12,5.039012432098389,713.7025146484375
IE,2021,1,4.037412643432617,493.905517578125
IE,2021,2,5.722471237182617,873.9862670898438
IE,2021,3,4.545570373535156,728.4096069335938
IE,2021,4,3.5049588680267334,648.6528930664062
IE,2021,5,3.925715684890747,750.4030151367188
IE,2021,6,3.713416814804077,666.9857177734375
IE,2021,7,2.763808012008667,506.6416015625
IE,2021,8,3.442375421524048,599.8431396484375
IE,2021,9,3.3912172317504883,548.458984375
IE,2021,10,4.4389872550964355,673.7332763671875
IE,2021,11,4.349828243255615,662.9105834960938
IE,2021,12,4.824681758880615,661.658935546875
IE,2022,1,4.293793201446533,624.0597534179688
IE,2022,2,6.470613479614258,1080.4163818359375
IE,2022,3,4.035986423492432,619.7933959960938
IE,2022,4,4.070824146270752,686.4429931640625
IE,2022,5,4.3720808029174805,802.4519653320312
IE,2022,6,4.1424479484558105,751.3600463867188
IE,2022,7,3.466488838195801,615.1312255859375
IE,2022,8,3.3527517318725586,618.1983642578125
IE,2022,9,3.7502458095550537,632.2509155273438
IE,2022,10,5.135944366455078,779.8425903320312
IE,2022,11,5.311859130859375,780.406982421875
IE,2022,12,4.184750556945801,541.3525390625
IE,2023,1,4.882489204406738,720.4967041015625
IE,2023,2,4.680356979370117,734.132080078125
IE,2023,3,4.5128960609436035,704.5535278320312
IE,2023,4,4.181392669677734,706.6348266601562
IE,2023,5,3.340392589569092,615.513671875
IE,2023,6,3.4188499450683594,606.3091430664062
IE,2023,7,4.464441776275635,773.6815795898438
IE,2023,8,4.304187774658203,703.7482299804688
IE,2023,9,4.076360702514648,620.3087768554688
IE,2023,10,3.9080066680908203,537.78955078125
IE,2023,11,4.5505595207214355,661.9956665039062
IE,2023,12,5.768023490905762,831.1431274414062
IE,2024,1,4.675105571746826,669.2924194335938
IE,2024,2,4.737053871154785,677.1295776367188
IE,2024,3,4.869243144989014,738.4619750976562
IE,2024,4,4.596736907958984,817.15966796875
IE,2024,5,3.4261887073516846,589.4912109375
IE,2024,6,4.033041477203369,788.4027709960938
IE,2024,7,3.6027169227600098,660.42041015625
IE,2024,8,4.931621551513672,835.9243774414062
IE,2024,9,4.021589279174805,616.6227416992188
IE,2024,10,4.4278974533081055,645.565185546875
IE,2024,11,3.846090793609619,506.7606506347656
IE,2024,12,5.082861423492432,747.6463012695312
IS,2019,1,4.111195087432861,393.8006286621094
IS,2019,2,4.846116065979004,507.1146240234375
IS,2019,3,4.575514793395996,597.890380859375
IS,2019,4,4.1866865158081055,517.1458740234375
IS,2019,5,3.254467248916626,558.1041870117188
IS,2019,6,3.7755167484283447,609.0262451171875
IS,2019,7,3.0623810291290283,431.58709716796875
IS,2019,8,3.782015085220337,536.9425659179688
IS,2019,9,3.460618495941162,426.9024353027344
IS,2019,10,4.485435962677002,553.9443969726562
IS,2019,11,3.3224937915802,280.82958984375
IS,2019,12,4.977975368499756,514.820068359375
IS,2020,1,5.724114894866943,731.8365478515625
IS,2020,2,4.73364782333374,504.465087890625
IS,2020,3,5.081366539001465,629.3297119140625
IS,2020,4,4.1518731117248535,503.900146484375
IS,2020,5,4.124034404754639,668.48291015625
IS,2020,6,3.5191121101379395,558.3295288085938
IS,2020,7,3.2269794940948486,527.849365234375
IS,2020,8,3.352731466293335,469.19000244140625
IS,2020,9,4.319763660430908,579.1309204101562
IS,2020,10,3.5577340126037598,379.9643859863281
IS,2020,11,4.669547080993652,544.4214477539062
IS,2020,12,5.493590354919434,603.8012084960938
IS,2021,1,4.70373010635376,501.22821044921875
IS,2021,2,4.141738414764404,424.7740173339844
IS,2021,3,4.33988094329834,494.86700439453125
IS,2021,4,3.913620710372925,510.92852783203125
IS,2021,5,3.5804073810577393,609.727294921875
IS,2021,6,4.005384922027588,604.8980102539062
IS,2021,7,3.3179426193237305,491.0712585449219
IS,2021,8,2.761075019836426,392.05242919921875
IS,2021,9,4.339878082275391,589.9929809570312
IS,2021,10,4.310929298400879,459.9403991699219
IS,2021,11,4.241926193237305,473.71966552734375
IS,2021,12,3.786400079727173,326.9848327636719
IS,2022,1,5.881361961364746,774.2910766601562
IS,2022,2,4.951889514923096,526.74072265625
IS,2022,3,4.642326831817627,565.667236328125
IS,2022,4,3.2249488830566406,355.6419982910156
IS,2022,5,3.3108465671539307,459.0936584472656
IS,2022,6,3.7315001487731934,570.180908203125
IS,2022,7,3.2977957725524902,504.011962890625
IS,2022,8,3.7030251026153564,527.3095703125
IS,2022,9,3.192166566848755,384.96636962890625
IS,2022,10,3.7829232215881348,369.9906921386719
IS,2022,11,4.455592632293701,454.04833984375
IS,2022,12,4.091333866119385,417.84033203125
IS,2023,1,4.643476963043213,499.0259704589844
IS,2023,2,5.369020462036133,679.4918212890625
IS,2023,3,4.464167594909668,527.5939331054688
IS,2023,4,3.616680145263672,469.08673095703125
IS,2023,5,4.473846912384033,654.7859497070312
IS,2023,6,3.6440482139587402,560.4345703125
IS,2023,7,3.3091628551483154,470.48736572265625
IS,2023,8,2.630718469619751,393.0462646484375
IS,2023,9,4.318410396575928,568.8147583007812
IS,2023,10,4.085817813873291,464.1595153808594
IS,2023,11,4.000209331512451,414.8049011230469
IS,2023,12,3.6997897624969482,349.56781005859375
IS,2024,1,4.429748058319092,481.4422912597656
IS,2024,2,3.872143030166626,367.87908935546875
IS,2024,3,4.576386451721191,517.5899658203125
IS,2024,4,3.912200450897217,472.1015319824219
IS,2024,5,3.2359275817871094,468.45855712890625
IS,2024,6,4.10802698135376,642.61474609375
IS,2024,7,3.728348970413208,543.6026000976562
IS,2024,8,3.9255805015563965,519.3295288085938
IS,2024,9,3.909597158432007,494.7449035644531
IS,2024,10,3.6899302005767822,396.9192199707031
IS,2024,11,5.277359485626221,624.0554809570312
IS,2024,12,4.701756954193115,529.7684936523438
IT,2019,1,2.5933265686035156,355.0611572265625
IT,2019,2,2.616999626159668,364.12322998046875
IT,2019,3,2.690391778945923,466.3968200683594
IT,2019,4,2.3862035274505615,475.03082275390625
IT,2019,5,2.4396345615386963,512.6090698242188
IT,2019,6,1.9844661951065063,464.4652404785156
IT,2019,7,2.012125015258789,543.0569458007812
IT,2019,8,1.770469307899475,470.023193359375
IT,2019,9,1.9869544506072998,425.33233642578125
IT,2019,10,1.9429209232330322,324.1020812988281
IT,2019,11,2.668565511703491,372.5321350097656
IT,2019,12,2.727095127105713,328.17230224609375
IT,2020,1,2.0561389923095703,229.71697998046875
IT,2020,2,2.613572359085083,415.3291320800781
IT,2020,3,2.4737319946289062,454.8781433105469
IT,2020,4,2.1899666786193848,475.3276672363281
IT,2020,5,2.403522253036499,519.2536010742188
IT,2020,6,2.1944475173950195,537.1171875
IT,2020,7,1.9155093431472778,537.5208129882812
IT,2020,8,2.0234158039093018,508.80694580078125
IT,2020,9,2.0513627529144287,465.1568908691406
IT,2020,10,2.2277116775512695,378.51678466796875
IT,2020,11,1.8616576194763184,229.936279296875
IT,2020,12,2.343203544616699,286.7164611816406
IT,2021,1,2.6911587715148926,341.8514099121094
IT,2021,2,2.2945444583892822,313.5304260253906
IT,2021,3,2.298182249069214,462.0033264160156
IT,2021,4,2.348867416381836,504.67071533203125
IT,2021,5,2.457814931869507,531.5477905273438
IT,2021,6,1.9498810768127441,511.90252685546875
IT,2021,7,2.1825387477874756,541.922119140625
IT,2021,8,2.113431692123413,548.8189086914062
IT,2021,9,1.8772855997085571,433.57763671875
IT,2021,10,2.3004064559936523,403.1056213378906
IT,2021,11,2.407686710357666,301.4867248535156
IT,2021,12,2.4848527908325195,289.93914794921875
IT,2022,1,2.397458553314209,289.0889892578125
IT,2022,2,2.5112345218658447,386.19049072265625
IT,2022,3,2.3729498386383057,456.5436096191406
IT,2022,4,2.6217024326324463,531.2295532226562
IT,2022,5,2.055570602416992,450.7857971191406
IT,2022,6,2.163032054901123,538.5108032226562
IT,2022,7,1.998314380645752,610.3671875
IT,2022,8,1.9814285039901733,545.5122680664062
IT,2022,9,2.260342597961426,497.9493103027344
IT,2022,10,1.7491313219070435,272.712158203125
IT,2022,11,2.254206895828247,304.68426513671875
IT,2022,12,1.9787795543670654,204.63211059570312
IT,2023,1,2.4155068397521973,329.2729187011719
IT,2023,2,2.283273935317993,338.6898498535156
IT,2023,3,2.527230739593506,445.82391357421875
IT,2023,4,2.3978660106658936,531.8214111328125
IT,2023,5,2.144817352294922,432.636962890625
IT,2023,6,1.8038347959518433,445.1444396972656
IT,2023,7,2.0333974361419678,510.4198913574219
IT,2023,8,2.1707446575164795,563.6149291992188
IT,2023,9,2.0964365005493164,452.3514709472656
IT,2023,10,2.225628614425659,386.5412292480469
IT,2023,11,2.745201587677002,414.5932922363281
IT,2023,12,2.3298213481903076,267.2052307128906
IT,2024,1,2.401104211807251,285.2214660644531
IT,2024,2,2.3052382469177246,308.7262268066406
IT,2024,3,2.4694466590881348,406.4098815917969
IT,2024,4,2.426980495452881,489.6197204589844
IT,2024,5,2.098130226135254,455.6756286621094
IT,2024,6,2.0582571029663086,464.77960205078125
IT,2024,7,1.9310448169708252,523.6962890625
IT,2024,8,1.7262811660766602,493.776611328125
IT,2024,9,2.2432405948638916,479.59033203125
IT,2024,10,2.020545244216919,308.12115478515625
IT,2024,11,2.0869524478912354,284.5319519042969
IT,2024,12,2.4249680042266846,298.2777099609375
LT,2019,1,3.9086050987243652,446.4310607910156
LT,2019,2,4.50814962387085,573.8895874023438
LT,2019,3,4.6300177574157715,744.0408325195312
LT,2019,4,3.540534019470215,715.5699462890625
LT,2019,5,3.5726945400238037,719.4249877929688
LT,2019,6,3.159656047821045,749.0017700195312
LT,2019,7,3.509035348892212,770.0572509765625
LT,2019,8,2.574324369430542,550.9646606445312
LT,2019,9,3.938300371170044,654.0885620117188
LT,2019,10,3.751620292663574,529.9093627929688
LT,2019,11,4.139866352081299,493.4369812011719
LT,2019,12,4.544482231140137,578.0279541015625
LT,2020,1,4.552579402923584,574.6256103515625
LT,2020,2,4.969264507293701,710.191162109375
LT,2020,3,3.8719944953918457,647.6655883789062
LT,2020,4,4.250019073486328,817.977783203125
LT,2020,5,3.9172627925872803,821.6141357421875
LT,2020,6,3.088481903076172,681.016357421875
LT,2020,7,3.308981418609619,754.13427734375
LT,2020,8,2.5146446228027344,562.7211303710938
LT,2020,9,3.9438724517822266,628.5180053710938
LT,2020,10,3.9689431190490723,567.7435302734375
LT,2020,11,4.049895763397217,533.8867797851562
LT,2020,12,4.511449813842773,503.4579162597656
LT,2021,1,3.59829044342041,396.8263244628906
LT,2021,2,3.6993906497955322,384.5472412109375
LT,2021,3,3.940680503845215,626.6673583984375
LT,2021,4,3.9566214084625244,709.0548706054688
LT,2021,5,3.7952382564544678,701.0217895507812
LT,2021,6,2.6427314281463623,624.6551513671875
LT,2021,7,2.849609375,695.8895263671875
LT,2021,8,3.371891736984253,597.6318359375
LT,2021,9,3.8148810863494873,641.7003784179688
LT,2021,10,4.363178253173828,555.3303833007812
LT,2021,11,4.276976108551025,578.9999389648438
LT,2021,12,3.9619367122650146,460.1255187988281
LT,2022,1,4.847207546234131,677.8095703125
LT,2022,2,4.93817138671875,693.0389404296875
LT,2022,3,3.0042972564697266,487.69561767578125
LT,2022,4,3.9636683464050293,761.9960327148438
LT,2022,5,3.6280677318573,728.22900390625
LT,2022,6,2.78914213180542,574.809326171875
LT,2022,7,3.1265251636505127,634.2490234375
LT,2022,8,2.796365261077881,540.2617797851562
LT,2022,9,3.1481034755706787,558.7757568359375
LT,2022,10,3.754798650741577,532.2755737304688
LT,2022,11,3.1815905570983887,447.89520263671875
LT,2022,12,3.7846763134002686,407.11187744140625
LT,2023,1,4.438194751739502,547.5099487304688
LT,2023,2,4.0884785652160645,624.1395874023438
LT,2023,3,4.234644889831543,654.6907348632812
LT,2023,4,3.425994396209717,648.394287109375
LT,2023,5,2.816629409790039,793.7651977539062
LT,2023,6,2.749481678009033,728.1115112304688
LT,2023,7,3.250690221786499,759.635986328125
LT,2023,8,3.15523099899292,591.2084350585938
LT,2023,9,3.0926475524902344,486.4961853027344
LT,2023,10,4.892213344573975,744.8329467773438
LT,2023,11,3.756680965423584,519.5126953125
LT,2023,12,4.139754772186279,534.297607421875
LT,2024,1,4.393545150756836,505.04815673828125
LT,2024,2,3.9929251670837402,509.71917724609375
LT,2024,3,3.6588852405548096,493.10089111328125
LT,2024,4,3.9137306213378906,609.6353759765625
LT,2024,5,2.9739387035369873,634.3358154296875
LT,2024,6,2.8075575828552246,663.3020629882812
LT,2024,7,3.0837724208831787,655.7030029296875
LT,2024,8,2.8357114791870117,573.322509765625
LT,2024,9,3.254467010498047,512.4681396484375
LT,2024,10,3.467691421508789,469.8014221191406
LT,2024,11,4.184892177581787,600.64892578125
LT,2024,12,4.354609489440918,559.5256958007812
LU,2019,1,3.9902184009552,545.1099853515625
LU,2019,2,3.355422258377075,351.0792236328125
LU,2019,3,4.898868083953857,757.7213745117188
LU,2019,4,3.194667100906372,553.3026733398438
LU,2019,5,3.072692394256592,620.3909301757812
LU,2019,6,3.1060307025909424,604.2310791015625
LU,2019,7,2.6983802318573,667.2861938476562
LU,2019,8,2.707629442214966,598.4788818359375
LU,2019,9,3.414760112762451,595.8514404296875
LU,2019,10,4.027364253997803,530.3516845703125
LU,2019,11,3.7419257164001465,428.759521484375
LU,2019,12,4.3387956619262695,529.5626220703125
LU,2020,1,3.9568004608154297,467.91229248046875
LU,2020,2,5.998027324676514,872.8387451171875
LU,2020,3,4.583961486816406,663.7321166992188
LU,2020,4,3.2306723594665527,589.0447998046875
LU,2020,5,3.2545788288116455,727.2938842773438
LU,2020,6,3.0431442260742188,646.2862548828125
LU,2020,7,3.204923152923584,735.3018188476562
LU,2020,8,3.0076870918273926,695.9342041015625
LU,2020,9,2.8535642623901367,492.197509765625
LU,2020,10,4.416677951812744,638.4524536132812
LU,2020,11,3.2636771202087402,360.0985412597656
LU,2020,12,3.7753748893737793,450.56317138671875
LU,2021,1,3.9731857776641846,494.25701904296875
LU,2021,2,3.8223583698272705,457.3697204589844
LU,2021,3,3.722163438796997,572.9034423828125
LU,2021,4,3.3481979370117188,615.6187744140625
LU,2021,5,4.166800022125244,768.1243286132812
LU,2021,6,2.5645852088928223,506.76171875
LU,2021,7,2.9840476512908936,539.4425048828125
LU,2021,8,3.152024030685425,554.443359375
LU,2021,9,2.43029522895813,386.0183410644531
LU,2021,10,3.58455228805542,477.06475830078125
LU,2021,11,2.965101957321167,360.8932800292969
LU,2021,12,3.4883975982666016,404.2353515625
LU,2022,1,3.3659820556640625,405.0165710449219
LU,2022,2,5.292304039001465,745.7012329101562
LU,2022,3,3.106031894683838,439.9935607910156
LU,2022,4,3.7908787727355957,653.4528198242188
LU,2022,5,3.032693862915039,666.26171875
LU,2022,6,2.67411208152771,530.4453125
LU,2022,7,2.789883852005005,686.8688354492188
LU,2022,8,2.7982161045074463,711.0969848632812
LU,2022,9,2.990445613861084,549.4886474609375
LU,2022,10,3.182870388031006,395.8171081542969
LU,2022,11,3.794884443283081,485.748046875
LU,2022,12,3.8534927368164062,473.87200927734375
LU,2023,1,4.7941789627075195,634.274658203125
LU,2023,2,3.7560324668884277,505.32879638671875
LU,2023,3,4.532000541687012,690.1105346679688
LU,2023,4,3.726785182952881,666.875244140625
LU,2023,5,3.513660430908203,606.2185668945312
LU,2023,6,3.000324249267578,792.0192260742188
LU,2023,7,3.734832286834717,791.1409912109375
LU,2023,8,3.0981106758117676,519.0228271484375
LU,2023,9,2.864288806915283,438.5997619628906
LU,2023,10,3.9343314170837402,505.7112731933594
LU,2023,11,5.120014667510986,722.5418701171875
LU,2023,12,4.932868480682373,638.029052734375
LU,2024,1,4.351930141448975,532.2350463867188
LU,2024,2,4.596898078918457,605.3387451171875
LU,2024,3,3.5824172496795654,534.2445678710938
LU,2024,4,3.979964017868042,689.4113159179688
LU,2024,5,2.9707417488098145,523.174072265625
LU,2024,6,3.009519577026367,572.4693603515625
LU,2024,7,2.710174560546875,550.5762329101562
LU,2024,8,2.7257232666015625,473.17559814453125
LU,2024,9,3.8516013622283936,604.7918701171875
LU,2024,10,3.1102089881896973,379.9554748535156
LU,2024,11,3.510578155517578,442.83868408203125
LU,2024,12,3.908463716506958,467.57977294921875
LV,2019,1,3.9416849613189697,430.8121032714844
LV,2019,2,4.846521377563477,569.8949584960938
LV,2019,3,4.851652145385742,740.8080444335938
LV,2019,4,3.422882080078125,670.2590942382812
LV,2019,5,3.5543675422668457,670.5443725585938
LV,2019,6,3.2211174964904785,689.2545166015625
LV,2019,7,3.4055206775665283,668.2543334960938
LV,2019,8,2.87668776512146,539.7743530273438
LV,2019,9,3.875941276550293,637.50927734375
LV,2019,10,3.9052159786224365,558.1559448242188
LV,2019,11,4.058874607086182,473.6352844238281
LV,2019,12,4.774277687072754,607.0551147460938
LV,2020,1,5.0062360763549805,628.892578125
LV,2020,2,5.209151268005371,741.3229370117188
LV,2020,3,4.149324893951416,652.5003051757812
LV,2020,4,4.478529453277588,800.631591796875
LV,2020,5,3.8935883045196533,764.65771484375
LV,2020,6,3.087458848953247,646.7432250976562
LV,2020,7,3.537384033203125,726.1494750976562
LV,2020,8,2.772721767425537,521.4979248046875
LV,2020,9,4.30230188369751,636.6447143554688
LV,2020,10,4.0933685302734375,590.315673828125
LV,2020,11,4.4691548347473145,592.4583740234375
LV,2020,12,4.545516490936279,519.3732299804688
LV,2021,1,3.700451612472534,420.75592041015625
LV,2021,2,3.794013500213623,409.9916687011719
LV,2021,3,4.280071258544922,647.19091796875
LV,2021,4,4.207131862640381,706.4417114257812
LV,2021,5,3.8481578826904297,677.42822265625
LV,2021,6,2.711077928543091,611.571533203125
LV,2021,7,3.0590660572052,720.8382568359375
LV,2021,8,3.8172919750213623,648.3970947265625
LV,2021,9,4.0905327796936035,668.1968383789062
LV,2021,10,4.64321756362915,600.806640625
LV,2021,11,4.407344818115234,583.8388061523438
LV,2021,12,4.145562648773193,484.650634765625
LV,2022,1,4.8008880615234375,610.9269409179688
LV,2022,2,4.969567775726318,653.5145874023438
LV,2022,3,3.1704354286193848,482.4523010253906
LV,2022,4,4.101648807525635,749.7100830078125
LV,2022,5,3.8379459381103516,746.6029052734375
LV,2022,6,2.915541410446167,595.92822265625
LV,2022,7,3.149186372756958,653.7247314453125
LV,2022,8,2.8546159267425537,511.8565979003906
LV,2022,9,3.2883102893829346,552.4468383789062
LV,2022,10,4.128528118133545,581.1808471679688
LV,2022,11,3.5061962604522705,480.1583557128906
LV,2022,12,3.931908369064331,408.47161865234375
LV,2023,1,4.660070896148682,546.437255859375
LV,2023,2,4.2336626052856445,562.0368041992188
LV,2023,3,4.36901330947876,608.8278198242188
LV,2023,4,3.4515867233276367,619.36474609375
LV,2023,5,2.923462390899658,781.8779907226562
LV,2023,6,2.9710381031036377,743.5449829101562
LV,2023,7,3.531529188156128,749.08447265625
LV,2023,8,3.2742955684661865,539.9386596679688
LV,2023,9,3.3644254207611084,504.6997375488281
LV,2023,10,5.054448127746582,748.3771362304688
LV,2023,11,3.4930484294891357,477.7231750488281
LV,2023,12,3.7308261394500732,444.1426696777344
LV,2024,1,4.455782890319824,489.6095886230469
LV,2024,2,4.023797512054443,479.4428405761719
LV,2024,3,3.5363383293151855,454.9503479003906
LV,2024,4,3.887603759765625,597.1487426757812
LV,2024,5,2.9751648902893066,618.492919921875
LV,2024,6,2.9103481769561768,645.21630859375
LV,2024,7,3.1451690196990967,628.729248046875
LV,2024,8,3.0086286067962646,547.1707153320312
LV,2024,9,3.241744041442871,483.9857177734375
LV,2024,10,3.6499111652374268,484.242919921875
LV,2024,11,4.597794532775879,624.3356323242188
LV,2024,12,4.655251502990723,598.1779174804688
ME,2019,1,2.2484610080718994,338.1323547363281
ME,2019,2,2.674872875213623,484.0374450683594
ME,2019,3,2.3359155654907227,425.0886535644531
ME,2019,4,2.0133681297302246,534.9420776367188
ME,2019,5,1.923620343208313,504.1673583984375
ME,2019,6,1.7117247581481934,479.5211486816406
ME,2019,7,1.7073440551757812,553.6383666992188
ME,2019,8,1.5470713376998901,528.834228515625
ME,2019,9,1.7597010135650635,437.4851379394531
ME,2019,10,1.5682258605957031,277.46392822265625
ME,2019,11,2.5202269554138184,450.32977294921875
ME,2019,12,2.4750914573669434,402.36444091796875
ME,2020,1,1.881530523300171,201.27432250976562
ME,2020,2,2.4144186973571777,434.03900146484375
ME,2020,3,2.163093090057373,474.0152893066406
ME,2020,4,2.1634583473205566,543.0467529296875
ME,2020,5,2.1994969844818115,553.843017578125
ME,2020,6,1.7391703128814697,495.2745666503906
ME,2020,7,1.6762046813964844,530.164306640625
ME,2020,8,1.6573563814163208,456.88568115234375
ME,2020,9,1.9686223268508911,525.668212890625
ME,2020,10,1.9700807332992554,378.2586669921875
ME,2020,11,1.5613447427749634,192.60336303710938
ME,2020,12,2.23984694480896,326.2112731933594
ME,2021,1,2.220738649368286,348.43951416015625
ME,2021,2,2.224151849746704,343.21063232421875
ME,2021,3,2.2283947467803955,491.3656921386719
ME,2021,4,1.978996992111206,467.7057189941406
ME,2021,5,2.1660678386688232,557.9115600585938
ME,2021,6,1.8075391054153442,619.2598266601562
ME,2021,7,1.6981098651885986,647.467041015625
ME,2021,8,1.8271405696868896,656.9065551757812
ME,2021,9,1.651959776878357,487.67291259765625
ME,2021,10,1.9073853492736816,319.6264953613281
ME,2021,11,2.0857994556427,310.1507263183594
ME,2021,12,2.316366672515869,316.6716613769531
ME,2022,1,2.2790117263793945,301.7978210449219
ME,2022,2,2.278596878051758,383.3312072753906
ME,2022,3,2.208679676055908,501.9154052734375
ME,2022,4,2.198251485824585,556.8016357421875
ME,2022,5,1.5968915224075317,471.4610595703125
ME,2022,6,1.8316200971603394,603.8479614257812
ME,2022,7,1.8949731588363647,712.6937866210938
ME,2022,8,1.7232651710510254,578.631591796875
ME,2022,9,1.9819681644439697,477.2312316894531
ME,2022,10,1.6223125457763672,267.4303283691406
ME,2022,11,1.9538987874984741,305.312255859375
ME,2022,12,1.8353418111801147,239.5362091064453
ME,2023,1,2.100966215133667,330.41217041015625
ME,2023,2,2.190356969833374,343.0836486816406
ME,2023,3,2.1532745361328125,458.7413330078125
ME,2023,4,2.046466827392578,544.3336791992188
ME,2023,5,1.9415899515151978,518.0087280273438
ME,2023,6,1.4725526571273804,434.22064208984375
ME,2023,7,1.7261035442352295,543.5848388671875
ME,2023,8,1.8559949398040771,537.7913208007812
ME,2023,9,2.0493245124816895,509.9702453613281
ME,2023,10,2.0955376625061035,419.7423095703125
ME,2023,11,2.3517508506774902,399.3505859375
ME,2023,12,2.1312739849090576,277.3823547363281
ME,2024,1,2.227707862854004,308.8826904296875
ME,2024,2,2.2210869789123535,393.07574462890625
ME,2024,3,2.1361544132232666,482.9806213378906
ME,2024,4,1.9239583015441895,526.6185302734375
ME,2024,5,1.7770628929138184,517.156005859375
ME,2024,6,1.754621982574463,521.9251098632812
ME,2024,7,1.6971036195755005,587.8011474609375
ME,2024,8,1.6843622922897339,631.123291015625
ME,2024,9,1.8306314945220947,472.5765380859375
ME,2024,10,1.6109243631362915,279.2434387207031
ME,2024,11,1.9347403049468994,251.32786560058594
ME,2024,12,1.939159631729126,221.17066955566406
MK,2019,1,1.8702038526535034,250.8412322998047
MK,2019,2,2.2010979652404785,430.15081787109375
MK,2019,3,2.11661434173584,545.185302734375
MK,2019,4,1.8967393636703491,646.0012817382812
MK,2019,5,1.9211193323135376,671.0624389648438
MK,2019,6,1.6978278160095215,692.8450317382812
MK,2019,7,1.747615098953247,822.4805297851562
MK,2019,8,1.6606460809707642,892.9523315429688
MK,2019,9,1.6779439449310303,626.1917114257812
MK,2019,10,1.3989626169204712,352.5475158691406
MK,2019,11,1.8476009368896484,312.4762268066406
MK,2019,12,1.850845456123352,297.6069641113281
MK,2020,1,1.8002362251281738,239.13388061523438
MK,2020,2,2.1215569972991943,394.7734680175781
MK,2020,3,1.8603066205978394,413.15008544921875
MK,2020,4,1.8476430177688599,542.4775390625
MK,2020,5,2.165548801422119,678.7285766601562
MK,2020,6,1.790236234664917,701.7356567382812
MK,2020,7,1.738798975944519,804.40380859375
MK,2020,8,1.56728994846344,576.2119750976562
MK,2020,9,1.823084831237793,626.2969360351562
MK,2020,10,1.7685222625732422,403.1079406738281
MK,2020,11,1.3567273616790771,207.66659545898438
MK,2020,12,1.6651647090911865,229.44931030273438
MK,2021,1,2.0137672424316406,361.1007995605469
MK,2021,2,1.9021543264389038,299.9023742675781
MK,2021,3,2.028782844543457,501.3818664550781
MK,2021,4,1.753905177116394,546.1728515625
MK,2021,5,2.0529658794403076,723.7570190429688
MK,2021,6,1.838294506072998,783.76025390625
MK,2021,7,1.7105668783187866,852.2742309570312
MK,2021,8,1.7616490125656128,856.361572265625
MK,2021,9,1.6272566318511963,616.6051635742188
MK,2021,10,1.6010018587112427,332.5716857910156
MK,2021,11,1.7337539196014404,254.0314483642578
MK,2021,12,1.9813988208770752,311.64019775390625
MK,2022,1,2.035285472869873,341.6096496582031
MK,2022,2,2.0204288959503174,384.5956115722656
MK,2022,3,1.981400728225708,533.3442993164062
MK,2022,4,2.0034000873565674,625.2979736328125
MK,2022,5,1.6465177536010742,704.1992797851562
MK,2022,6,1.7498823404312134,714.27099609375
MK,2022,7,1.8398513793945312,881.51416015625
MK,2022,8,1.676742672920227,711.8309326171875
MK,2022,9,1.739772915840149,526.1282348632812
MK,2022,10,1.5647554397583008,312.14208984375
MK,2022,11,1.6395080089569092,279.54180908203125
MK,2022,12,1.5821493864059448,191.37547302246094
MK,2023,1,1.796104907989502,300.4211730957031
MK,2023,2,2.0464565753936768,434.37872314453125
MK,2023,3,1.9192781448364258,502.3271179199219
MK,2023,4,1.935031771659851,604.6246337890625
MK,2023,5,1.7401143312454224,533.8261108398438
MK,2023,6,1.5068347454071045,553.8302612304688
MK,2023,7,1.821800947189331,787.452880859375
MK,2023,8,1.7750641107559204,764.7297973632812
MK,2023,9,1.7989131212234497,632.5136108398438
MK,2023,10,1.7311574220657349,416.9515686035156
MK,2023,11,1.9809088706970215,340.62945556640625
MK,2023,12,1.7182148694992065,183.27415466308594
MK,2024,1,2.0120325088500977,316.3072509765625
MK,2024,2,1.935006022453308,361.1803894042969
MK,2024,3,1.8460942506790161,462.8919372558594
MK,2024,4,1.7726505994796753,602.4113159179688
MK,2024,5,1.7250927686691284,559.8671264648438
MK,2024,6,1.6761000156402588,723.2034912109375
MK,2024,7,1.7268195152282715,847.5059814453125
MK,2024,8,1.6530991792678833,744.5109252929688
MK,2024,9,1.5823416709899902,524.9126586914062
MK,2024,10,1.531015157699585,306.0444030761719
MK,2024,11,1.6410309076309204,234.4171600341797
MK,2024,12,1.7288031578063965,225.08396911621094
MT,2019,1,8.457271575927734,1112.886474609375
MT,2019,2,6.563662052154541,862.8433227539062
MT,2019,3,6.856033802032471,585.8963623046875
MT,2019,4,6.594422817230225,520.8261108398438
MT,2019,5,6.035924911499023,473.42218017578125
MT,2019,6,3.5095951557159424,183.1575927734375
MT,2019,7,4.249125003814697,336.91900634765625
MT,2019,8,3.0618042945861816,352.72418212890625
MT,2019,9,4.5343403816223145,565.0921020507812
MT,2019,10,5.615035057067871,685.2235717773438
MT,2019,11,7.948713302612305,1035.97509765625
MT,2019,12,8.75420093536377,932.73291015625
MT,2020,1,6.29023551940918,871.6529541015625
MT,2020,2,6.839152812957764,738.8341064453125
MT,2020,3,6.993067741394043,707.1571044921875
MT,2020,4,5.111531734466553,390.4464111328125
MT,2020,5,5.858827114105225,401.06109619140625
MT,2020,6,5.289237976074219,363.29254150390625
MT,2020,7,3.8824377059936523,333.804931640625
MT,2020,8,4.264571666717529,368.01544189453125
MT,2020,9,4.862035751342773,609.22412109375
MT,2020,10,6.197732448577881,807.2352294921875
MT,2020,11,4.915081024169922,790.7235717773438
MT,2020,12,8.115377426147461,1060.5303955078125
MT,2021,1,8.549272537231445,1014.5789184570312
MT,2021,2,6.524360179901123,721.9744262695312
MT,2021,3,6.7319536209106445,762.7971801757812
MT,2021,4,6.552323818206787,556.0218505859375
MT,2021,5,5.047659397125244,276.53057861328125
MT,2021,6,4.063511371612549,235.69610595703125
MT,2021,7,4.165395259857178,292.81439208984375
MT,2021,8,4.127414703369141,337.36993408203125
MT,2021,9,4.834933757781982,579.943359375
MT,2021,10,6.711481094360352,853.4834594726562
MT,2021,11,6.121608257293701,793.7667236328125
MT,2021,12,8.277801513671875,1050.5322265625
MT,2022,1,7.2133331298828125,920.6024780273438
MT,2022,2,7.14330530166626,833.2230834960938
MT,2022,3,7.314125061035156,859.8294677734375
MT,2022,4,7.065073013305664,528.7716064453125
MT,2022,5,4.966849327087402,313.8414611816406
MT,2022,6,3.935831069946289,203.14064025878906
MT,2022,7,3.4560458660125732,320.78759765625
MT,2022,8,3.6782209873199463,443.4422912597656
MT,2022,9,5.034439563751221,624.927734375
MT,2022,10,4.215719699859619,652.5733642578125
MT,2022,11,7.045897483825684,908.6746215820312
MT,2022,12,5.962562561035156,602.0314331054688
MT,2023,1,7.114454746246338,1009.1856079101562
MT,2023,2,5.682436466217041,822.7819213867188
MT,2023,3,6.754461288452148,685.4011840820312
MT,2023,4,6.490530014038086,596.2627563476562
MT,2023,5,6.093445777893066,427.7310485839844
MT,2023,6,4.50762414932251,287.5848083496094
MT,2023,7,3.9130306243896484,264.42852783203125
MT,2023,8,4.470449924468994,449.68377685546875
MT,2023,9,4.801202774047852,568.4966430664062
MT,2023,10,4.3563408851623535,507.68939208984375
MT,2023,11,7.188801288604736,933.90283203125
MT,2023,12,7.629133224487305,917.700927734375
MT,2024,1,6.958815097808838,832.1038208007812
MT,2024,2,7.222288608551025,726.9700317382812
MT,2024,3,6.83969259262085,576.882080078125
MT,2024,4,7.2832112312316895,538.439453125
MT,2024,5,5.0373921394348145,297.236572265625
MT,2024,6,4.057346820831299,210.69435119628906
MT,2024,7,3.928680419921875,277.71527099609375
MT,2024,8,3.4069244861602783,382.7974548339844
MT,2024,9,5.099843502044678,641.74658203125
MT,2024,10,5.083768367767334,685.8569946289062
MT,2024,11,5.0289740562438965,895.1199340820312
MT,2024,12,7.656877040863037,1098.1922607421875
NL,2019,1,4.961294651031494,615.8097534179688
NL,2019,2,4.38353157043457,433.0201416015625
NL,2019,3,5.603771209716797,786.918212890625
NL,2019,4,4.130730152130127,608.6207275390625
NL,2019,5,3.935912609100342,688.9083862304688
NL,2019,6,3.889315605163574,640.4127197265625
NL,2019,7,3.551299571990967,667.69482421875
NL,2019,8,3.9904909133911133,653.4487915039062
NL,2019,9,4.295269012451172,643.6536865234375
NL,2019,10,4.762874603271484,611.7058715820312
NL,2019,11,4.2766499519348145,446.5021667480469
NL,2019,12,5.196934223175049,545.3197631835938
NL,2020,1,5.302981853485107,586.8726196289062
NL,2020,2,7.197371006011963,969.1104736328125
NL,2020,3,5.33114767074585,712.9099731445312
NL,2020,4,3.9602792263031006,596.1393432617188
NL,2020,5,3.997292995452881,750.5328979492188
NL,2020,6,3.8593671321868896,689.7223510742188
NL,2020,7,3.9598171710968018,683.8026733398438
NL,2020,8,3.8241758346557617,626.4277954101562
NL,2020,9,3.7964870929718018,505.0440979003906
NL,2020,10,5.215379238128662,682.23876953125
NL,2020,11,4.628323554992676,524.0047607421875
NL,2020,12,4.60168981552124,472.4407958984375
NL,2021,1,4.5948405265808105,529.5530395507812
NL,2021,2,4.659968852996826,452.63470458984375
NL,2021,3,4.536170482635498,628.7549438476562
NL,2021,4,4.197254180908203,689.7077026367188
NL,2021,5,4.350635528564453,727.353759765625
NL,2021,6,3.2323672771453857,529.8780517578125
NL,2021,7,3.6428651809692383,574.8298950195312
NL,2021,8,4.112176418304443,635.600830078125
NL,2021,9,3.415433406829834,465.7119140625
NL,2021,10,4.89472770690918,615.6563720703125
NL,2021,11,3.8727715015411377,434.7399597167969
NL,2021,12,4.4689764976501465,433.54901123046875
NL,2022,1,4.768867015838623,574.9848022460938
NL,2022,2,6.954022407531738,914.7665405273438
NL,2022,3,3.6144912242889404,424.1259460449219
NL,2022,4,4.68900203704834,712.2728881835938
NL,2022,5,3.727510929107666,652.2833251953125
NL,2022,6,3.5629355907440186,594.1275634765625
NL,2022,7,3.5334575176239014,665.2312622070312
NL,2022,8,3.261195659637451,597.694580078125
NL,2022,9,3.5337142944335938,571.8814697265625
NL,2022,10,4.243834972381592,490.0644226074219
NL,2022,11,5.043809413909912,547.8073120117188
NL,2022,12,4.512763977050781,488.3141174316406
NL,2023,1,5.658395767211914,730.5023803710938
NL,2023,2,4.281989574432373,507.1258239746094
NL,2023,3,5.029706001281738,690.2728881835938
NL,2023,4,4.31997013092041,660.1600341796875
NL,2023,5,3.8504841327667236,579.9610595703125
NL,2023,6,3.9068562984466553,683.2847900390625
NL,2023,7,4.779242992401123,818.9818115234375
NL,2023,8,3.7524945735931396,567.058837890625
NL,2023,9,3.4828310012817383,456.4079284667969
NL,2023,10,4.965416431427002,602.3712768554688
NL,2023,11,5.5683274269104,687.990966796875
NL,2023,12,6.04496955871582,720.1470947265625
NL,2024,1,5.6114630699157715,636.448486328125
NL,2024,2,5.428956031799316,617.4183959960938
NL,2024,3,4.326629161834717,549.1978759765625
NL,2024,4,5.0217814445495605,790.31494140625
NL,2024,5,3.494990348815918,522.6019287109375
NL,2024,6,3.8922202587127686,658.621337890625
NL,2024,7,3.8608884811401367,628.0800170898438
NL,2024,8,3.721076488494873,616.3463134765625
NL,2024,9,4.08232307434082,548.837158203125
NL,2024,10,3.838012218475342,447.1705627441406
NL,2024,11,4.27102518081665,493.73199462890625
NL,2024,12,5.250635147094727,601.154541015625
NO,2019,1,3.150562286376953,317.29803466796875
NO,2019,2,3.154853582382202,321.3737487792969
NO,2019,3,3.2735540866851807,458.9817199707031
NO,2019,4,2.5821259021759033,386.5065002441406
NO,2019,5,2.9168620109558105,629.5235595703125
NO,2019,6,2.9010345935821533,601.7590942382812
NO,2019,7,2.604184865951538,562.5928344726562
NO,2019,8,2.6225733757019043,486.6590270996094
NO,2019,9,3.01072359085083,499.3668518066406
NO,2019,10,2.5831384658813477,328.76837158203125
NO,2019,11,2.6029062271118164,215.71754455566406
NO,2019,12,3.1779890060424805,319.61798095703125
NO,2020,1,3.820404529571533,466.35565185546875
NO,2020,2,3.4740090370178223,401.0191650390625
NO,2020,3,3.550628185272217,529.3502197265625
NO,2020,4,3.3386337757110596,616.2537841796875
NO,2020,5,2.834552049636841,605.705322265625
NO,2020,6,2.5863723754882812,588.0903930664062
NO,2020,7,2.6988022327423096,590.745849609375
NO,2020,8,2.4621870517730713,498.22296142578125
NO,2020,9,3.238651752471924,521.597412109375
NO,2020,10,2.8824551105499268,368.6278076171875
NO,2020,11,3.655028820037842,440.4156799316406
NO,2020,12,3.17935848236084,310.26348876953125
NO,2021,1,2.8959431648254395,212.7678985595703
NO,2021,2,3.1058309078216553,256.93292236328125
NO,2021,3,3.42703914642334,485.4172668457031
NO,2021,4,3.105842351913452,591.0714111328125
NO,2021,5,2.533766508102417,512.5158081054688
NO,2021,6,2.567481517791748,593.8494262695312
NO,2021,7,2.7807464599609375,594.34375
NO,2021,8,2.5621914863586426,524.8974609375
NO,2021,9,3.0628530979156494,478.5916442871094
NO,2021,10,3.4197256565093994,474.11968994140625
NO,2021,11,2.9815523624420166,310.9718322753906
NO,2021,12,3.043158531188965,259.46124267578125
NO,2022,1,3.839374542236328,481.4623718261719
NO,2022,2,3.4659054279327393,390.54083251953125
NO,2022,3,3.1524784564971924,396.1514892578125
NO,2022,4,2.7625699043273926,498.65203857421875
NO,2022,5,3.0002858638763428,561.1145629882812
NO,2022,6,2.6277968883514404,567.166259765625
NO,2022,7,2.8258020877838135,589.2050170898438
NO,2022,8,2.876173734664917,544.2373046875
NO,2022,9,2.771331787109375,457.4859313964844
NO,2022,10,2.9999990463256836,393.3296813964844
NO,2022,11,3.1651182174682617,327.4479675292969
NO,2022,12,2.8694427013397217,225.83372497558594
NO,2023,1,3.367482900619507,330.8377685546875
NO,2023,2,3.4507856369018555,419.62860107421875
NO,2023,3,2.7447621822357178,336.7123718261719
NO,2023,4,2.774202585220337,414.4483947753906
NO,2023,5,2.9572997093200684,587.0079345703125
NO,2023,6,2.5541961193084717,629.2200317382812
NO,2023,7,2.424098014831543,528.4296264648438
NO,2023,8,2.416490077972412,438.6197509765625
NO,2023,9,2.9540724754333496,462.9062194824219
NO,2023,10,2.9726932048797607,420.0962829589844
NO,2023,11,2.7807586193084717,244.37387084960938
NO,2023,12,3.010207176208496,225.44296264648438
NO,2024,1,3.5131661891937256,341.2591247558594
NO,2024,2,3.494138479232788,372.49688720703125
NO,2024,3,2.728959560394287,320.81365966796875
NO,2024,4,2.771132707595825,467.70513916015625
NO,2024,5,2.562138557434082,510.60736083984375
NO,2024,6,2.80850887298584,630.9910888671875
NO,2024,7,2.4748616218566895,522.4593505859375
NO,2024,8,3.186434030532837,601.0243530273438
NO,2024,9,2.900059938430786,468.4213562011719
NO,2024,10,3.2428171634674072,423.7957458496094
NO,2024,11,3.3929741382598877,419.5064392089844
NO,2024,12,3.596485137939453,414.3733825683594
PL,2019,1,4.251986026763916,550.10009765625
PL,2019,2,4.226901531219482,489.1680908203125
PL,2019,3,4.588456153869629,731.2184448242188
PL,2019,4,3.9001452922821045,681.4330444335938
PL,2019,5,3.5236685276031494,663.8065185546875
PL,2019,6,3.2341296672821045,718.9880981445312
PL,2019,7,3.4269840717315674,801.7402954101562
PL,2019,8,2.7374472618103027,608.2774658203125
PL,2019,9,3.8070409297943115,643.6861572265625
PL,2019,10,3.517963171005249,438.4011535644531
PL,2019,11,3.994960069656372,416.8973083496094
PL,2019,12,4.358160018920898,483.7972717285156
PL,2020,1,4.38406229019165,468.3949890136719
PL,2020,2,5.206363677978516,727.9110717773438
PL,2020,3,3.9609508514404297,625.00390625
PL,2020,4,3.605473279953003,744.4353637695312
PL,2020,5,3.7145376205444336,767.8634643554688
PL,2020,6,3.24605655670166,613.7103881835938
PL,2020,7,3.0437963008880615,700.8985595703125
PL,2020,8,2.894886016845703,605.7809448242188
PL,2020,9,3.194202184677124,483.1000671386719
PL,2020,10,3.748351573944092,470.37567138671875
PL,2020,11,3.558657646179199,416.53131103515625
PL,2020,12,4.109078407287598,409.7048645019531
PL,2021,1,3.569000720977783,378.1402282714844
PL,2021,2,3.722782611846924,348.9130859375
PL,2021,3,3.596406936645508,548.805908203125
PL,2021,4,3.708333730697632,670.6834106445312
PL,2021,5,3.858736991882324,706.1595458984375
PL,2021,6,2.7722480297088623,672.78125
PL,2021,7,2.8272387981414795,604.2451782226562
PL,2021,8,3.1669437885284424,588.7953491210938
PL,2021,9,3.325416088104248,543.8034057617188
PL,2021,10,4.057231426239014,499.37799072265625
PL,2021,11,4.035887241363525,500.279296875
PL,2021,12,3.96064829826355,441.96588134765625
PL,2022,1,5.029456615447998,675.6033325195312
PL,2022,2,5.3284149169921875,763.8322143554688
PL,2022,3,3.063585042953491,444.38055419921875
PL,2022,4,3.7974555492401123,707.0357055664062
PL,2022,5,3.4381368160247803,766.8829345703125
PL,2022,6,3.008190870285034,681.1774291992188
PL,2022,7,3.39886736869812,740.1997680664062
PL,2022,8,2.7742679119110107,575.764404296875
PL,2022,9,3.137582302093506,533.69970703125
PL,2022,10,3.4959375858306885,425.259033203125
PL,2022,11,3.040250062942505,348.65582275390625
PL,2022,12,3.9230406284332275,411.05706787109375
PL,2023,1,4.110627174377441,506.7645568847656
PL,2023,2,4.316966533660889,614.9912719726562
PL,2023,3,4.0301313400268555,587.9574584960938
PL,2023,4,3.3524892330169678,603.6010131835938
PL,2023,5,3.2762579917907715,685.2205810546875
PL,2023,6,2.8211660385131836,706.7225341796875
PL,2023,7,3.027998447418213,750.2227783203125
PL,2023,8,2.976170301437378,563.9822387695312
PL,2023,9,2.8204879760742188,477.7511291503906
PL,2023,10,4.134406566619873,566.939208984375
PL,2023,11,4.120092391967773,531.0870361328125
PL,2023,12,4.716557025909424,575.6422119140625
PL,2024,1,4.721710681915283,555.5654296875
PL,2024,2,4.417336463928223,594.5881958007812
PL,2024,3,3.6432149410247803,495.70623779296875
PL,2024,4,3.805250406265259,676.4642333984375
PL,2024,5,3.0970726013183594,691.9722290039062
PL,2024,6,2.9378700256347656,664.9669799804688
PL,2024,7,2.9062600135803223,674.6897583007812
PL,2024,8,2.8198142051696777,569.375732421875
PL,2024,9,3.767014741897583,590.4037475585938
PL,2024,10,3.5625853538513184,444.6644287109375
PL,2024,11,3.7966995239257812,470.66619873046875
PL,2024,12,3.9557127952575684,469.1026916503906
PT,2019,1,3.084150791168213,368.3294372558594
PT,2019,2,2.776606798171997,374.7783508300781
PT,2019,3,3.122488260269165,542.8364868164062
PT,2019,4,3.467442274093628,688.872314453125
PT,2019,5,3.52310848236084,673.75
PT,2019,6,3.216798782348633,722.1259765625
PT,2019,7,3.046696424484253,647.4810791015625
PT,2019,8,3.058708429336548,597.07080078125
PT,2019,9,2.8619046211242676,598.4097900390625
PT,2019,10,2.920771360397339,474.6462097167969
PT,2019,11,4.028626918792725,670.0469360351562
PT,2019,12,3.6158854961395264,469.15142822265625
PT,2020,1,3.0706965923309326,400.75604248046875
PT,2020,2,2.5224192142486572,340.2281494140625
PT,2020,3,3.326810836791992,587.3651123046875
PT,2020,4,3.0275380611419678,572.066162109375
PT,2020,5,2.7772436141967773,561.0457763671875
PT,2020,6,3.288889169692993,707.4305419921875
PT,2020,7,2.8807196617126465,636.2853393554688
PT,2020,8,3.2217140197753906,645.104736328125
PT,2020,9,2.767709255218506,598.008056640625
PT,2020,10,3.1398017406463623,531.3704223632812
PT,2020,11,2.8483364582061768,355.67138671875
PT,2020,12,3.4335970878601074,485.5400390625
PT,2021,1,3.433372974395752,453.5365295410156
PT,2021,2,3.597372531890869,539.3126220703125
PT,2021,3,2.9485278129577637,494.3145751953125
PT,2021,4,2.61330509185791,528.3453369140625
PT,2021,5,3.309417247772217,662.3718872070312
PT,2021,6,3.0797829627990723,670.4505615234375
PT,2021,7,3.4001457691192627,657.6937866210938
PT,2021,8,2.9467341899871826,580.967529296875
PT,2021,9,2.8243257999420166,545.3037109375
PT,2021,10,2.7867889404296875,447.9336242675781
PT,2021,11,2.990816116333008,431.4238586425781
PT,2021,12,3.5084891319274902,463.34002685546875
PT,2022,1,2.7962048053741455,302.0765380859375
PT,2022,2,2.5827510356903076,364.02203369140625
PT,2022,3,3.4701526165008545,605.994140625
PT,2022,4,3.479318380355835,677.6468505859375
PT,2022,5,3.0790655612945557,690.6810913085938
PT,2022,6,3.2161200046539307,714.732177734375
PT,2022,7,2.828401803970337,652.8963012695312
PT,2022,8,2.7013683319091797,625.6778564453125
PT,2022,9,2.9727916717529297,589.8928833007812
PT,2022,10,2.986069917678833,511.2579650878906
PT,2022,11,3.00144100189209,441.3768615722656
PT,2022,12,3.5362160205841064,463.4385986328125
PT,2023,1,3.3414323329925537,471.7019958496094
PT,2023,2,3.007800817489624,401.0171203613281
PT,2023,3,2.967280626296997,505.9097595214844
PT,2023,4,2.9396607875823975,582.6871948242188
PT,2023,5,3.2908272743225098,765.6272583007812
PT,2023,6,2.9038004875183105,633.7630004882812
PT,2023,7,3.3432960510253906,650.0735473632812
PT,2023,8,3.3202462196350098,615.896240234375
PT,2023,9,2.591765880584717,531.005615234375
PT,2023,10,3.2354958057403564,545.3154296875
PT,2023,11,3.1698451042175293,476.76251220703125
PT,2023,12,2.5952844619750977,295.94354248046875
PT,2024,1,2.8910393714904785,328.77081298828125
PT,2024,2,3.5330119132995605,525.735107421875
PT,2024,3,3.7553040981292725,633.5770263671875
PT,2024,4,3.1658499240875244,580.7440795898438
PT,2024,5,3.285533905029297,670.7755737304688
PT,2024,6,2.924326181411743,611.4054565429688
PT,2024,7,2.949568271636963,596.0654907226562
PT,2024,8,3.125333547592163,575.0886840820312
PT,2024,9,3.1627352237701416,593.0983276367188
PT,2024,10,3.3641445636749268,537.1336669921875
PT,2024,11,3.1018049716949463,402.94171142578125
PT,2024,12,2.835866689682007,304.1703186035156
RO,2019,1,2.5884790420532227,282.62213134765625
RO,2019,2,2.584347724914551,343.3606872558594
RO,2019,3,2.725522994995117,496.053466796875
RO,2019,4,2.82232403755188,561.2738037109375
RO,2019,5,2.5527102947235107,517.0174560546875
RO,2019,6,2.1236889362335205,528.517333984375
RO,2019,7,1.9999799728393555,568.353759765625
RO,2019,8,2.2015745639801025,590.6179809570312
RO,2019,9,2.351414203643799,551.7069091796875
RO,2019,10,1.9599857330322266,279.5680847167969
RO,2019,11,2.8709754943847656,317.9898376464844
RO,2019,12,2.5769593715667725,264.96258544921875
RO,2020,1,2.294233560562134,235.54739379882812
RO,2020,2,3.0864174365997314,422.75439453125
RO,2020,3,2.8769335746765137,484.3495178222656
RO,2020,4,2.575587511062622,683.1151123046875
RO,2020,5,2.8503644466400146,646.83544921875
RO,2020,6,2.1419789791107178,506.7317199707031
RO,2020,7,2.1086678504943848,577.655517578125
RO,2020,8,2.3776636123657227,600.6655883789062
RO,2020,9,2.4664227962493896,504.66265869140625
RO,2020,10,2.394620418548584,325.495361328125
RO,2020,11,1.7609161138534546,219.12615966796875
RO,2020,12,2.518609046936035,258.985595703125
RO,2021,1,2.711132764816284,319.51068115234375
RO,2021,2,2.5673680305480957,355.57794189453125
RO,2021,3,2.670058250427246,473.1356201171875
RO,2021,4,2.3830695152282715,504.31854248046875
RO,2021,5,2.6694655418395996,578.14404296875
RO,2021,6,2.2997665405273438,551.1295776367188
RO,2021,7,2.3169164657592773,596.4715576171875
RO,2021,8,2.1906659603118896,569.3724365234375
RO,2021,9,2.3460376262664795,509.6913146972656
RO,2021,10,2.4440739154815674,366.1103820800781
RO,2021,11,2.3415706157684326,251.11441040039062
RO,2021,12,2.6483829021453857,307.3872985839844
RO,2022,1,3.1425464153289795,427.32470703125
RO,2022,2,2.7817137241363525,389.6026611328125
RO,2022,3,2.6737964153289795,529.6890869140625
RO,2022,4,2.8175747394561768,599.4126586914062
RO,2022,5,2.343928575515747,632.8681640625
RO,2022,6,2.357163906097412,682.31494140625
RO,2022,7,2.4024553298950195,740.3157958984375
RO,2022,8,2.2522318363189697,563.4564819335938
RO,2022,9,2.4322941303253174,468.7427978515625
RO,2022,10,2.16386342048645,337.0948181152344
RO,2022,11,2.20740008354187,264.76690673828125
RO,2022,12,2.390221357345581,237.86019897460938
RO,2023,1,2.733349561691284,323.5804138183594
RO,2023,2,3.0351645946502686,427.04937744140625
RO,2023,3,2.7146074771881104,470.6471252441406
RO,2023,4,2.7309257984161377,536.8335571289062
RO,2023,5,2.629336357116699,580.8363037109375
RO,2023,6,2.1959049701690674,539.978515625
RO,2023,7,2.291769027709961,606.0169677734375
RO,2023,8,2.3148515224456787,588.7237548828125
RO,2023,9,2.459937572479248,519.4319458007812
RO,2023,10,2.5713062286376953,406.6858825683594
RO,2023,11,3.1318509578704834,408.05279541015625
RO,2023,12,2.6361496448516846,271.94091796875
RO,2024,1,2.8380439281463623,322.9588317871094
RO,2024,2,2.804941177368164,357.0990295410156
RO,2024,3,2.6366686820983887,442.6558532714844
RO,2024,4,2.6417782306671143,579.1580810546875
RO,2024,5,2.5438177585601807,645.1410522460938
RO,2024,6,2.1993446350097656,618.29248046875
RO,2024,7,2.272165060043335,700.798095703125
RO,2024,8,2.222255229949951,649.244140625
RO,2024,9,2.6441268920898438,534.007080078125
RO,2024,10,2.124168872833252,288.6281433105469
RO,2024,11,2.305363416671753,267.7731628417969
RO,2024,12,2.463867664337158,276.2721252441406
RS,2019,1,2.525099277496338,312.2213439941406
RS,2019,2,2.6975769996643066,401.5884094238281
RS,2019,3,2.486238956451416,490.01910400390625
RS,2019,4,2.723320722579956,602.2212524414062
RS,2019,5,2.4438345432281494,554.6171264648438
RS,2019,6,1.905301570892334,488.8553161621094
RS,2019,7,2.0091333389282227,603.9680786132812
RS,2019,8,2.1715328693389893,602.0016479492188
RS,2019,9,2.1726207733154297,506.5360412597656
RS,2019,10,1.9163739681243896,309.4273376464844
RS,2019,11,3.227393388748169,389.2753601074219
RS,2019,12,2.786940813064575,342.2398681640625
RS,2020,1,1.9996622800827026,212.67642211914062
RS,2020,2,2.940248727798462,425.1290588378906
RS,2020,3,2.8396785259246826,529.727294921875
RS,2020,4,2.4831559658050537,662.9356079101562
RS,2020,5,2.763512134552002,633.981201171875
RS,2020,6,2.3528552055358887,563.1133422851562
RS,2020,7,2.003270387649536,565.9783325195312
RS,2020,8,2.0885396003723145,491.2917175292969
RS,2020,9,2.448984384536743,548.2003173828125
RS,2020,10,2.3978333473205566,358.0743103027344
RS,2020,11,1.6528156995773315,227.51939392089844
RS,2020,12,2.8024492263793945,294.3659973144531
RS,2021,1,2.7068049907684326,346.0616455078125
RS,2021,2,2.52951717376709,358.3495788574219
RS,2021,3,2.5811948776245117,494.4781799316406
RS,2021,4,2.361340284347534,546.1785278320312
RS,2021,5,2.6852035522460938,661.1614990234375
RS,2021,6,2.1444077491760254,676.1533203125
RS,2021,7,2.195324420928955,651.1595458984375
RS,2021,8,2.08892822265625,636.31787109375
RS,2021,9,2.2027907371520996,546.3602294921875
RS,2021,10,2.683767557144165,391.7631530761719
RS,2021,11,2.6047351360321045,314.56256103515625
RS,2021,12,2.689011812210083,335.3443603515625
RS,2022,1,2.5989255905151367,355.8218688964844
RS,2022,2,2.727437973022461,421.7677307128906
RS,2022,3,2.425020456314087,497.6111755371094
RS,2022,4,2.622499704360962,619.8412475585938
RS,2022,5,2.170095920562744,626.0330200195312
RS,2022,6,2.12176775932312,629.7702026367188
RS,2022,7,2.319946765899658,765.9308471679688
RS,2022,8,1.9159585237503052,567.5443725585938
RS,2022,9,2.2363228797912598,437.5002136230469
RS,2022,10,2.0427427291870117,301.4856872558594
RS,2022,11,2.262906551361084,284.865966796875
RS,2022,12,2.4856886863708496,246.04791259765625
RS,2023,1,2.6085920333862305,341.5288391113281
RS,2023,2,2.630864143371582,426.47088623046875
RS,2023,3,2.670743942260742,502.6692810058594
RS,2023,4,2.5899665355682373,573.2951049804688
RS,2023,5,2.5391793251037598,529.436279296875
RS,2023,6,1.987902283668518,474.6358947753906
RS,2023,7,2.078328847885132,595.81298828125
RS,2023,8,2.0292251110076904,535.04931640625
RS,2023,9,2.251570224761963,504.205810546875
RS,2023,10,2.4854254722595215,416.1418762207031
RS,2023,11,2.8811535835266113,396.126953125
RS,2023,12,2.3811416625976562,258.25250244140625
RS,2024,1,2.603936195373535,333.8724365234375
RS,2024,2,2.72113299369812,385.31512451171875
RS,2024,3,2.7509801387786865,516.3240966796875
RS,2024,4,2.620466709136963,633.4880981445312
RS,2024,5,2.504591226577759,595.9879760742188
RS,2024,6,1.9647973775863647,591.2681274414062
RS,2024,7,2.205404043197632,684.0975341796875
RS,2024,8,2.046325206756592,686.3103637695312
RS,2024,9,2.44846248626709,541.86474609375
RS,2024,10,2.1864895820617676,298.3384094238281
RS,2024,11,2.176891565322876,272.0018615722656
RS,2024,12,2.1769866943359375,255.1219024658203
SE,2019,1,3.354109764099121,355.23492431640625
SE,2019,2,3.833076000213623,456.3458251953125
SE,2019,3,3.8874847888946533,580.2206420898438
SE,2019,4,2.820345878601074,459.6365661621094
SE,2019,5,3.1708600521087646,706.9296264648438
SE,2019,6,3.2281484603881836,735.2607421875
SE,2019,7,2.8165228366851807,696.5531616210938
SE,2019,8,2.9269869327545166,578.9393310546875
SE,2019,9,3.260629415512085,549.0032958984375
SE,2019,10,3.0651118755340576,424.91595458984375
SE,2019,11,2.892397165298462,301.5470275878906
SE,2019,12,3.542370557785034,393.18310546875
SE,2020,1,4.3183817863464355,542.80712890625
SE,2020,2,3.95692777633667,485.8284912109375
SE,2020,3,3.908543109893799,605.94384765625
SE,2020,4,3.8092992305755615,780.8077392578125
SE,2020,5,3.0764026641845703,775.8348999023438
SE,2020,6,2.7333290576934814,727.3363037109375
SE,2020,7,3.237717866897583,706.231689453125
SE,2020,8,2.7350516319274902,610.8958740234375
SE,2020,9,3.6087825298309326,604.9121704101562
SE,2020,10,3.4004948139190674,464.199462890625
SE,2020,11,3.9233882427215576,531.8052368164062
SE,2020,12,3.3048622608184814,419.95281982421875
SE,2021,1,3.002617120742798,284.67919921875
SE,2021,2,3.3746888637542725,321.17578125
SE,2021,3,3.8022093772888184,599.3245239257812
SE,2021,4,3.6083478927612305,732.2537841796875
SE,2021,5,2.8694140911102295,595.81005859375
SE,2021,6,2.808819055557251,714.296630859375
SE,2021,7,3.028996467590332,751.6376342773438
SE,2021,8,3.095818281173706,637.18896484375
SE,2021,9,3.3741326332092285,584.2846069335938
SE,2021,10,3.7451677322387695,515.9852905273438
SE,2021,11,3.184204339981079,358.0877380371094
SE,2021,12,3.268824577331543,342.85040283203125
SE,2022,1,4.195742607116699,529.534423828125
SE,2022,2,3.7364730834960938,432.55218505859375
SE,2022,3,3.233823776245117,433.98846435546875
SE,2022,4,3.0292434692382812,584.2158203125
SE,2022,5,3.3916029930114746,752.9161376953125
SE,2022,6,2.998227119445801,719.38671875
SE,2022,7,3.1879963874816895,729.4266357421875
SE,2022,8,3.1258933544158936,623.558837890625
SE,2022,9,2.9369492530822754,513.7744140625
SE,2022,10,3.385159730911255,472.6673889160156
SE,2022,11,3.177536964416504,405.3558349609375
SE,2022,12,3.196798086166382,326.9311828613281
SE,2023,1,3.6995689868927,403.9599914550781
SE,2023,2,3.72214412689209,463.29632568359375
SE,2023,3,3.3587050437927246,477.11505126953125
SE,2023,4,2.8459577560424805,476.2525634765625
SE,2023,5,3.165759563446045,764.2906494140625
SE,2023,6,2.8508806228637695,813.1495971679688
SE,2023,7,2.977640390396118,668.64013671875
SE,2023,8,2.8111863136291504,500.4303283691406
SE,2023,9,3.343179702758789,525.3343505859375
SE,2023,10,3.4279911518096924,504.7814025878906
SE,2023,11,3.12331485748291,345.3065490722656
SE,2023,12,3.133525848388672,314.7909240722656
SE,2024,1,3.8306186199188232,403.9448547363281
SE,2024,2,3.4999279975891113,418.10919189453125
SE,2024,3,2.846140146255493,363.8528137207031
SE,2024,4,3.1123836040496826,543.3528442382812
SE,2024,5,2.7390711307525635,604.7278442382812
SE,2024,6,3.0599799156188965,767.2936401367188
SE,2024,7,2.957307815551758,618.3024291992188
SE,2024,8,3.556131601333618,671.161865234375
SE,2024,9,3.1913490295410156,522.2696533203125
SE,2024,10,3.470395088195801,464.66424560546875
SE,2024,11,3.7631537914276123,486.85430908203125
SE,2024,12,3.979294538497925,474.4575500488281
SI,2019,1,2.069413185119629,361.2780456542969
SI,2019,2,2.0467143058776855,301.1575927734375
SI,2019,3,2.4531474113464355,502.50921630859375
SI,2019,4,2.1568820476531982,508.9728088378906
SI,2019,5,2.233475685119629,536.5949096679688
SI,2019,6,1.8906445503234863,474.27392578125
SI,2019,7,1.6773205995559692,482.091796875
SI,2019,8,1.8169991970062256,428.2433166503906
SI,2019,9,1.8821593523025513,389.9835510253906
SI,2019,10,2.1201281547546387,347.5351867675781
SI,2019,11,1.9122003316879272,259.009033203125
SI,2019,12,2.0596344470977783,255.82310485839844
SI,2020,1,1.7493491172790527,159.3135223388672
SI,2020,2,2.494521141052246,460.00250244140625
SI,2020,3,2.7032861709594727,613.6873779296875
SI,2020,4,2.345581531524658,606.6973876953125
SI,2020,5,2.2881886959075928,617.1868896484375
SI,2020,6,1.9604347944259644,524.4384155273438
SI,2020,7,1.712149739265442,535.6165161132812
SI,2020,8,1.7983851432800293,432.8435974121094
SI,2020,9,1.8681397438049316,399.45147705078125
SI,2020,10,2.0870144367218018,367.6883544921875
SI,2020,11,1.6758028268814087,212.14889526367188
SI,2020,12,1.9249886274337769,225.15191650390625
SI,2021,1,2.0486278533935547,271.2048034667969
SI,2021,2,2.264777660369873,381.9544677734375
SI,2021,3,2.0333454608917236,489.3995666503906
SI,2021,4,2.212981700897217,586.3325805664062
SI,2021,5,2.1648473739624023,518.906494140625
SI,2021,6,1.7402689456939697,548.1578369140625
SI,2021,7,1.8917407989501953,541.1217041015625
SI,2021,8,1.681871771812439,462.90380859375
SI,2021,9,1.723388671875,418.7870788574219
SI,2021,10,2.2638354301452637,380.0772399902344
SI,2021,11,1.9340945482254028,250.27713012695312
SI,2021,12,1.7642250061035156,159.91156005859375
SI,2022,1,1.9340972900390625,222.049560546875
SI,2022,2,2.3291707038879395,411.0285949707031
SI,2022,3,2.1856935024261475,471.1202697753906
SI,2022,4,2.334237813949585,588.591064453125
SI,2022,5,1.872231125831604,465.0315856933594
SI,2022,6,1.9113216400146484,532.2230834960938
SI,2022,7,1.8254036903381348,653.718994140625
SI,2022,8,1.9595932960510254,585.915283203125
SI,2022,9,1.7917910814285278,426.2992858886719
SI,2022,10,1.6000107526779175,256.2287292480469
SI,2022,11,1.8879724740982056,243.97325134277344
SI,2022,12,1.7952651977539062,210.87252807617188
SI,2023,1,2.249342679977417,316.7437744140625
SI,2023,2,2.3427822589874268,363.625732421875
SI,2023,3,2.3321456909179688,463.4185791015625
SI,2023,4,2.1917428970336914,562.0736083984375
SI,2023,5,2.284010887145996,545.2865600585938
SI,2023,6,1.789783000946045,492.5726318359375
SI,2023,7,1.6972376108169556,434.0006103515625
SI,2023,8,1.6908003091812134,393.27490234375
SI,2023,9,2.03072190284729,416.6442565917969
SI,2023,10,2.1870901584625244,378.7710266113281
SI,2023,11,2.058755874633789,318.3187255859375
SI,2023,12,1.9772915840148926,194.10365295410156
SI,2024,1,2.1134579181671143,241.89547729492188
SI,2024,2,2.0382273197174072,301.1800537109375
SI,2024,3,1.9707688093185425,401.4254455566406
SI,2024,4,2.4024603366851807,525.314453125
SI,2024,5,1.8983947038650513,457.8424377441406
SI,2024,6,1.955079197883606,490.8497314453125
SI,2024,7,1.7463887929916382,509.4808349609375
SI,2024,8,1.5912235975265503,475.4606628417969
SI,2024,9,2.141646146774292,484.2057800292969
SI,2024,10,1.983643889427185,316.3345031738281
SI,2024,11,1.9516154527664185,240.82655334472656
SI,2024,12,2.117929458618164,256.4952392578125
SK,2019,1,2.7580549716949463,389.6495666503906
SK,2019,2,2.754889965057373,381.1056823730469
SK,2019,3,2.9115967750549316,603.9181518554688
SK,2019,4,3.097764492034912,650.674560546875
SK,2019,5,2.949674606323242,563.5552978515625
SK,2019,6,2.353332281112671,581.8359375
SK,2019,7,2.2809860706329346,694.038818359375
SK,2019,8,2.0657479763031006,501.3560485839844
SK,2019,9,2.32600998878479,483.06683349609375
SK,2019,10,2.463834762573242,350.6746520996094
SK,2019,11,2.8203816413879395,352.88958740234375
SK,2019,12,2.8485872745513916,346.4753723144531
SK,2020,1,2.133120059967041,244.54519653320312
SK,2020,2,3.4853761196136475,560.2325439453125
SK,2020,3,2.8632209300994873,558.8328857421875
SK,2020,4,2.4901282787323,657.8877563476562
SK,2020,5,2.977376937866211,719.0888061523438
SK,2020,6,2.5908963680267334,521.104736328125
SK,2020,7,2.130244255065918,570.1807250976562
SK,2020,8,2.2384121417999268,536.9529418945312
SK,2020,9,2.1996703147888184,411.5367431640625
SK,2020,10,2.680023670196533,379.69952392578125
SK,2020,11,1.9324184656143188,233.01348876953125
SK,2020,12,2.570706605911255,319.10882568359375
SK,2021,1,2.4696240425109863,337.079345703125
SK,2021,2,2.5931761264801025,309.5628662109375
SK,2021,3,2.6310508251190186,519.4255981445312
SK,2021,4,2.77447509765625,620.2664794921875
SK,2021,5,2.950659990310669,628.1401977539062
SK,2021,6,2.2019150257110596,708.2084350585938
SK,2021,7,2.3134284019470215,623.4898681640625
SK,2021,8,2.0957443714141846,497.57489013671875
SK,2021,9,2.1336753368377686,461.4679870605469
SK,2021,10,2.514768362045288,365.39208984375
SK,2021,11,2.3170440196990967,278.4808654785156
SK,2021,12,2.6330604553222656,333.31964111328125
SK,2022,1,3.0610101222991943,500.746337890625
SK,2022,2,3.2384400367736816,559.9490356445312
SK,2022,3,2.381720781326294,477.4962158203125
SK,2022,4,2.800058364868164,647.5179443359375
SK,2022,5,2.234774589538574,658.4888916015625
SK,2022,6,2.412630081176758,724.72119140625
SK,2022,7,2.477794885635376,786.4557495117188
SK,2022,8,2.1722710132598877,572.92236328125
SK,2022,9,2.2532131671905518,480.37835693359375
SK,2022,10,2.1835482120513916,311.96954345703125
SK,2022,11,1.9744335412979126,231.921142578125
SK,2022,12,2.4674482345581055,277.0584716796875
SK,2023,1,2.666529417037964,345.4447326660156
SK,2023,2,2.8512349128723145,488.7279052734375
SK,2023,3,2.957672357559204,533.7908935546875
SK,2023,4,2.7637956142425537,605.2075805664062
SK,2023,5,2.5480666160583496,565.196044921875
SK,2023,6,2.1159560680389404,577.3636474609375
SK,2023,7,2.1947121620178223,631.1353149414062
SK,2023,8,2.058021068572998,460.3431091308594
SK,2023,9,2.2388710975646973,438.1251220703125
SK,2023,10,2.652651786804199,413.4656982421875
SK,2023,11,2.9314703941345215,449.05010986328125
SK,2023,12,2.5518155097961426,297.9037170410156
SK,2024,1,3.008385181427002,402.95635986328125
SK,2024,2,2.833889961242676,427.8224182128906
SK,2024,3,2.906395673751831,504.99774169921875
SK,2024,4,2.868018388748169,571.3034057617188
SK,2024,5,2.3260111808776855,593.97314453125
SK,2024,6,2.17588472366333,507.74310302734375
SK,2024,7,2.2563931941986084,622.872802734375
SK,2024,8,2.0320005416870117,534.4736328125
SK,2024,9,2.539506673812866,506.79876708984375
SK,2024,10,2.306636333465576,291.7820129394531
SK,2024,11,2.235470771789551,264.9263000488281
SK,2024,12,2.4667320251464844,310.5024108886719
UK,2019,1,4.299811840057373,551.3948364257812
UK,2019,2,4.802120685577393,567.3967895507812
UK,2019,3,5.477290630340576,816.4058837890625
UK,2019,4,4.191908359527588,598.9158935546875
UK,2019,5,3.521756410598755,611.2545776367188
UK,2019,6,4.118295192718506,623.4197998046875
UK,2019,7,3.668609380722046,589.900390625
UK,2019,8,4.358410358428955,672.9641723632812
UK,2019,9,4.362092018127441,630.2766723632812
UK,2019,10,4.600273132324219,631.1646728515625
UK,2019,11,4.190543174743652,500.20355224609375
UK,2019,12,5.078120231628418,607.8273315429688
UK,2020,1,5.581118583679199,724.8998413085938
UK,2020,2,6.993485927581787,999.6797485351562
UK,2020,3,5.228677749633789,760.3165893554688
UK,2020,4,3.8901283740997314,568.1507568359375
UK,2020,5,4.061997890472412,706.8963623046875
UK,2020,6,4.118724822998047,637.569091796875
UK,2020,7,4.269092082977295,687.6741333007812
UK,2020,8,4.05811071395874,606.3635864257812
UK,2020,9,4.360179424285889,615.83447265625
UK,2020,10,4.806567192077637,663.6307373046875
UK,2020,11,4.916853904724121,627.4762573242188
UK,2020,12,4.75644063949585,571.50927734375
UK,2021,1,4.333817958831787,500.8935241699219
UK,2021,2,5.60652494430542,739.5087890625
UK,2021,3,4.789958953857422,682.366455078125
UK,2021,4,3.5607471466064453,631.8486938476562
UK,2021,5,3.973726272583008,664.5516967773438
UK,2021,6,3.589954376220703,586.1846923828125
UK,2021,7,2.9573974609375,482.1816711425781
UK,2021,8,3.5530648231506348,575.60107421875
UK,2021,9,3.5859310626983643,519.2435302734375
UK,2021,10,4.910682201385498,684.7232666015625
UK,2021,11,4.793529510498047,640.0403442382812
UK,2021,12,4.609951019287109,549.6067504882812
UK,2022,1,4.8019185066223145,617.5223388671875
UK,2022,2,6.715928554534912,978.1367797851562
UK,2022,3,4.193091869354248,572.9879150390625
UK,2022,4,4.080606937408447,634.974609375
UK,2022,5,4.235959053039551,696.9327392578125
UK,2022,6,4.087596416473389,695.2598876953125
UK,2022,7,3.7873520851135254,633.0993041992188
UK,2022,8,3.4291563034057617,596.331298828125
UK,2022,9,4.0235772132873535,622.5516967773438
UK,2022,10,5.05873966217041,706.3582153320312
UK,2022,11,5.080126762390137,648.4636840820312
UK,2022,12,4.43587589263916,526.0161743164062
UK,2023,1,5.287807464599609,677.8629150390625
UK,2023,2,4.672484874725342,639.4862670898438
UK,2023,3,4.546513557434082,665.0437622070312
UK,2023,4,3.960379123687744,609.0903930664062
UK,2023,5,3.5121495723724365,552.1221923828125
UK,2023,6,3.418682336807251,556.9931030273438
UK,2023,7,4.481751918792725,734.8799438476562
UK,2023,8,4.0123491287231445,625.9617309570312
UK,2023,9,4.108236789703369,584.38330078125
UK,2023,10,4.709163188934326,605.9894409179688
UK,2023,11,4.513875961303711,575.2459716796875
UK,2023,12,5.756755828857422,735.4161376953125
UK,2024,1,5.167086601257324,668.8495483398438
UK,2024,2,5.071323871612549,651.3663330078125
UK,2024,3,4.8403849601745605,663.7208251953125
UK,2024,4,5.126070976257324,814.1149291992188
UK,2024,5,3.441227436065674,494.6468200683594
UK,2024,6,4.0702409744262695,720.8719482421875
UK,2024,7,3.614180088043213,608.9227905273438
UK,2024,8,4.832359313964844,767.8338623046875
UK,2024,9,4.085785865783691,561.80419921875
UK,2024,10,4.414806365966797,583.9336547851562
UK,2024,11,3.997819662094116,490.1508483886719
UK,2024,12,5.445374011993408,714.5751342773438
