country,year,month,treatment_group,mean_no2,mean_ndvi,avg_temp_c,avg_precip_mm,gdp_million_eur
AT,2019,1,1,3.438167302433478e-05,0.3416003409124243,-3.41,4.72,395706.77
AT,2019,2,1,2.7520560034076504e-05,0.3374655202879224,0.75,2.01,395706.77
AT,2019,3,1,2.639365829143657e-05,0.3885377553161434,4.06,2.7,395706.77
AT,2019,4,1,2.0308403952929838e-05,0.542226313666304,7.52,2.75,395706.77
AT,2019,5,1,1.9967772517409627e-05,0.5783000697127129,8.46,6.31,395706.77
AT,2019,6,1,2.2278302289341347e-05,0.6630144859627453,18.85,2.64,395706.77
AT,2019,7,1,2.3291198509388104e-05,0.6668669232845833,17.76,4.13,395706.77
AT,2019,8,1,2.922292952660803e-05,0.6659569843526901,17.58,4.0,395706.77
AT,2019,9,1,3.246227011145286e-05,0.6665363822155798,12.66,3.2,395706.77
AT,2019,10,1,3.9450931332599505e-05,0.5719925904994264,9.05,2.66,395706.77
AT,2019,11,1,3.781120553937541e-05,0.5028259254980748,3.72,4.27,395706.77
AT,2019,12,1,5.637355628977975e-05,0.4477041000462888,0.15,2.75,395706.77
AT,2020,1,1,1.7918984330381513e-05,0.3829701867240828,-1.3,1.16,380317.88
AT,2020,2,1,2.321882978401238e-05,0.37339876859604915,1.88,3.73,380317.88
AT,2020,3,1,1.8346427157318292e-05,0.4490300445910847,2.83,2.24,380317.88
AT,2020,4,1,2.643572072797492e-05,0.5311420255669137,8.69,1.35,380317.88
AT,2020,5,1,1.9785411477115057e-05,0.5958972289093202,10.24,4.09,380317.88
AT,2020,6,1,2.4950149180481102e-05,0.6750886614632827,14.5,6.31,380317.88
AT,2020,7,1,2.3526369382075947e-05,0.6915911172560254,16.66,4.87,380317.88
AT,2020,8,1,NaN,0.7037403534272882,17.38,6.13,380317.88
AT,2020,9,1,3.1430378965801864e-05,0.6481641279673606,13.18,4.51,380317.88
AT,2020,10,1,1.6777190029578474e-05,0.5725672759737336,7.14,4.35,380317.88
AT,2020,11,1,3.826425481970066e-05,0.5228443957821113,3.02,0.91,380317.88
AT,2020,12,1,3.728903418899832e-05,0.4700243611099823,-0.62,3.33,380317.88
AT,2021,1,1,1.9626938896074943e-05,0.3507817625539351,-3.17,3.33,406231.49
AT,2021,2,1,2.0418942605964664e-05,0.3690705645498117,0.11,1.6,406231.49
AT,2021,3,1,2.580776306564372e-05,0.3583472220667074,1.73,2.22,406231.49
AT,2021,4,1,2.9828482925367416e-05,0.46504417806891973,4.32,2.48,406231.49
AT,2021,5,1,1.8696400798468618e-05,0.5544019505567155,8.87,5.36,406231.49
AT,2021,6,1,1.3376727429204038e-05,0.6518467140640991,17.47,3.63,406231.49
AT,2021,7,1,2.0682827719126444e-05,0.6925375489440297,17.35,6.44,406231.49
AT,2021,8,1,2.1538907620369974e-05,0.7021543478342877,14.97,6.22,406231.49
AT,2021,9,1,2.319543205354816e-05,0.6658706241662409,13.36,2.61,406231.49
AT,2021,10,1,3.394098962231817e-05,0.6108861065157053,6.96,1.65,406231.49
AT,2021,11,1,4.257350977561904e-05,0.48945425533871945,2.13,3.19,406231.49
AT,2021,12,1,2.775126623071926e-05,0.45129237305334574,-1.03,3.01,406231.49
AT,2022,1,1,4.790263212269038e-05,0.35557272691184943,-1.16,2.14,449382.19
AT,2022,2,1,2.8761297002462742e-05,0.3441382726632935,0.71,2.99,449382.19
AT,2022,3,1,1.0100862113408326e-05,0.37859003763172183,2.32,0.66,449382.19
AT,2022,4,1,NaN,0.4878230199929352,5.66,3.14,449382.19
AT,2022,5,1,2.3578332825034904e-05,0.6125318376810437,13.11,4.06,449382.19
AT,2022,6,1,1.978066166466094e-05,0.6876825986949517,17.41,6.21,449382.19
AT,2022,7,1,1.8670802941061956e-05,0.6767369339520789,17.9,4.21,449382.19
AT,2022,8,1,3.620512349899065e-05,0.6536193287708779,17.49,4.65,449382.19
AT,2022,9,1,3.430093239403485e-05,0.640481292038324,11.09,4.77,449382.19
AT,2022,10,1,4.682722387465413e-05,0.5591053062009208,10.65,2.43,449382.19
AT,2022,11,1,4.099123575317003e-05,0.5124237574862501,3.56,2.76,449382.19
AT,2022,12,1,1.683607155335618e-05,0.4646287166320999,-0.71,2.14,449382.19
AT,2023,1,1,2.7672209841855554e-05,0.39507920418925735,-0.23,2.44,477837.33
AT,2023,2,1,4.476326090289376e-05,0.37368663814221936,-0.04,2.5,477837.33
AT,2023,3,1,3.37349283563823e-05,0.38518682750761174,3.95,2.62,477837.33
AT,2023,4,1,1.6926609914572484e-05,0.4620451439430945,5.04,5.1,477837.33
AT,2023,5,1,2.7380986392122294e-05,0.5925361593533259,11.17,4.69,477837.33
AT,2023,6,1,3.339846981859664e-05,0.6544601303117105,16.02,3.65,477837.33
AT,2023,7,1,1.9636309917499277e-05,0.6762005579316919,18.07,4.38,477837.33
AT,2023,8,1,1.663574522768494e-05,0.6981242519937607,17.15,6.6,477837.33
AT,2023,9,1,3.1661043127033405e-05,0.6807750436663874,15.62,1.91,477837.33
AT,2023,10,1,6.6898552783338045e-06,0.5505342721515214,10.76,3.02,477837.33
AT,2023,11,1,NaN,0.5093248336314908,2.53,5.45,477837.33
AT,2023,12,1,1.7642902318325873e-05,0.4748963295615002,0.43,4.83,477837.33
AT,2024,1,1,3.3663118265471404e-05,0.3833755985535772,-1.59,2.42,494087.56
AT,2024,2,1,3.087086849958511e-05,0.37038782839762885,4.31,2.45,494087.56
AT,2024,3,1,1.457262516355654e-05,0.4484955825380869,5.65,2.92,494087.56
AT,2024,4,1,2.8852024291740556e-05,0.5594702297808141,8.24,3.29,494087.56
AT,2024,5,1,2.3055716930332804e-05,0.6212389080527762,12.12,5.77,494087.56
AT,2024,6,1,2.533055566721551e-05,0.65182154704781,16.18,5.52,494087.56
AT,2024,7,1,2.3054799265482964e-05,0.7033465937853512,18.63,4.37,494087.56
AT,2024,8,1,2.9129085562048157e-05,0.6716626174577547,19.36,3.28,494087.56
AT,2024,9,1,2.4048292548268258e-05,0.6416178115767898,12.56,9.03,494087.56
AT,2024,10,1,3.706361620850305e-05,0.5690896678815435,9.53,3.01,494087.56
AT,2024,11,1,4.3994941241216e-05,0.5158038213208006,2.07,1.13,494087.56
AT,2024,12,1,5.183624432162147e-05,0.4552080182017562,-0.85,2.03,494087.56
BE,2019,1,1,NaN,0.5433946578541822,2.62,2.33,479444.9
BE,2019,2,1,2.952494651253801e-05,0.5314794438021915,6.22,2.1,479444.9
BE,2019,3,1,8.99394306235561e-05,0.5704012158380625,7.89,3.16,479444.9
BE,2019,4,1,8.736474885339657e-05,0.6215305161242156,10.21,1.59,479444.9
BE,2019,5,1,3.657408753706916e-05,0.6293719932084814,11.41,2.15,479444.9
BE,2019,6,1,4.6414038384239146e-05,0.6721245319049798,18.04,2.55,479444.9
BE,2019,7,1,2.9971463099268014e-05,0.6102313419083732,18.85,1.66,479444.9
BE,2019,8,1,3.977373781512278e-05,0.644574340441644,18.62,2.21,479444.9
BE,2019,9,1,7.562059949181795e-05,0.6208123687300391,14.74,1.91,479444.9
BE,2019,10,1,0.00010516379691929013,0.625948895801635,11.76,3.89,479444.9
BE,2019,11,1,8.231984644506864e-05,0.624899389895414,6.26,2.83,479444.9
BE,2019,12,1,9.559228282299438e-05,0.5870535185472636,5.63,3.12,479444.9
BE,2020,1,1,NaN,0.5787963554884895,5.48,1.62,463750.9
BE,2020,2,1,2.9140606812660763e-05,0.5690635900446923,6.69,5.02,463750.9
BE,2020,3,1,0.000103582080729897,0.5874920716677579,6.69,2.53,463750.9
BE,2020,4,1,2.1790549864014814e-05,0.6174111628312776,11.8,0.89,463750.9
BE,2020,5,1,3.418678219450221e-05,0.6192449896664728,13.38,0.73,463750.9
BE,2020,6,1,3.4124392504212286e-05,0.6657614944191229,16.89,2.61,463750.9
BE,2020,7,1,4.7555523018209106e-05,0.6562061505331838,17.33,1.81,463750.9
BE,2020,8,1,9.470514285219288e-05,0.591531461825985,20.35,1.86,463750.9
BE,2020,9,1,2.1045246729160356e-05,0.5875032271731123,15.91,2.26,463750.9
BE,2020,10,1,NaN,0.6256179178747228,11.15,3.64,463750.9
BE,2020,11,1,4.630388247255415e-05,0.6516004178370014,8.59,1.19,463750.9
BE,2020,12,1,0.0001184860088431734,0.5958696513723721,5.35,3.79,463750.9
BE,2021,1,1,8.50775066283745e-05,0.5484310666397784,2.71,4.24,506047.2
BE,2021,2,1,6.0731516460388783e-05,0.510265497023715,4.77,2.28,506047.2
BE,2021,3,1,9.715508549758555e-05,0.5660633805304683,6.51,1.86,506047.2
BE,2021,4,1,4.7853117255778306e-05,0.5734740668446996,6.51,1.5,506047.2
BE,2021,5,1,6.598219748561873e-05,0.6181401771297309,11.02,3.54,506047.2
BE,2021,6,1,NaN,0.6590891198998011,18.08,4.51,506047.2
BE,2021,7,1,2.3131707087394207e-05,0.7147753530935331,17.51,4.39,506047.2
BE,2021,8,1,3.798269676735799e-05,0.6691577493062476,16.54,3.55,506047.2
BE,2021,9,1,4.8095680921708584e-05,0.6291157624931288,16.08,1.11,506047.2
BE,2021,10,1,5.0139725804973654e-05,0.6513579271725706,11.16,3.82,506047.2
BE,2021,11,1,NaN,0.6230404686385729,6.14,1.73,506047.2
BE,2021,12,1,3.949565831349971e-05,0.5855049712497783,5.39,3.09,506047.2
BE,2022,1,1,4.537477908448214e-05,0.5817084901907595,3.94,2.21,561309.1
BE,2022,2,1,6.819313525556886e-05,0.5588299569695084,6.17,3.23,561309.1
BE,2022,3,1,3.1032142825195115e-05,0.5263893361855947,7.65,0.74,561309.1
BE,2022,4,1,4.138454104294736e-05,0.5839516931848363,9.4,1.76,561309.1
BE,2022,5,1,5.310432218110876e-05,0.618579041814843,14.59,1.87,561309.1
BE,2022,6,1,4.35884411318421e-05,0.6661308438066342,17.26,3.49,561309.1
BE,2022,7,1,3.2441144001935013e-05,0.6210553430546946,19.04,0.66,561309.1
BE,2022,8,1,7.679465974114457e-05,0.5458095047583894,20.48,1.32,561309.1
BE,2022,9,1,5.878531937236122e-05,0.6088193306940206,14.61,4.09,561309.1
BE,2022,10,1,6.322647935083525e-05,0.6152290536101097,13.75,2.63,561309.1
BE,2022,11,1,0.0001690538366553787,0.6604716986828616,8.68,3.14,561309.1
BE,2022,12,1,2.6179610647897595e-05,0.577760829565974,3.68,2.98,561309.1
BE,2023,1,1,5.987520838738989e-05,0.5905682663228047,4.85,3.12,602376.3
BE,2023,2,1,0.00010583574061296441,0.5788732032338216,5.24,0.6,602376.3
BE,2023,3,1,NaN,0.5506137149603351,6.99,4.47,602376.3
BE,2023,4,1,4.834632216372625e-05,0.6194781683654438,8.39,2.4,602376.3
BE,2023,5,1,6.461397417460684e-05,0.6600432963300452,13.22,1.9,602376.3
BE,2023,6,1,4.439166946161259e-05,0.6257381432154601,19.39,1.92,602376.3
BE,2023,7,1,NaN,0.6042757232394471,18.01,3.62,602376.3
BE,2023,8,1,3.457026995473877e-05,0.7109439403429084,17.64,3.27,602376.3
BE,2023,9,1,3.480448022223273e-05,0.6635077424822935,18.05,2.51,602376.3
BE,2023,10,1,3.629459420163863e-05,0.6197664826277666,13.15,3.88,602376.3
BE,2023,11,1,0.00010895805878556136,0.6113298122750621,7.52,4.65,602376.3
BE,2023,12,1,-1.6090168579466464e-05,0.6012262025808294,6.52,3.14,602376.3
BE,2024,1,1,2.121554991801603e-05,0.5285608176388392,3.18,2.5,620271.8
BE,2024,2,1,NaN,0.5142088176363867,7.92,4.44,620271.8
BE,2024,3,1,4.296248508970686e-05,0.5351853380910768,8.71,2.97,620271.8
BE,2024,4,1,3.2505816139927505e-05,0.5745580919114077,10.42,3.45,620271.8
BE,2024,5,1,4.728200518496749e-05,0.6439217275584256,14.41,4.48,620271.8
BE,2024,6,1,2.7972121139188544e-05,0.6511682634154445,15.68,2.53,620271.8
BE,2024,7,1,5.347781706159385e-05,0.6391493417945616,18.3,2.77,620271.8
BE,2024,8,1,4.452211596638032e-05,0.691820341403243,19.45,2.73,620271.8
BE,2024,9,1,8.086512224670589e-05,0.7018139540871773,15.35,3.6,620271.8
BE,2024,10,1,6.755385702790356e-05,0.6707681090904001,12.27,2.78,620271.8
BE,2024,11,1,0.00010154428745149272,0.62258596778365,7.0,2.09,620271.8
BE,2024,12,1,3.904192999470979e-05,0.613416051978619,4.99,2.27,620271.8
BG,2019,1,1,3.2906626097451485e-05,0.36345974647482865,0.4,2.15,61194.42
BG,2019,2,1,2.43491678331327e-05,0.34113337666258026,3.31,0.95,61194.42
BG,2019,3,1,1.800343908237813e-05,0.39895382870784174,8.66,0.66,61194.42
BG,2019,4,1,2.111642918782492e-05,0.5176331192314413,10.61,2.43,61194.42
BG,2019,5,1,2.3450018599759568e-05,0.6918620850734266,15.49,2.82,61194.42
BG,2019,6,1,1.6352199191205426e-05,0.7180627008076357,21.08,3.66,61194.42
BG,2019,7,1,3.0120744112180432e-05,0.6814731511983093,21.68,2.7,61194.42
BG,2019,8,1,2.15803688775076e-05,0.5958131522763898,22.94,0.7,61194.42
BG,2019,9,1,2.751572610595839e-05,0.5128312473141973,18.61,0.85,61194.42
BG,2019,10,1,NaN,0.4722959024772825,13.85,1.12,61194.42
BG,2019,11,1,2.9538169528654235e-05,0.4165351546182384,10.6,2.55,61194.42
BG,2019,12,1,1.067121658946693e-05,0.4194215977354314,3.85,1.24,61194.42
BG,2020,1,1,1.971190093319484e-05,0.3965934706540696,1.59,0.43,61855.55
BG,2020,2,1,2.4489149847841274e-05,0.38856360743825097,4.77,2.31,61855.55
BG,2020,3,1,2.8692804346856053e-05,0.44397261262289134,7.16,3.0,61855.55
BG,2020,4,1,1.6540826236737147e-05,0.518776577109245,10.08,1.75,61855.55
BG,2020,5,1,1.5794324542457848e-05,0.6635222115465338,15.43,2.49,61855.55
BG,2020,6,1,2.3526229092764844e-05,0.6832332499878603,19.24,3.61,61855.55
BG,2020,7,1,2.4854072055915233e-05,0.6460025780958845,22.32,1.34,61855.55
BG,2020,8,1,2.4234575716661958e-05,0.5818158304667719,22.78,1.36,61855.55
BG,2020,9,1,2.3661739081192178e-05,0.513301770333429,19.68,1.03,61855.55
BG,2020,10,1,3.073608796111075e-05,0.5349187507301922,13.99,2.15,61855.55
BG,2020,11,1,2.5556260009895356e-05,0.4813298101336372,5.76,0.86,61855.55
BG,2020,12,1,3.0430750585106114e-05,0.4419678100330629,4.55,2.69,61855.55
BG,2021,1,1,2.4825416068238036e-05,0.4249411772594704,2.19,4.63,71343.94
BG,2021,2,1,1.4440660604216309e-05,0.40223779299634643,3.91,1.12,71343.94
BG,2021,3,1,1.776664675778359e-05,0.42282307866095564,4.28,2.81,71343.94
BG,2021,4,1,1.71401465416309e-05,0.5058209499865082,8.96,2.53,71343.94
BG,2021,5,1,8.595408822126302e-06,0.6774090758274066,15.98,2.19,71343.94
BG,2021,6,1,1.6299177687468998e-05,0.7129209897066009,19.3,3.51,71343.94
BG,2021,7,1,2.2014192832549925e-05,0.664972819264634,23.76,0.86,71343.94
BG,2021,8,1,2.4459369726610907e-05,0.5835522493112915,23.42,1.47,71343.94
BG,2021,9,1,1.9246375804916058e-05,0.5273588913048073,17.08,0.71,71343.94
BG,2021,10,1,1.0222470545245264e-05,0.48834103705060977,9.71,3.72,71343.94
BG,2021,11,1,4.09573732010349e-05,0.42961218202466783,7.6,1.53,71343.94
BG,2021,12,1,2.185804080553076e-05,0.42110992318120916,2.94,3.45,71343.94
BG,2022,1,1,3.151282541432943e-05,0.3956309121628906,1.15,1.04,86078.19
BG,2022,2,1,8.025552697224878e-06,0.38294014855266434,3.93,1.93,86078.19
BG,2022,3,1,2.8409672668820302e-05,0.36066336097555246,3.17,0.86,86078.19
BG,2022,4,1,1.8300939615777275e-05,0.5011748781484963,10.7,2.4,86078.19
BG,2022,5,1,1.5167766760164388e-05,0.7096598301566582,16.26,1.55,86078.19
BG,2022,6,1,2.087503985780624e-05,0.7071639605519995,20.54,3.39,86078.19
BG,2022,7,1,2.2891278333158308e-05,0.636543579788388,23.15,0.91,86078.19
BG,2022,8,1,2.4267209553624578e-05,0.5586076264509878,23.31,1.92,86078.19
BG,2022,9,1,1.6088382776674634e-05,0.5685323870052598,17.49,1.44,86078.19
BG,2022,10,1,3.136054354818561e-05,0.49250647775233286,13.09,0.39,86078.19
BG,2022,11,1,NaN,0.40464607762103105,8.99,1.88,86078.19
BG,2022,12,1,1.937695624546356e-05,0.410754099126391,4.48,1.35,86078.19
BG,2023,1,1,3.200289971053247e-05,0.40365664186682726,4.47,2.38,94525.11
BG,2023,2,1,3.366625012197555e-05,0.37999863570552533,3.31,0.94,94525.11
BG,2023,3,1,1.8417466852685826e-05,0.42081926272138787,7.35,1.51,94525.11
BG,2023,4,1,1.7229380659375397e-05,0.557029981023367,9.64,3.47,94525.11
BG,2023,5,1,2.3940634796844204e-05,0.672324014153238,14.53,2.94,94525.11
BG,2023,6,1,2.3363033620309383e-05,0.7042268761226478,19.64,2.8,94525.11
BG,2023,7,1,1.5345963602037453e-05,0.6439527796905196,24.1,1.32,94525.11
BG,2023,8,1,9.837131971463918e-06,0.5782000095836728,23.79,1.12,94525.11
BG,2023,9,1,2.0377423665295214e-05,0.5248183377836604,20.06,1.04,94525.11
BG,2023,10,1,2.7538414798482413e-05,0.4595486792666597,15.62,0.34,94525.11
BG,2023,11,1,3.5885416397743725e-05,0.4343733309589496,8.23,4.03,94525.11
BG,2023,12,1,3.581321183262887e-05,0.3957691982909699,4.39,1.93,94525.11
BG,2024,1,1,1.9587753184464413e-05,0.36989649077819603,1.62,1.45,104767.22
BG,2024,2,1,3.496503404480543e-05,0.3876655365704778,7.55,0.75,104767.22
BG,2024,3,1,2.4352952921001554e-05,0.46926676136865114,8.56,1.93,104767.22
BG,2024,4,1,3.899782912694823e-05,0.6510078805875775,14.05,2.23,104767.22
BG,2024,5,1,1.7734335787296836e-05,0.6916014116002023,14.98,3.17,104767.22
BG,2024,6,1,1.9385818283175263e-05,0.6452440307645992,23.42,1.41,104767.22
BG,2024,7,1,2.2382498100472062e-05,0.5804115418632565,25.15,1.35,104767.22
BG,2024,8,1,3.616496838805946e-05,0.5048787288227129,24.41,1.06,104767.22
BG,2024,9,1,1.8191687133336564e-05,0.5078702594611155,18.7,2.18,104767.22
BG,2024,10,1,3.39369159089123e-05,0.5257021032045692,12.58,0.57,104767.22
BG,2024,11,1,2.7745327682872982e-05,0.42747146769357425,4.84,1.78,104767.22
BG,2024,12,1,3.61257451148493e-05,0.4120869198256785,3.56,3.87,104767.22
CY,2019,1,1,6.714953397653524e-06,0.5783681671659606,11.69,5.28,23400.85
CY,2019,2,1,1.431114026800743e-05,0.6052987528172572,12.69,5.29,23400.85
CY,2019,3,1,NaN,0.5900248675162977,14.2,2.72,23400.85
CY,2019,4,1,2.6150754067019227e-05,0.47953503325477537,16.3,1.76,23400.85
CY,2019,5,1,1.8043567505881694e-05,0.36023105344735407,22.38,0.08,23400.85
CY,2019,6,1,1.6886586955797416e-05,0.32751711649915705,25.69,0.68,23400.85
CY,2019,7,1,1.2194118306098823e-05,0.31653261174520425,28.1,0.07,23400.85
CY,2019,8,1,2.7836692582720198e-05,0.3185208016398751,28.8,0.11,23400.85
CY,2019,9,1,2.8057787937355552e-05,0.32215122387166306,26.27,0.46,23400.85
CY,2019,10,1,1.6284270978325436e-05,0.33573766769112706,23.37,1.27,23400.85
CY,2019,11,1,2.1838526602979352e-05,0.39735600822935574,19.12,1.29,23400.85
CY,2019,12,1,2.618867529403827e-05,0.45526315408437196,13.92,4.38,23400.85
CY,2020,1,1,1.7275693206081448e-05,0.5534215043768747,11.54,3.6,22373.64
CY,2020,2,1,1.6383768866339938e-05,0.5938541488316209,11.96,2.35,22373.64
CY,2020,3,1,2.528315614514111e-05,0.5863877820075675,14.25,2.43,22373.64
CY,2020,4,1,4.789140156697802e-06,0.4455260854643114,16.81,1.44,22373.64
CY,2020,5,1,1.4455590612398438e-05,0.3412582699753157,21.82,0.49,22373.64
CY,2020,6,1,2.450825910552682e-05,0.3108733302045633,23.72,0.06,22373.64
CY,2020,7,1,3.415472510310556e-05,0.2996488929968215,28.12,0.01,22373.64
CY,2020,8,1,2.6422506021834378e-05,0.29849824685413767,28.57,0.04,22373.64
CY,2020,9,1,1.8040699845921432e-05,0.3025975232297869,27.85,0.09,22373.64
CY,2020,10,1,2.2790377491189637e-05,0.30029676402582217,23.95,0.13,22373.64
CY,2020,11,1,2.6571236830925642e-05,0.34737344128152536,17.91,3.07,22373.64
CY,2020,12,1,2.5533938652691924e-05,0.4801436826364382,14.79,2.3,22373.64
CY,2021,1,1,1.860750904956632e-05,0.5538660755752371,13.44,2.82,25679.89
CY,2021,2,1,2.0161595833907433e-05,0.5683871776336978,13.28,0.66,25679.89
CY,2021,3,1,1.121529582325736e-05,0.5338105945008095,13.7,1.64,25679.89
CY,2021,4,1,2.0062449286128482e-05,0.3878753281358954,17.49,0.8,25679.89
CY,2021,5,1,2.4034909523690612e-05,0.3115588516477507,22.92,0.0,25679.89
CY,2021,6,1,3.0001778134536768e-05,0.2862096529863591,24.65,0.1,25679.89
CY,2021,7,1,3.0237685647507854e-05,0.2779416604074768,29.14,0.01,25679.89
CY,2021,8,1,2.120415689686423e-05,0.28037526148539255,29.44,0.07,25679.89
CY,2021,9,1,2.130988864791586e-05,0.28585375022568316,25.52,0.37,25679.89
CY,2021,10,1,2.9933382352651496e-05,0.2892724777868865,22.01,0.29,25679.89
CY,2021,11,1,6.347977282933126e-05,0.2953991924722217,18.96,1.51,25679.89
CY,2021,12,1,3.892290505079777e-05,0.4265452777135215,13.85,3.66,25679.89
CY,2022,1,1,2.176352922122375e-05,0.52891360615267,11.07,4.28,29645.4
CY,2022,2,1,2.5330442242051962e-05,0.5478415495470934,12.55,1.75,29645.4
CY,2022,3,1,3.282095339425264e-05,0.5353071224958124,10.94,1.99,29645.4
CY,2022,4,1,2.584678701208633e-05,0.40980810802881845,18.19,0.04,29645.4
CY,2022,5,1,1.6291640088484342e-05,0.32712285287039117,21.45,0.28,29645.4
CY,2022,6,1,2.7131142381689512e-05,0.2935092135383619,25.12,0.27,29645.4
CY,2022,7,1,2.8076338627323932e-05,0.2757218849654991,28.48,0.0,29645.4
CY,2022,8,1,1.0928015601560521e-05,0.27981352461913794,27.73,0.04,29645.4
CY,2022,9,1,2.143473137591899e-05,0.2800436893854784,26.09,0.05,29645.4
CY,2022,10,1,2.8162679895181386e-05,0.3087229948690033,22.33,1.69,29645.4
CY,2022,11,1,3.564583407882017e-05,0.3755515703552837,17.96,1.55,29645.4
CY,2022,12,1,1.947526462584478e-05,0.48721808342777856,15.3,1.25,29645.4
CY,2023,1,1,1.4882748170936797e-05,0.5266019010136243,13.41,2.78,32439.16
CY,2023,2,1,2.503981820378958e-05,0.5182922435640821,11.11,1.9,32439.16
CY,2023,3,1,9.799555649346722e-06,0.5174121834645249,14.96,1.9,32439.16
CY,2023,4,1,1.7858359460822853e-05,0.40321754648416513,16.68,0.97,32439.16
CY,2023,5,1,1.5351556485714727e-05,0.31579009130901325,20.36,1.24,32439.16
CY,2023,6,1,2.2345825974170618e-05,0.3126545913737529,24.49,0.14,32439.16
CY,2023,7,1,3.131734928091393e-05,0.2789442379384341,29.36,0.0,32439.16
CY,2023,8,1,1.9544141330762236e-05,0.2799101410403413,28.46,0.03,32439.16
CY,2023,9,1,9.429893392396775e-06,0.28677694968658035,26.65,0.2,32439.16
CY,2023,10,1,1.4870781178743469e-05,0.30351125586017086,23.1,1.56,32439.16
CY,2023,11,1,1.638007051489443e-05,0.3307327390100708,18.95,1.56,32439.16
CY,2023,12,1,2.0031587318058044e-05,0.40721158113924133,15.41,2.17,32439.16
CY,2024,1,1,2.1670293728454653e-05,0.5031779442840959,13.14,4.15,34770.17
CY,2024,2,1,3.389315095816737e-05,0.5749719418001739,13.14,1.76,34770.17
CY,2024,3,1,2.8475798541717676e-05,0.518319304718,15.1,0.8,34770.17
CY,2024,4,1,1.954440392725489e-05,0.3520342753718405,19.9,1.48,34770.17
CY,2024,5,1,1.7402782042193882e-05,0.2998522471978193,21.4,0.46,34770.17
CY,2024,6,1,3.4033145694754564e-05,0.274013497418932,28.68,0.16,34770.17
CY,2024,7,1,4.346895888907409e-05,0.2737217197182948,29.65,0.13,34770.17
CY,2024,8,1,2.1280728493080624e-05,0.26721257392592124,28.67,0.11,34770.17
CY,2024,9,1,1.636265054709958e-05,0.26387924054470313,25.45,0.5,34770.17
CY,2024,10,1,4.0334656148958596e-05,0.2772896472078989,21.63,0.05,34770.17
CY,2024,11,1,4.136025460865218e-05,0.3272862731834659,16.8,2.06,34770.17
CY,2024,12,1,4.588800439575884e-05,0.42959445973608484,13.38,3.59,34770.17
CZ,2019,1,1,0.00010916043431004158,0.4595040267542575,-1.5,2.75,229406.66
CZ,2019,2,1,0.00014790500427941673,0.4086023301404455,2.0,1.36,229406.66
CZ,2019,3,1,4.72994199369107e-05,0.44701578887176013,5.8,2.13,229406.66
CZ,2019,4,1,4.121920563660191e-05,0.5963447607704893,9.51,0.98,229406.66
CZ,2019,5,1,3.151762564529946e-05,0.6804847462125004,10.75,3.32,229406.66
CZ,2019,6,1,3.288082676743318e-05,0.714040146927312,20.79,1.93,229406.66
CZ,2019,7,1,2.622378989845647e-05,0.5901563395891058,19.02,2.19,229406.66
CZ,2019,8,1,3.2622616777753105e-05,0.6214687515747012,19.32,2.81,229406.66
CZ,2019,9,1,4.2628990823551995e-05,0.6226079187258751,13.74,2.47,229406.66
CZ,2019,10,1,NaN,0.5885499082020074,9.9,1.68,229406.66
CZ,2019,11,1,4.194252694207594e-05,0.5505328052014329,5.56,1.81,229406.66
CZ,2019,12,1,8.177862608138785e-05,0.5066285282881239,2.09,1.38,229406.66
CZ,2020,1,1,3.6045094121209177e-05,0.4786825409175825,0.38,0.84,220310.64
CZ,2020,2,1,3.404416133626641e-05,0.4725633261751185,3.84,3.18,220310.64
CZ,2020,3,1,4.511222994124077e-05,0.5064328504742032,4.23,1.46,220310.64
CZ,2020,4,1,NaN,0.5895311375480786,9.56,0.6,220310.64
CZ,2020,5,1,4.1646996074290094e-05,0.6967234417042273,11.08,3.06,220310.64
CZ,2020,6,1,2.586998026880944e-05,0.7228907917848122,16.47,5.08,220310.64
CZ,2020,7,1,2.7203341147164344e-05,0.6582711800803887,17.95,2.2,220310.64
CZ,2020,8,1,3.071760134125031e-05,0.6667876763256617,19.25,4.05,220310.64
CZ,2020,9,1,6.171862612685732e-05,0.6211033931808039,14.56,2.61,220310.64
CZ,2020,10,1,4.155456061596142e-05,0.5824678601111101,9.25,3.55,220310.64
CZ,2020,11,1,5.507829557979782e-05,0.5617600631081304,4.04,0.97,220310.64
CZ,2020,12,1,2.6223905276439067e-05,0.5131369904194386,1.73,1.39,220310.64
CZ,2021,1,1,2.7773056480911365e-05,0.45923005064785505,-1.08,2.41,246012.29
CZ,2021,2,1,3.411297302716578e-05,0.39990573866862283,-0.68,2.04,246012.29
CZ,2021,3,1,4.442793819330069e-05,0.40436847318970687,3.12,1.42,246012.29
CZ,2021,4,1,3.76002811868957e-05,0.48628168153279533,5.49,1.64,246012.29
CZ,2021,5,1,3.861900963654763e-05,0.6473737699012035,10.63,4.35,246012.29
CZ,2021,6,1,NaN,0.7171268460238864,18.93,2.67,246012.29
CZ,2021,7,1,1.962443626238917e-05,0.6917341612817202,18.9,3.95,246012.29
CZ,2021,8,1,8.95801804290386e-06,0.6664758124520237,16.3,4.47,246012.29
CZ,2021,9,1,3.72595558466375e-05,0.6406580841038461,14.7,1.37,246012.29
CZ,2021,10,1,7.948320966557701e-05,0.596037733451094,8.33,0.97,246012.29
CZ,2021,11,1,NaN,0.5436170032729699,3.74,1.87,246012.29
CZ,2021,12,1,2.828356039827657e-05,0.48685185269962894,0.45,2.01,246012.29
CZ,2022,1,1,NaN,0.4592750142338463,0.74,1.9,286976.8
CZ,2022,2,1,5.6396981143847896e-05,0.426858785935927,3.03,2.09,286976.8
CZ,2022,3,1,NaN,0.3951220297499592,3.6,0.75,286976.8
CZ,2022,4,1,2.784423834614368e-05,0.5116102350947127,6.51,2.13,286976.8
CZ,2022,5,1,2.324859063477765e-05,0.6863180458280062,14.43,2.16,286976.8
CZ,2022,6,1,2.4218354922468112e-05,0.7216843133663016,18.74,4.47,286976.8
CZ,2022,7,1,2.152549914042041e-05,0.6301231129099435,18.9,2.25,286976.8
CZ,2022,8,1,2.838769720403083e-05,0.6086144334624588,19.46,3.83,286976.8
CZ,2022,9,1,4.3793609187329595e-05,0.6386154541794585,12.37,4.11,286976.8
CZ,2022,10,1,7.32508452477116e-05,0.5877041869158839,11.02,0.94,286976.8
CZ,2022,11,1,5.510520726777779e-05,0.5736138634322693,4.31,1.45,286976.8
CZ,2022,12,1,2.452162256003761e-05,0.5396195332400833,0.32,2.01,286976.8
CZ,2023,1,1,6.003070666338317e-05,0.5317922847316064,2.15,1.56,319099.11
CZ,2023,2,1,5.884093704187439e-05,0.4486993956277368,1.34,1.78,319099.11
CZ,2023,3,1,3.922196501645548e-05,0.4323935645420465,4.86,2.03,319099.11
CZ,2023,4,1,2.6744778234710585e-05,0.5765630702336468,6.62,2.8,319099.11
CZ,2023,5,1,2.8470291916322075e-05,0.6948986876914611,12.55,1.78,319099.11
CZ,2023,6,1,3.0531971074640935e-05,0.7022872234782942,17.33,2.11,319099.11
CZ,2023,7,1,2.5225313321931032e-05,0.5964530360740743,19.84,2.13,319099.11
CZ,2023,8,1,1.931867639341795e-05,0.6607711060876572,18.91,5.17,319099.11
CZ,2023,9,1,3.2838002692325136e-05,0.6512796208315281,17.11,0.87,319099.11
CZ,2023,10,1,3.5702521745406554e-05,0.6016129681457502,11.51,2.17,319099.11
CZ,2023,11,1,0.00010566792541629716,0.5626975958468243,4.33,3.53,319099.11
CZ,2023,12,1,8.758298677488219e-06,0.5391153060634395,2.21,3.31,319099.11
CZ,2024,1,1,0.00010631805066901344,0.4866403117284889,-0.32,2.14,320786.54
CZ,2024,2,1,4.297039185307876e-05,0.46326633378500964,5.88,2.39,320786.54
CZ,2024,3,1,2.1842217206377886e-05,0.49363709426407676,7.24,1.17,320786.54
CZ,2024,4,1,3.260041861485443e-05,0.6219087637381266,10.2,1.81,320786.54
CZ,2024,5,1,2.881902798391199e-05,0.7253051997775006,14.64,3.33,320786.54
CZ,2024,6,1,2.4219051083005095e-05,0.6930548611407982,17.94,3.28,320786.54
CZ,2024,7,1,3.2233106382384037e-05,0.6660720041807017,19.94,2.83,320786.54
CZ,2024,8,1,3.564278252649648e-05,0.6346350510580437,20.54,2.68,320786.54
CZ,2024,9,1,2.3470583619239918e-05,0.6323692038006827,15.38,5.63,320786.54
CZ,2024,10,1,5.72833738269655e-05,0.5921681912657405,9.95,1.66,320786.54
CZ,2024,11,1,7.480819907174315e-05,0.5546608897016928,3.0,1.36,320786.54
CZ,2024,12,1,5.724660643283908e-05,0.518436556328139,0.99,1.54,320786.54
DE,2019,1,1,0.00016907048120629045,0.5250398086172912,0.89,2.86,3537280.0
DE,2019,2,1,0.00012545284437708902,0.5125307109036773,4.24,1.29,3537280.0
DE,2019,3,1,6.563786906940086e-05,0.5388440816971063,6.77,2.85,3537280.0
DE,2019,4,1,5.0123562771380496e-05,0.6270039910419526,9.81,1.38,3537280.0
DE,2019,5,1,3.938483271386433e-05,0.667127648661961,11.18,2.8,3537280.0
DE,2019,6,1,4.183686565529193e-05,0.6946710070088172,19.94,1.96,3537280.0
DE,2019,7,1,NaN,0.5869705840022227,19.05,1.96,3537280.0
DE,2019,8,1,4.1619036914376716e-05,0.6276458094753763,19.26,2.4,3537280.0
DE,2019,9,1,3.623182642958908e-05,0.5921065981058035,14.26,2.36,3537280.0
DE,2019,10,1,7.238764488097755e-05,0.6042295933257423,11.01,3.08,3537280.0
DE,2019,11,1,6.124814550993407e-05,0.5884948422918572,5.4,2.31,3537280.0
DE,2019,12,1,5.797507207215394e-05,0.5706393215718532,3.96,2.14,3537280.0
DE,2020,1,1,4.208848355211742e-05,0.5660444182521491,3.72,1.55,3450720.0
DE,2020,2,1,2.6654452717116717e-05,0.5265708892993327,5.45,4.71,3450720.0
DE,2020,3,1,6.299967171725593e-05,0.5531938761988421,5.45,1.97,3450720.0
DE,2020,4,1,4.7764484977032185e-05,0.6118410411183131,10.54,0.65,3450720.0
DE,2020,5,1,3.472862003018729e-05,0.6634973840264039,12.08,1.53,3450720.0
DE,2020,6,1,2.9881595875203296e-05,0.6935318796854267,17.1,3.27,3450720.0
DE,2020,7,1,2.988279474808391e-05,0.6306075554425132,17.81,2.06,3450720.0
DE,2020,8,1,2.8594312190479615e-05,0.605843790514938,20.18,2.79,3450720.0
DE,2020,9,1,0.00011660810957260357,0.6224343467372384,15.03,1.66,3450720.0
DE,2020,10,1,3.434803165737289e-05,0.6110617719787712,10.38,2.85,3450720.0
DE,2020,11,1,6.453097407386282e-05,0.6186971718659093,6.41,0.91,3450720.0
DE,2020,12,1,3.359969828440787e-05,0.5955713288797638,3.26,2.57,3450720.0
DE,2021,1,1,2.3337042225251894e-05,0.5451016696819417,0.82,3.24,3682340.0
DE,2021,2,1,3.51058393700998e-05,0.4942646942799999,1.87,2.19,3682340.0
DE,2021,3,1,0.00010024638060039502,0.5084403378213462,4.95,1.9,3682340.0
DE,2021,4,1,4.585122397683338e-05,0.5772996349179432,6.18,1.67,3682340.0
DE,2021,5,1,3.87446181349398e-05,0.6690977607120376,10.84,3.93,3682340.0
DE,2021,6,1,1.6147769505069297e-05,0.6889759141210738,19.1,3.57,3682340.0
DE,2021,7,1,2.743450347572934e-05,0.6793405781850945,18.52,3.89,3682340.0
DE,2021,8,1,3.017704042963985e-05,0.6471414138622171,16.54,3.58,3682340.0
DE,2021,9,1,4.2779456434653e-05,0.6587490099619475,15.35,1.5,3682340.0
DE,2021,10,1,7.144076136431474e-05,0.6299563319972513,9.87,1.98,3682340.0
DE,2021,11,1,4.825355274183e-06,0.6058901684862931,5.12,1.85,3682340.0
DE,2021,12,1,3.5467207366493684e-05,0.5646033621550482,2.73,2.54,3682340.0
DE,2022,1,1,2.8562173291170396e-05,0.5429502199178613,2.98,2.23,3989390.0
DE,2022,2,1,6.26346739015566e-05,0.5147207391776147,4.65,3.59,3989390.0
DE,2022,3,1,6.28864872662602e-06,0.4770703103353452,5.3,0.6,3989390.0
DE,2022,4,1,4.4872704828869395e-05,0.5812117630899668,7.88,2.36,3989390.0
DE,2022,5,1,4.974003806508915e-05,0.6620082313135697,14.54,1.84,3989390.0
DE,2022,6,1,3.0542039886746934e-05,0.6583795048856205,18.4,2.48,3989390.0
DE,2022,7,1,2.9712039287323062e-05,0.5890168615147124,19.24,1.59,3989390.0
DE,2022,8,1,3.495363201022122e-05,0.5610801234787643,20.42,1.85,3989390.0
DE,2022,9,1,6.124370635847102e-05,0.6066078818660117,13.52,3.69,3989390.0
DE,2022,10,1,7.425849059152993e-05,0.6106538231470462,12.67,2.12,3989390.0
DE,2022,11,1,6.537836152482265e-05,0.6369820059709381,6.53,2.0,3989390.0
DE,2022,12,1,3.0359100016796662e-05,0.5850741858171945,1.92,2.48,3989390.0
DE,2023,1,1,5.222583173287872e-05,0.5776988888897348,3.77,2.62,4219310.0
DE,2023,2,1,5.3054893432421446e-05,0.538680957974511,3.41,1.69,4219310.0
DE,2023,3,1,3.641166568690188e-05,0.5232389611788428,5.82,3.27,4219310.0
DE,2023,4,1,2.4866243180108448e-05,0.607901919928776,7.65,2.47,4219310.0
DE,2023,5,1,3.0104551196449718e-05,0.6606092558724688,13.19,1.63,4219310.0
DE,2023,6,1,3.146878429927343e-05,0.6518160316160214,18.72,1.66,4219310.0
DE,2023,7,1,2.3150850821038687e-05,0.6049537407965204,18.79,3.18,4219310.0
DE,2023,8,1,2.588511425146211e-05,0.6724036896985613,18.33,4.02,4219310.0
DE,2023,9,1,4.002313114880445e-05,0.6527583245469962,17.48,1.16,4219310.0
DE,2023,10,1,3.0509068104261135e-05,0.6237744537959289,11.96,3.44,4219310.0
DE,2023,11,1,0.00010358988788827727,0.6049125230467154,5.79,4.25,4219310.0
DE,2023,12,1,3.1530551771262024e-08,0.5731277478650991,4.22,4.1,4219310.0
DE,2024,1,1,3.1331523774533635e-05,0.5298027269351734,1.67,2.66,4328970.0
DE,2024,2,1,4.445624689827054e-05,0.49748716363177203,6.69,3.2,4328970.0
DE,2024,3,1,3.258435692420382e-05,0.49789839449050943,7.58,1.72,4328970.0
DE,2024,4,1,4.627121937022072e-05,0.6255256071800206,10.17,2.8,4328970.0
DE,2024,5,1,3.0240080832144023e-05,0.6960293916080851,15.22,3.93,4328970.0
DE,2024,6,1,2.6587855995968502e-05,0.682422986194842,16.81,3.24,4328970.0
DE,2024,7,1,3.137675368494838e-05,0.668924302327486,18.85,3.04,4328970.0
DE,2024,8,1,3.234432699426103e-05,0.6515876471088838,19.92,2.01,4328970.0
DE,2024,9,1,2.3195924407615095e-05,0.6471815165636546,15.56,3.33,4328970.0
DE,2024,10,1,5.390099174293211e-05,0.62685156887563,11.13,2.4,4328970.0
DE,2024,11,1,8.060222122410297e-05,0.6128134774180571,5.3,2.16,4328970.0
DE,2024,12,1,6.960887056114779e-05,0.5846774126333306,3.23,2.02,4328970.0
DK,2019,1,1,0.00020332529473614632,0.5790061841435701,2.37,1.74,308546.19
DK,2019,2,1,3.179629251021432e-05,0.5444052499543492,4.5,1.92,308546.19
DK,2019,3,1,4.466821902476631e-06,0.5550822883225401,5.57,3.5,308546.19
DK,2019,4,1,2.5315610467753602e-05,0.5628359701745095,8.15,0.94,308546.19
DK,2019,5,1,1.3817515100104523e-05,0.6613844884234806,9.99,2.01,308546.19
DK,2019,6,1,2.6926344852563924e-05,0.7125310537903848,16.24,2.34,308546.19
DK,2019,7,1,2.3050453669379117e-05,0.6000428237008926,16.84,2.68,308546.19
DK,2019,8,1,3.165592697595511e-05,0.5510783204451091,17.56,3.15,308546.19
DK,2019,9,1,1.5839511966763843e-05,0.5534480197774082,13.74,4.28,308546.19
DK,2019,10,1,3.829741193801643e-05,0.6022615193819705,9.84,3.81,308546.19
DK,2019,11,1,1.301082399154074e-05,0.590799777274194,6.19,3.24,308546.19
DK,2019,12,1,4.0359689455526834e-05,0.5827277726691077,5.18,2.16,308546.19
DK,2020,1,1,1.935585819241912e-06,0.5417212318758763,5.82,2.47,312118.31
DK,2020,2,1,1.614738618840458e-05,0.5270303307937709,4.95,4.33,312118.31
DK,2020,3,1,3.3174782163634606e-05,0.5237068409603859,4.68,1.37,312118.31
DK,2020,4,1,NaN,0.5199406497823343,7.78,0.93,312118.31
DK,2020,5,1,2.4748664488670188e-05,0.6425412598837053,10.2,1.34,312118.31
DK,2020,6,1,1.9369930329607985e-05,0.7338857141631819,16.43,3.21,312118.31
DK,2020,7,1,1.6436111821873924e-05,0.6325160585353472,15.03,3.14,312118.31
DK,2020,8,1,2.004934476847398e-05,0.5489911373136694,18.26,2.2,312118.31
DK,2020,9,1,3.839181951604548e-05,0.5952235718007275,14.34,1.71,312118.31
DK,2020,10,1,3.271821181681831e-05,0.677196067884917,10.79,2.98,312118.31
DK,2020,11,1,1.9932578464518963e-05,0.6527086598537638,8.11,1.69,312118.31
DK,2020,12,1,NaN,0.6278067315077301,4.65,2.75,312118.31
DK,2021,1,1,1.1080556707329517e-06,0.5301296532519846,1.24,2.27,343318.61
DK,2021,2,1,2.442298008024357e-05,0.46835151202027886,0.42,1.1,343318.61
DK,2021,3,1,5.076359023757351e-05,0.4202121912002767,4.11,1.6,343318.61
DK,2021,4,1,1.8923915922736142e-05,0.5048216475356062,5.7,1.07,343318.61
DK,2021,5,1,1.406538701078361e-05,0.6516129609002411,9.91,4.0,343318.61
DK,2021,6,1,2.8643671224892905e-05,0.7401298615178235,15.95,1.42,343318.61
DK,2021,7,1,2.3731999503597896e-05,0.6268386961463648,18.38,3.03,343318.61
DK,2021,8,1,3.088947115833155e-05,0.5723533534704668,15.97,2.64,343318.61
DK,2021,9,1,3.096316081807541e-05,0.6433249223088141,14.82,2.36,343318.61
DK,2021,10,1,5.507304096758821e-05,0.6550697886722802,11.05,3.27,343318.61
DK,2021,11,1,1.2147661800402536e-05,0.632163709202849,7.2,1.71,343318.61
DK,2021,12,1,5.0995561994345614e-05,0.5904305562616347,2.54,2.38,343318.61
DK,2022,1,1,1.7402012611501067e-05,0.529962514964191,4.39,1.53,380567.45
DK,2022,2,1,4.7459879534963416e-05,0.5182590498629196,4.36,4.08,380567.45
DK,2022,3,1,1.8294513862352505e-05,0.4588043812051565,3.97,0.21,380567.45
DK,2022,4,1,3.598610442561506e-05,0.4997697944426434,6.68,1.36,380567.45
DK,2022,5,1,2.1348129173352115e-05,0.6555209731533878,11.54,2.01,380567.45
DK,2022,6,1,1.9461987868111137e-05,0.7390046960840225,15.1,2.2,380567.45
DK,2022,7,1,2.491563197069539e-05,0.5951742741762979,16.52,2.32,380567.45
DK,2022,8,1,2.4978166574655186e-05,0.5329569183767128,18.05,2.12,380567.45
DK,2022,9,1,3.1874259299531804e-05,0.6092955364915844,13.59,3.29,380567.45
DK,2022,10,1,5.687476123558214e-05,0.6566540871776415,12.03,2.52,380567.45
DK,2022,11,1,3.693085684868859e-05,0.6286792751265556,7.92,2.47,380567.45
DK,2022,12,1,5.360164412030636e-05,0.5933520912815033,1.94,2.44,380567.45
DK,2023,1,1,3.263381183959558e-05,0.5518122421993552,4.11,3.6,374173.58
DK,2023,2,1,4.114396959054739e-05,0.5230546519648467,4.05,1.51,374173.58
DK,2023,3,1,NaN,0.48634846142806554,3.77,3.11,374173.58
DK,2023,4,1,8.77920344156454e-06,0.5396907188762453,7.09,1.51,374173.58
DK,2023,5,1,1.2697560099077285e-05,0.6432396571766237,11.22,0.59,374173.58
DK,2023,6,1,1.4744116232063242e-05,0.6529304852230785,16.44,1.04,374173.58
DK,2023,7,1,2.1654174073676646e-05,0.6207457369099804,16.03,4.69,374173.58
DK,2023,8,1,1.938846615263876e-05,0.5894124708290173,16.33,3.92,374173.58
DK,2023,9,1,1.6338839037157455e-05,0.6274064090490601,16.52,2.13,374173.58
DK,2023,10,1,3.608639183684538e-05,0.6566098708744275,10.36,4.65,374173.58
DK,2023,11,1,8.082712013572829e-05,0.6161985457432047,4.97,3.21,374173.58
DK,2023,12,1,-3.733470584847964e-05,0.5718760011984683,3.32,3.14,374173.58
DK,2024,1,1,8.978308090771493e-06,0.495809875208896,1.32,3.07,392400.73
DK,2024,2,1,4.5919925323010284e-05,0.47538778546128635,4.5,3.94,392400.73
DK,2024,3,1,NaN,0.4415396084929802,5.22,1.48,392400.73
DK,2024,4,1,3.1079652137173715e-05,0.5732337076640535,7.59,3.59,392400.73
DK,2024,5,1,2.5738512159096132e-05,0.6714620885433513,14.37,2.23,392400.73
DK,2024,6,1,3.3177703420581193e-05,0.7187837164254082,14.48,3.67,392400.73
DK,2024,7,1,1.4350454795474e-05,0.6816550964061496,16.32,4.34,392400.73
DK,2024,8,1,2.1685687629126453e-05,0.5927432391873098,17.27,2.88,392400.73
DK,2024,9,1,1.79362414361369e-05,0.6161043637779651,14.98,2.51,392400.73
DK,2024,10,1,2.7012747084485822e-05,0.6077454371365044,10.96,1.72,392400.73
DK,2024,11,1,7.145154358949818e-05,0.6093348261316589,6.51,1.78,392400.73
DK,2024,12,1,NaN,0.574326798197047,5.33,2.3,392400.73
ES,2019,1,1,1.4028976593749576e-05,0.45947668596610447,5.65,1.63,1253710.0
ES,2019,2,1,1.3490822124885809e-05,0.4392742537392522,8.25,0.74,1253710.0
ES,2019,3,1,1.03122466579143e-05,0.45840456856840633,10.64,0.89,1253710.0
ES,2019,4,1,1.912654301343645e-05,0.45443698399349264,11.37,3.31,1253710.0
ES,2019,5,1,2.0206366049085018e-05,0.44796141028288683,16.26,0.96,1253710.0
ES,2019,6,1,1.2627518030044946e-05,0.3982389945212144,20.28,0.93,1253710.0
ES,2019,7,1,1.7139288684120398e-05,0.3858019887727808,23.84,0.93,1253710.0
ES,2019,8,1,2.1131956686330902e-05,0.3789359852459043,23.38,0.92,1253710.0
ES,2019,9,1,1.1568404906143284e-05,0.3881026587333967,19.53,1.69,1253710.0
ES,2019,10,1,1.4791021643438833e-05,0.404674812254173,15.65,2.33,1253710.0
ES,2019,11,1,3.245803062433716e-05,0.4306949349393653,9.26,3.6,1253710.0
ES,2019,12,1,3.3554826452079946e-05,0.4596711217865066,8.35,3.62,1253710.0
ES,2020,1,1,3.775390979181372e-05,0.4568604657521758,6.35,2.06,1129214.0
ES,2020,2,1,1.664784731868393e-05,0.49361713459878587,10.05,0.43,1129214.0
ES,2020,3,1,1.8566222807035088e-05,0.48299653786315977,9.99,3.08,1129214.0
ES,2020,4,1,1.4560980258321893e-05,0.5047060026753368,12.57,3.52,1129214.0
ES,2020,5,1,1.6617004123309885e-05,0.5165403989715841,17.61,2.01,1129214.0
ES,2020,6,1,2.186876048055499e-05,0.4466222994955164,19.39,1.59,1129214.0
ES,2020,7,1,2.528370663225503e-05,0.4137804835763079,24.35,0.51,1129214.0
ES,2020,8,1,1.9583858194759528e-05,0.4061454811334316,23.08,1.02,1129214.0
ES,2020,9,1,1.4426081319023772e-05,0.39907554544027457,19.33,1.46,1129214.0
ES,2020,10,1,2.1780397912022852e-05,0.4016403060461444,13.34,2.45,1129214.0
ES,2020,11,1,4.291582602952889e-05,0.4688130553049059,11.03,2.39,1129214.0
ES,2020,12,1,1.662807900381702e-05,0.48545913561974935,6.94,2.61,1129214.0
ES,2021,1,1,1.5337106531257857e-05,0.4598115596544624,5.08,2.75,1235474.0
ES,2021,2,1,1.1749209178021449e-05,0.47038661711685276,9.42,2.9,1235474.0
ES,2021,3,1,1.688392880320558e-05,0.48935534554642607,9.81,0.86,1235474.0
ES,2021,4,1,1.6563456083391676e-05,0.48697451600020447,11.86,2.55,1235474.0
ES,2021,5,1,2.7963153640643664e-05,0.47103633133459627,15.73,1.45,1235474.0
ES,2021,6,1,1.4815990188939485e-05,0.4316425609084673,19.79,2.09,1235474.0
ES,2021,7,1,1.253426683915522e-05,0.40462278168603666,22.78,0.56,1235474.0
ES,2021,8,1,1.8693661749100902e-05,0.3953162919540818,23.25,0.63,1235474.0
ES,2021,9,1,1.9656163614846284e-05,0.4137222682916658,19.36,2.61,1235474.0
ES,2021,10,1,1.609725734836395e-05,0.4383224497027515,15.16,2.07,1235474.0
ES,2021,11,1,3.649622599543146e-05,0.4432450608867033,8.14,2.25,1235474.0
ES,2021,12,1,2.995236997e-05,0.4435040286209019,8.37,2.22,1235474.0
ES,2022,1,1,3.47470261423178e-05,0.4630377480245814,5.92,0.66,1375863.0
ES,2022,2,1,2.1921780669451368e-05,0.43639682271424163,8.59,0.64,1375863.0
ES,2022,3,1,1.703984327770726e-05,0.4268452484713138,9.28,4.15,1375863.0
ES,2022,4,1,1.6882090428391648e-05,0.48255254106831474,11.18,2.75,1375863.0
ES,2022,5,1,1.7318527122705222e-05,0.4574367205458196,18.22,0.98,1375863.0
ES,2022,6,1,1.8729632986639737e-05,0.3962689933676653,21.83,1.14,1375863.0
ES,2022,7,1,2.6248159422496285e-05,0.38031849138856716,25.56,0.52,1375863.0
ES,2022,8,1,2.1231054380259092e-05,0.3813148021927692,24.46,0.92,1375863.0
ES,2022,9,1,2.2272344671953203e-05,0.38427087623439055,19.57,1.66,1375863.0
ES,2022,10,1,2.1308304902498174e-05,0.38734581797081763,17.6,2.07,1375863.0
ES,2022,11,1,3.1937041119104625e-05,0.4396819067460253,11.29,2.36,1375863.0
ES,2022,12,1,1.8524485562824118e-05,0.4670477362640158,9.45,3.79,1375863.0
ES,2023,1,1,3.7187009628467404e-05,0.47902442085239977,5.83,2.18,1497761.0
ES,2023,2,1,2.6244207589124084e-05,0.43611872418666986,6.39,0.84,1497761.0
ES,2023,3,1,1.918673849237634e-05,0.4188732859844546,11.59,0.8,1497761.0
ES,2023,4,1,2.0178218685992477e-05,0.41985588217156855,15.0,0.68,1497761.0
ES,2023,5,1,2.4674374640406007e-05,0.40311755824139583,16.09,2.33,1497761.0
ES,2023,6,1,1.8986847185399623e-05,0.41828096222667405,20.95,2.68,1497761.0
ES,2023,7,1,2.1447172477485253e-05,0.39600040646839874,24.23,0.58,1497761.0
ES,2023,8,1,1.6921102308185388e-05,0.37636636627979025,24.64,0.57,1497761.0
ES,2023,9,1,2.4118009799573637e-05,0.414203194093816,19.93,2.44,1497761.0
ES,2023,10,1,1.0484107020109696e-05,0.41120617907667917,17.12,3.57,1497761.0
ES,2023,11,1,3.122438931541888e-05,0.4694887425190656,11.35,2.33,1497761.0
ES,2023,12,1,1.8855586909491962e-05,0.4908793971114567,7.23,1.39,1497761.0
ES,2024,1,1,3.0159682479547516e-05,0.4786925123790416,8.23,2.14,1594330.0
ES,2024,2,1,2.6432645149469526e-05,0.4787704526476343,9.42,2.48,1594330.0
ES,2024,3,1,1.2334031166488717e-05,0.4547639108041657,10.33,4.05,1594330.0
ES,2024,4,1,1.1813442506011902e-05,0.5029324935375166,13.17,1.39,1594330.0
ES,2024,5,1,1.602616419342707e-05,0.4594112279452039,15.78,1.67,1594330.0
ES,2024,6,1,1.924155027119571e-05,0.4163002643508329,19.78,2.03,1594330.0
ES,2024,7,1,2.3215785297640545e-05,0.4065790224674317,24.29,0.5,1594330.0
ES,2024,8,1,1.7761204340268727e-05,0.3946110780153324,24.6,0.81,1594330.0
ES,2024,9,1,2.236306919736256e-05,0.4030940941341465,18.28,2.13,1594330.0
ES,2024,10,1,4.185546360735807e-05,0.43212903281869913,15.39,4.63,1594330.0
ES,2024,11,1,3.270848910661398e-05,0.4662780442278312,12.02,1.5,1594330.0
ES,2024,12,1,2.4887989539650508e-05,0.48942193280126317,7.07,0.85,1594330.0
EE,2019,1,1,1.7200971821071825e-05,0.34791382633854595,-4.72,2.31,28472.06
EE,2019,2,1,7.827907700121462e-06,0.35081248719240454,0.05,1.9,28472.06
EE,2019,3,1,1.7032008704015087e-05,0.39346470569123726,1.08,2.47,28472.06
EE,2019,4,1,2.1727144013266885e-05,0.4559514994983125,6.74,0.32,28472.06
EE,2019,5,1,NaN,0.6135538995399088,10.58,2.38,28472.06
EE,2019,6,1,1.4091511213482815e-05,0.7380204201805829,17.57,1.78,28472.06
EE,2019,7,1,1.527843506777046e-05,0.7483761705280877,16.33,2.29,28472.06
EE,2019,8,1,1.4994771292996767e-05,0.7054746402911822,16.46,2.16,28472.06
EE,2019,9,1,2.8301967156763604e-05,0.6878298273433318,11.99,2.73,28472.06
EE,2019,10,1,5.960436347591024e-06,0.5919275834797288,7.21,3.36,28472.06
EE,2019,11,1,NaN,0.5341018953051861,3.04,2.16,28472.06
EE,2019,12,1,NaN,NaN,2.37,1.95,28472.06
EE,2020,1,1,8.675339260537472e-06,0.5258629937988467,2.88,1.6,27859.29
EE,2020,2,1,8.704178600294344e-06,0.46914443295069214,1.41,3.13,27859.29
EE,2020,3,1,2.240723474999739e-05,0.4834515957996495,2.21,1.73,27859.29
EE,2020,4,1,2.564477542196878e-05,0.48521300805122514,4.71,1.73,27859.29
EE,2020,5,1,9.105313272141426e-06,0.6064264864069397,9.08,1.47,27859.29
EE,2020,6,1,2.174381351215623e-05,0.7749248691486307,17.45,3.39,27859.29
EE,2020,7,1,1.538662923779258e-05,0.7523234230768595,16.27,3.13,27859.29
EE,2020,8,1,1.967419848852243e-05,0.7528493420177971,16.75,2.26,27859.29
EE,2020,9,1,2.4718504152882367e-05,0.6607491626816347,13.86,1.91,27859.29
EE,2020,10,1,2.176596491595213e-05,0.658332109083953,9.26,2.47,27859.29
EE,2020,11,1,0.00010748150959486321,0.571960659432333,5.05,2.02,27859.29
EE,2020,12,1,NaN,NaN,0.32,1.4,27859.29
EE,2021,1,1,1.5395603915802726e-05,0.35819470846389934,-3.26,1.89,31453.31
EE,2021,2,1,1.4917304874911986e-05,0.36626675856649715,-6.28,0.94,31453.31
EE,2021,3,1,2.020933007780728e-05,0.3820395019894998,0.12,1.47,31453.31
EE,2021,4,1,3.7623571419100156e-05,0.45729991100020895,4.73,1.27,31453.31
EE,2021,5,1,NaN,0.6366570538179355,10.17,3.54,31453.31
EE,2021,6,1,2.1610428064391728e-05,0.7741994779564332,18.88,1.44,31453.31
EE,2021,7,1,1.759979656900404e-05,0.7235483291086041,21.15,1.67,31453.31
EE,2021,8,1,2.6141879745303694e-05,0.7275193805894937,15.74,4.78,31453.31
EE,2021,9,1,1.8624511192095818e-05,0.7184202914760618,10.46,1.4,31453.31
EE,2021,10,1,3.9603353755158007e-05,0.6237435027492211,8.22,2.14,31453.31
EE,2021,11,1,NaN,0.5587236795245526,3.02,2.83,31453.31
EE,2021,12,1,NaN,NaN,-4.98,1.57,31453.31
EE,2022,1,1,NaN,0.32105595532962783,-2.05,2.66,36300.93
EE,2022,2,1,2.468105215282699e-05,0.3077234164245546,-0.65,2.62,36300.93
EE,2022,3,1,1.8806357817742547e-05,0.3236623243964006,0.21,0.42,36300.93
EE,2022,4,1,1.0432802562366673e-05,0.4393695573590899,4.02,1.5,36300.93
EE,2022,5,1,NaN,0.576683695969416,9.71,1.99,36300.93
EE,2022,6,1,NaN,0.7651022667627845,16.87,1.86,36300.93
EE,2022,7,1,1.0339010397760476e-05,0.7699396576336985,17.88,2.65,36300.93
EE,2022,8,1,8.31011316454376e-06,0.7103567809247855,19.5,1.76,36300.93
EE,2022,9,1,1.7786009726855076e-05,0.6915677198738179,9.91,1.48,36300.93
EE,2022,10,1,2.377933930745823e-05,0.6208934135934635,8.53,1.84,36300.93
EE,2022,11,1,NaN,0.5922345282506285,2.42,1.5,36300.93
EE,2022,12,1,NaN,NaN,-2.97,2.14,36300.93
EE,2023,1,1,1.6151885530890503e-05,0.3603270275055825,-1.39,2.65,38353.42
EE,2023,2,1,6.218461282397269e-06,0.3715586498315559,-1.65,1.53,38353.42
EE,2023,3,1,NaN,0.38337841770143644,0.13,2.08,38353.42
EE,2023,4,1,3.0154459276525417e-06,0.4773880903405433,6.39,0.9,38353.42
EE,2023,5,1,1.2305327876365916e-05,0.6564023949792476,10.78,0.6,38353.42
EE,2023,6,1,2.6095047967572646e-05,0.7314235456014575,16.42,0.87,38353.42
EE,2023,7,1,1.2753374436521839e-05,0.7333379469317934,16.54,2.76,38353.42
EE,2023,8,1,1.0681710525250225e-05,0.7223098120904293,18.12,4.02,38353.42
EE,2023,9,1,1.722208627168639e-05,0.7264647983895921,15.33,2.36,38353.42
EE,2023,10,1,NaN,0.6456920880013113,5.94,4.16,38353.42
EE,2023,11,1,NaN,0.49083604929886027,0.97,2.54,38353.42
EE,2023,12,1,NaN,NaN,-2.87,1.75,38353.42
EE,2024,1,1,NaN,0.38276820245083854,-6.71,1.52,39847.74
EE,2024,2,1,NaN,0.3812402724734687,-1.36,1.63,39847.74
EE,2024,3,1,1.286808165477088e-05,0.3658015435702221,2.21,0.94,39847.74
EE,2024,4,1,1.0532779264126555e-05,0.472786636208097,5.36,2.19,39847.74
EE,2024,5,1,1.797325839955709e-05,0.6961995904518903,13.62,0.42,39847.74
EE,2024,6,1,1.6585386788596155e-05,0.7856704741310828,16.77,2.27,39847.74
EE,2024,7,1,1.2010951163613277e-05,0.7513123402825285,18.87,4.35,39847.74
EE,2024,8,1,1.3759706176384689e-05,0.7154933646411805,17.71,2.66,39847.74
EE,2024,9,1,1.1467917138731793e-05,0.7129386688694153,15.56,1.96,39847.74
EE,2024,10,1,1.0726116980573025e-05,0.6349592218035608,8.5,1.44,39847.74
EE,2024,11,1,NaN,0.539697975719763,4.34,2.32,39847.74
EE,2024,12,1,NaN,NaN,1.31,2.13,39847.74
FI,2019,1,1,NaN,0.33577142988464664,-11.2,1.57,238518.0
FI,2019,2,1,7.926922690002257e-06,0.1729422327091424,-6.43,1.89,238518.0
FI,2019,3,1,4.114228331360913e-06,0.1679365362581686,-4.09,1.8,238518.0
FI,2019,4,1,NaN,0.28890108656183644,3.4,0.52,238518.0
FI,2019,5,1,NaN,0.4932968028125005,7.08,2.89,238518.0
FI,2019,6,1,NaN,0.6923058979772629,13.93,2.41,238518.0
FI,2019,7,1,NaN,0.7218492304029605,14.38,1.59,238518.0
FI,2019,8,1,3.0772276446020334e-05,0.6986512316362433,13.56,2.42,238518.0
FI,2019,9,1,3.968755952967597e-05,0.6499813489405282,8.46,2.49,238518.0
FI,2019,10,1,1.959831062363379e-06,0.5722543835589738,0.9,2.58,238518.0
FI,2019,11,1,NaN,0.5805090922523631,-3.56,2.52,238518.0
FI,2019,12,1,NaN,NaN,-2.65,2.39,238518.0
FI,2020,1,1,NaN,0.5251578963116595,-3.57,2.07,236387.0
FI,2020,2,1,7.697929587236847e-06,0.2576876667651392,-4.47,2.28,236387.0
FI,2020,3,1,2.691339213924948e-05,0.28386553530574743,-2.41,1.55,236387.0
FI,2020,4,1,NaN,0.35341045187875864,0.31,1.34,236387.0
FI,2020,5,1,NaN,0.44739443129723555,6.14,1.46,236387.0
FI,2020,6,1,NaN,0.6997596695686782,15.97,2.1,236387.0
FI,2020,7,1,NaN,0.7125800910458198,14.68,4.38,236387.0
FI,2020,8,1,1.3188593694650843e-05,0.7404912801843283,13.92,1.9,236387.0
FI,2020,9,1,2.8490970076030182e-05,0.6456249887196199,9.76,2.62,236387.0
FI,2020,10,1,3.723404788959086e-05,0.5875614511269344,4.71,2.9,236387.0
FI,2020,11,1,NaN,0.6498155624898265,1.12,2.49,236387.0
FI,2020,12,1,NaN,NaN,-2.88,1.99,236387.0
FI,2021,1,1,2.231550872750176e-05,0.3261818174611438,-9.39,1.76,248764.0
FI,2021,2,1,1.083537947510145e-05,0.18596289475129016,-11.35,1.32,248764.0
FI,2021,3,1,1.2091674653273072e-05,0.2021294781950987,-3.75,1.08,248764.0
FI,2021,4,1,NaN,0.30077041381020875,1.71,1.65,248764.0
FI,2021,5,1,NaN,0.4448592656027205,6.78,2.74,248764.0
FI,2021,6,1,NaN,0.6833513749687835,16.39,2.21,248764.0
FI,2021,7,1,NaN,0.7269942194862296,18.04,1.85,248764.0
FI,2021,8,1,1.654360263841627e-05,0.7169823059075762,13.06,4.16,248764.0
FI,2021,9,1,NaN,0.664473239145023,6.93,1.82,248764.0
FI,2021,10,1,5.059948416503609e-05,0.6136819054063898,4.17,3.73,248764.0
FI,2021,11,1,NaN,0.6058013991459266,-3.17,1.64,248764.0
FI,2021,12,1,NaN,NaN,-9.6,1.19,248764.0
FI,2022,1,1,NaN,0.29874285858656674,-7.81,1.55,266135.0
FI,2022,2,1,4.8527495502375335e-05,0.172542429266017,-6.63,2.19,266135.0
FI,2022,3,1,7.67756250491791e-06,0.2017672245331322,-2.51,0.73,266135.0
FI,2022,4,1,NaN,0.2576955050228559,0.76,1.56,266135.0
FI,2022,5,1,NaN,0.4593031308953311,7.41,1.61,266135.0
FI,2022,6,1,NaN,0.6797569889909229,14.6,2.21,266135.0
FI,2022,7,1,1.627984927535981e-05,0.7236585337123248,16.41,3.83,266135.0
FI,2022,8,1,9.415517138992015e-06,0.7159027347721545,15.64,3.11,266135.0
FI,2022,9,1,8.796365682971158e-06,0.6664525496787473,7.57,1.57,266135.0
FI,2022,10,1,1.5298260947161213e-05,0.6247567712365174,4.25,2.21,266135.0
FI,2022,11,1,NaN,0.6644985846774095,-1.91,1.32,266135.0
FI,2022,12,1,NaN,NaN,-6.79,1.93,266135.0
FI,2023,1,1,1.752209351788146e-05,0.3877714269927569,-4.75,2.14,273005.0
FI,2023,2,1,8.901921028099896e-06,0.18014009020055421,-5.73,1.12,273005.0
FI,2023,3,1,2.055401246746085e-05,0.18282438373812862,-6.68,1.79,273005.0
FI,2023,4,1,1.1916648039888205e-05,0.28110904157158023,1.59,1.07,273005.0
FI,2023,5,1,NaN,0.5358080390951072,8.78,1.48,273005.0
FI,2023,6,1,3.052081107810491e-05,0.6878898962273591,14.16,1.7,273005.0
FI,2023,7,1,1.5908307636433398e-05,0.7164089526622545,14.96,3.94,273005.0
FI,2023,8,1,1.569359874966227e-05,0.7366517493853639,15.52,3.8,273005.0
FI,2023,9,1,2.1585140979075308e-05,0.6817891552690584,11.79,3.74,273005.0
FI,2023,10,1,3.784083224614053e-05,0.6115087045479871,-0.02,2.53,273005.0
FI,2023,11,1,NaN,0.589485876735742,-5.66,1.93,273005.0
FI,2023,12,1,NaN,NaN,-8.85,1.37,273005.0
FI,2024,1,1,NaN,0.319882355411263,-12.48,1.31,275993.0
FI,2024,2,1,1.0286244846219723e-05,0.20049001159276958,-7.82,1.95,275993.0
FI,2024,3,1,5.441299992017093e-06,0.1978691476040537,-2.42,1.21,275993.0
FI,2024,4,1,1.1501929825311992e-05,0.2781776292332529,-0.45,2.11,275993.0
FI,2024,5,1,2.4799361851472886e-05,0.4788674322641033,9.9,0.67,275993.0
FI,2024,6,1,NaN,0.7034227418797564,15.39,3.1,275993.0
FI,2024,7,1,1.2753791920808286e-05,0.7539403274944901,17.25,3.6,275993.0
FI,2024,8,1,1.3811769526987622e-05,0.6944919208516218,15.9,2.74,275993.0
FI,2024,9,1,7.098260854646477e-06,0.7025381300951932,11.83,2.59,275993.0
FI,2024,10,1,-1.1433625613890852e-05,0.6635597590735366,4.28,1.94,275993.0
FI,2024,11,1,NaN,0.6453618247299439,-0.88,2.0,275993.0
FI,2024,12,1,NaN,NaN,-5.18,1.9,275993.0
FR,2019,1,1,3.799250283182216e-05,0.5265023490236226,3.24,2.31,2432206.8
FR,2019,2,1,2.8438850680599226e-05,0.5061408326468476,6.57,1.56,2432206.8
FR,2019,3,1,3.946830942480031e-05,0.5707276228939102,8.68,1.98,2432206.8
FR,2019,4,1,4.135165430073062e-05,0.6164733242749831,10.25,2.59,2432206.8
FR,2019,5,1,NaN,0.6688132304669292,12.43,2.48,2432206.8
FR,2019,6,1,2.572238966590576e-05,0.6640611673674169,18.77,2.47,2432206.8
FR,2019,7,1,1.7331160104649902e-05,0.5669981127945327,21.44,1.38,2432206.8
FR,2019,8,1,2.284119081729735e-05,0.580019172689465,20.15,1.91,2432206.8
FR,2019,9,1,2.046238216408621e-05,0.5482437766185333,16.78,1.65,2432206.8
FR,2019,10,1,4.720856289765292e-05,0.5996148253145615,13.45,4.29,2432206.8
FR,2019,11,1,4.1336974763353854e-05,0.5838109707450755,7.28,5.42,2432206.8
FR,2019,12,1,4.977370008418802e-05,0.5582807014272937,6.72,4.29,2432206.8
FR,2020,1,1,3.492082440930153e-05,0.5495808771166416,5.85,1.9,2318276.2
FR,2020,2,1,1.6060048883313472e-05,0.5537570437606403,7.93,3.23,2318276.2
FR,2020,3,1,3.476648985005135e-05,0.5699221446231406,7.96,2.64,2318276.2
FR,2020,4,1,1.6077670874365946e-05,0.6237169886034852,12.97,1.99,2318276.2
FR,2020,5,1,2.5702300196835728e-05,0.6834817530376743,15.39,2.5,2318276.2
FR,2020,6,1,2.5482866565764845e-05,0.6515417624972379,17.04,3.07,2318276.2
FR,2020,7,1,1.0723771490455347e-05,0.6010911625460771,20.19,0.74,2318276.2
FR,2020,8,1,2.0814174481074145e-05,0.5589679614627444,20.84,1.91,2318276.2
FR,2020,9,1,2.2736153446615857e-05,0.5476421651044335,17.3,2.09,2318276.2
FR,2020,10,1,1.9090204827522685e-05,0.5673223121008925,11.46,4.41,2318276.2
FR,2020,11,1,3.582708696507221e-05,0.6102690865640938,9.05,1.13,2318276.2
FR,2020,12,1,3.427341154518154e-05,0.5779707758438372,5.78,4.83,2318276.2
FR,2021,1,1,1.3163339689804406e-05,0.538327536992042,3.53,3.95,2508102.3
FR,2021,2,1,3.549121937675144e-05,0.5279387418093853,6.96,2.47,2508102.3
FR,2021,3,1,3.142998926253638e-05,0.5594496295061817,7.51,1.45,2508102.3
FR,2021,4,1,3.373105625278145e-05,0.6016178507507127,9.05,1.47,2508102.3
FR,2021,5,1,4.93799937608743e-05,0.6559405659926462,12.24,3.7,2508102.3
FR,2021,6,1,2.169545294363195e-05,0.6595946819488916,18.61,3.94,2508102.3
FR,2021,7,1,2.1220576816990422e-05,0.6655351788008208,18.94,3.37,2508102.3
FR,2021,8,1,3.077734728668272e-05,0.6495701028292102,18.32,1.54,2508102.3
FR,2021,9,1,2.5102416089398536e-05,0.6290903882655855,17.46,2.63,2508102.3
FR,2021,10,1,3.4799668738022826e-05,0.6152124588091963,11.79,2.74,2508102.3
FR,2021,11,1,3.44337775747657e-05,0.5730146195850342,6.26,2.19,2508102.3
FR,2021,12,1,2.8275835737583917e-05,0.5509407393315445,5.7,3.72,2508102.3
FR,2022,1,1,NaN,0.5468622964530221,3.65,1.8,2653997.2
FR,2022,2,1,2.535463630863995e-05,0.5294904966680385,6.74,1.81,2653997.2
FR,2022,3,1,3.980684780604251e-06,0.5251603123020498,8.68,1.82,2653997.2
FR,2022,4,1,2.9592224294934473e-05,0.6024578156545067,10.44,2.49,2653997.2
FR,2022,5,1,2.8277130763098426e-05,0.6529500469627385,16.32,1.48,2653997.2
FR,2022,6,1,1.3317836892503885e-05,0.6061311698363726,19.51,3.63,2653997.2
FR,2022,7,1,2.7507541196627988e-05,0.570281513362942,21.81,0.59,2653997.2
FR,2022,8,1,2.875090648653353e-05,0.5273549943401757,22.02,1.72,2653997.2
FR,2022,9,1,3.456942802474775e-05,0.5759879202355868,16.32,3.43,2653997.2
FR,2022,10,1,3.395966472121223e-05,0.6145347975930071,15.69,2.58,2653997.2
FR,2022,11,1,3.5546461990576005e-05,0.6307075697194969,9.37,3.63,2653997.2
FR,2022,12,1,3.115312621333238e-05,0.576641638428027,5.42,2.95,2653997.2
FR,2023,1,1,3.72865992767391e-05,0.5759223231317371,4.99,2.79,2826541.5
FR,2023,2,1,5.965658672518373e-05,0.5426144661582142,5.3,0.75,2826541.5
FR,2023,3,1,1.8307020926493925e-05,0.533988060666053,8.69,3.29,2826541.5
FR,2023,4,1,2.2964172500570566e-05,0.6317039805570488,10.17,2.55,2826541.5
FR,2023,5,1,3.5480207603941165e-05,0.6819380651754383,14.52,2.38,2826541.5
FR,2023,6,1,2.294395505118315e-05,0.6305061174577545,19.96,2.67,2826541.5
FR,2023,7,1,1.883089414523485e-05,0.5981002225578721,20.16,2.19,2826541.5
FR,2023,8,1,1.7470354101675032e-05,0.6108288989790035,20.14,2.24,2826541.5
FR,2023,9,1,2.1457452112623115e-05,0.5988659897754174,19.48,1.95,2826541.5
FR,2023,10,1,1.8473240473122437e-05,0.575918210344383,14.69,4.29,2826541.5
FR,2023,11,1,5.430107294397036e-05,0.5881796906386184,8.53,4.87,2826541.5
FR,2023,12,1,-1.0494578495204591e-05,0.5722224903809081,6.68,3.16,2826541.5
FR,2024,1,1,2.681320772916293e-05,0.5304047939586645,4.71,2.36,2919899.9
FR,2024,2,1,3.358476121146475e-05,0.5324051834054495,8.01,3.66,2919899.9
FR,2024,3,1,1.5878141013554054e-05,0.55891827670832,8.94,4.26,2919899.9
FR,2024,4,1,2.1135842773769507e-05,0.6483948564242288,10.79,2.82,2919899.9
FR,2024,5,1,2.277321650966691e-05,0.6718229996878503,13.75,4.53,2919899.9
FR,2024,6,1,2.1147911330505485e-05,0.650184000690964,17.12,3.23,2919899.9
FR,2024,7,1,3.2636967547073646e-05,0.6229886358640346,19.89,2.1,2919899.9
FR,2024,8,1,2.9639214833158603e-05,0.625471917966309,20.47,1.61,2919899.9
FR,2024,9,1,1.948750254109074e-05,0.6405876808778176,15.09,4.08,2919899.9
FR,2024,10,1,3.953943477055899e-05,0.6442236868125726,13.52,4.34,2919899.9
FR,2024,11,1,4.549034901034819e-05,0.6065044629701286,8.51,2.29,2919899.9
FR,2024,12,1,3.681372748815819e-05,0.5771902875795634,5.04,2.26,2919899.9
EL,2019,1,1,1.58645991589592e-05,0.47056659062046446,4.53,6.16,185181.21
EL,2019,2,1,2.6526363437412357e-05,0.46785168955153855,7.18,2.51,185181.21
EL,2019,3,1,2.1546382602638445e-05,0.4894149372144854,10.67,1.66,185181.21
EL,2019,4,1,1.7227140332374437e-05,0.5409717738633055,12.64,2.94,185181.21
EL,2019,5,1,2.0379443852410398e-05,0.5628601865841901,16.35,1.57,185181.21
EL,2019,6,1,1.5073994805529348e-05,0.5741102730985375,22.91,1.33,185181.21
EL,2019,7,1,2.3254685347223266e-05,0.5638821790700499,24.22,1.5,185181.21
EL,2019,8,1,1.640103943664348e-05,0.536448908462418,25.49,0.28,185181.21
EL,2019,9,1,2.6823480623367515e-05,0.5156834228690049,21.45,0.88,185181.21
EL,2019,10,1,1.6421579436423007e-05,0.5386399354180638,17.53,1.55,185181.21
EL,2019,11,1,1.5311638585381453e-05,0.5250346701808702,14.04,5.14,185181.21
EL,2019,12,1,2.4697158578441832e-05,0.527802710713967,8.49,3.77,185181.21
EL,2020,1,1,NaN,0.5132877219788892,5.71,1.06,167539.52
EL,2020,2,1,2.1104528387280185e-05,0.5071089991763632,8.15,1.91,167539.52
EL,2020,3,1,1.537166030134949e-05,0.5316902710505551,10.14,3.57,167539.52
EL,2020,4,1,1.3345766186336527e-05,0.5254073831698899,12.14,3.18,167539.52
EL,2020,5,1,1.6063185727338977e-05,0.5591471486416832,17.73,1.55,167539.52
EL,2020,6,1,2.337711287610293e-05,0.5535855110189891,20.81,1.39,167539.52
EL,2020,7,1,2.4464880562191683e-05,0.5518332892255262,24.51,0.81,167539.52
EL,2020,8,1,2.5544675107082296e-05,0.5497107464996204,24.55,1.16,167539.52
EL,2020,9,1,2.2874562396523267e-05,0.5165444722008026,22.11,2.16,167539.52
EL,2020,10,1,1.8636315334858817e-05,0.5443060646799082,16.88,1.51,167539.52
EL,2020,11,1,NaN,0.5176154739821679,11.06,1.12,167539.52
EL,2020,12,1,1.635634065554278e-05,0.5157957834822616,9.8,4.97,167539.52
EL,2021,1,1,1.9754640410673586e-05,0.5061124797531108,7.73,5.75,184574.58
EL,2021,2,1,2.3227340561129e-05,0.500244803781601,7.98,2.61,184574.58
EL,2021,3,1,1.8388628148232513e-05,0.5039516203536619,8.41,2.57,184574.58
EL,2021,4,1,1.2745674412344886e-05,0.5060134943618146,12.14,1.57,184574.58
EL,2021,5,1,1.4771870646468511e-05,0.568255136213175,18.34,0.66,184574.58
EL,2021,6,1,1.7278021490779028e-05,0.5609792569706877,21.75,1.55,184574.58
EL,2021,7,1,1.8048590783610472e-05,0.5324224145019314,25.97,0.38,184574.58
EL,2021,8,1,1.8248439574252593e-05,0.5065021558400946,26.04,0.37,184574.58
EL,2021,9,1,NaN,0.5086892183432973,20.58,1.05,184574.58
EL,2021,10,1,1.2698703373692199e-05,0.5238000954613389,14.17,5.17,184574.58
EL,2021,11,1,2.0260453334544365e-05,0.5147421066329022,12.29,3.72,184574.58
EL,2021,12,1,2.543111274182088e-05,0.5220302334366039,7.58,5.53,184574.58
EL,2022,1,1,2.295040582401603e-05,0.5056744450896684,5.23,2.58,207008.66
EL,2022,2,1,1.2279327751226355e-05,0.4921924808172351,7.46,3.03,207008.66
EL,2022,3,1,NaN,0.4722363215748981,6.45,2.46,207008.66
EL,2022,4,1,1.2155927812621038e-05,0.5115229097166459,13.08,1.88,207008.66
EL,2022,5,1,1.2531509095965495e-05,0.5788112411987686,17.89,1.27,207008.66
EL,2022,6,1,1.624828516522127e-05,0.5541255900632801,22.97,2.25,207008.66
EL,2022,7,1,2.194908605512981e-05,0.5425500611542075,24.96,1.04,207008.66
EL,2022,8,1,2.107372593207363e-05,0.5213359392013365,24.41,2.21,207008.66
EL,2022,9,1,1.4809086600275868e-05,0.5417290644064603,20.48,1.33,207008.66
EL,2022,10,1,2.4728338691575773e-05,0.5201770926281893,16.36,1.41,207008.66
EL,2022,11,1,2.5481932534398675e-05,0.5048814025507428,12.77,3.8,207008.66
EL,2022,12,1,1.4686147229465142e-05,0.5209247855997681,10.06,2.35,207008.66
EL,2023,1,1,1.995350024853695e-05,0.5243955900784746,7.91,4.07,224686.24
EL,2023,2,1,1.0038421467316792e-05,0.49805927725289023,6.63,0.91,224686.24
EL,2023,3,1,1.8134104233614798e-05,0.5026278368305245,10.17,2.24,224686.24
EL,2023,4,1,1.9868091082109838e-05,0.5559789580654139,11.95,2.88,224686.24
EL,2023,5,1,1.861063060792832e-05,0.5838475633574556,16.04,3.4,224686.24
EL,2023,6,1,2.0803587502230012e-05,0.5846385677681755,21.04,2.4,224686.24
EL,2023,7,1,1.80737508327296e-05,0.5387775392701827,26.26,0.33,224686.24
EL,2023,8,1,9.294605316092251e-06,0.5169377869542573,25.18,0.53,224686.24
EL,2023,9,1,2.2479784811244813e-05,0.5006161949506809,21.46,4.73,224686.24
EL,2023,10,1,1.9962071799289123e-05,0.520218655493877,18.01,0.89,224686.24
EL,2023,11,1,1.9138881193492932e-05,0.5443955421711616,13.29,3.98,224686.24
EL,2023,12,1,2.9780424334091695e-05,0.5231119568898808,9.37,2.32,224686.24
EL,2024,1,1,2.8941332920145343e-05,0.5146081750187895,7.27,2.88,236735.95
EL,2024,2,1,2.6918535779857013e-05,0.515074112467599,9.88,2.15,236735.95
EL,2024,3,1,1.772707374851039e-05,0.5432784849685847,11.28,2.62,236735.95
EL,2024,4,1,2.1981635830641164e-05,0.5737529489621482,15.69,1.57,236735.95
EL,2024,5,1,1.8129895679473764e-05,0.5505214527319503,17.48,1.79,236735.95
EL,2024,6,1,1.9519750867991164e-05,0.5082513644770762,25.22,0.36,236735.95
EL,2024,7,1,2.2348367989141055e-05,0.49442985181595267,26.82,0.62,236735.95
EL,2024,8,1,2.2369376778372796e-05,0.47610641943229115,26.01,1.05,236735.95
EL,2024,9,1,1.9078261313173414e-05,0.5114492722470309,21.14,1.86,236735.95
EL,2024,10,1,2.9693877404829664e-05,0.5054865804425361,16.74,0.48,236735.95
EL,2024,11,1,1.678288911226741e-05,0.47192392637051744,10.71,3.54,236735.95
EL,2024,12,1,2.787931862054908e-05,0.4845753765621976,8.31,5.13,236735.95
HR,2019,1,1,2.8513943190599858e-05,0.39969596043957173,1.38,2.6,55767.81
HR,2019,2,1,4.4800224614505155e-05,0.37805664868684724,5.14,1.8,55767.81
HR,2019,3,1,2.5911971728029595e-05,0.4124928274041772,9.33,1.71,55767.81
HR,2019,4,1,2.7483968639274866e-05,0.5672561952131495,12.0,4.15,55767.81
HR,2019,5,1,2.917784893337267e-05,0.6771446274214319,13.24,6.41,55767.81
HR,2019,6,1,2.0243444726380006e-05,0.7330324319386405,22.75,2.29,55767.81
HR,2019,7,1,2.289661528085805e-05,0.7297172911294508,22.57,2.77,55767.81
HR,2019,8,1,2.1791697758513866e-05,0.7232323997312461,23.2,2.12,55767.81
HR,2019,9,1,2.7178356328149275e-05,0.6721789172061654,17.66,3.23,55767.81
HR,2019,10,1,1.5408182313775847e-05,0.6031863535339145,13.74,1.78,55767.81
HR,2019,11,1,4.1948761138146236e-05,0.5187581778527027,10.28,7.39,55767.81
HR,2019,12,1,2.914690122321696e-05,0.47541312844544914,5.4,4.27,55767.81
HR,2020,1,1,2.330347592826688e-05,0.43703379801224884,2.37,0.78,50717.77
HR,2020,2,1,3.462609575878577e-05,0.44088197158032433,7.21,1.83,50717.77
HR,2020,3,1,2.4359282862947412e-05,0.4506582508519138,7.79,2.03,50717.77
HR,2020,4,1,2.1146428807778894e-05,0.5741898531326842,12.3,0.93,50717.77
HR,2020,5,1,1.0928025325195562e-05,0.6972873592669224,15.37,2.69,50717.77
HR,2020,6,1,1.970081011034541e-05,0.7289708379368011,19.54,3.6,50717.77
HR,2020,7,1,2.6632750675150067e-05,0.7235114259525499,21.86,2.24,50717.77
HR,2020,8,1,1.172593350904756e-05,0.7371850296892993,22.92,4.19,50717.77
HR,2020,9,1,3.0198853181853025e-05,0.6544065294551301,18.31,3.14,50717.77
HR,2020,10,1,2.0647644824257904e-05,0.6166033259694652,12.74,5.55,50717.77
HR,2020,11,1,4.01998014823278e-05,0.5139652132831121,7.08,1.41,50717.77
HR,2020,12,1,NaN,0.4717926039666594,5.06,5.29,50717.77
HR,2021,1,1,NaN,0.4212207156418623,2.99,4.43,58390.36
HR,2021,2,1,2.651429009013474e-05,0.4167259335128125,5.85,1.99,58390.36
HR,2021,3,1,2.3604511016264345e-05,0.4036324319103659,6.64,1.47,58390.36
HR,2021,4,1,1.510406573584518e-05,0.5230842253943505,9.29,3.15,58390.36
HR,2021,5,1,1.889750859757018e-05,0.7089162095616094,14.74,3.7,58390.36
HR,2021,6,1,1.982639445838532e-05,0.715856959977793,22.37,0.66,58390.36
HR,2021,7,1,2.2009108921375265e-05,0.7242470500261355,23.85,3.19,58390.36
HR,2021,8,1,2.123234999867754e-05,0.705121153071988,21.73,2.15,58390.36
HR,2021,9,1,2.2375847016253585e-05,0.6524810282605092,17.87,2.05,58390.36
HR,2021,10,1,2.0161396352907308e-05,0.6164510432373195,10.72,3.15,58390.36
HR,2021,11,1,5.0082657219596907e-05,0.489311687681372,7.69,5.14,58390.36
HR,2021,12,1,3.258458473582764e-05,0.45436053003428556,4.18,4.34,58390.36
HR,2022,1,1,NaN,0.4176819332878944,2.35,1.33,67609.45
HR,2022,2,1,2.8387637668818178e-05,0.4148693371570135,5.69,1.79,67609.45
HR,2022,3,1,NaN,0.3750054971845637,6.07,1.29,67609.45
HR,2022,4,1,2.3571053970517967e-05,0.5260380057278279,10.52,2.74,67609.45
HR,2022,5,1,1.581324503682531e-05,0.685864765579665,17.89,2.01,67609.45
HR,2022,6,1,2.1115329208696386e-05,0.7174084506511484,22.7,2.05,67609.45
HR,2022,7,1,2.3207634950021228e-05,0.6773436972246062,23.69,1.1,67609.45
HR,2022,8,1,2.778876843263679e-05,0.6436416796539178,22.91,2.08,67609.45
HR,2022,9,1,2.0973586745977926e-05,0.6627578953414737,16.95,6.12,67609.45
HR,2022,10,1,2.5259550774667264e-05,0.5880724719874976,14.6,0.72,67609.45
HR,2022,11,1,3.261047198942409e-05,0.5321107348261478,8.56,5.26,67609.45
HR,2022,12,1,1.4508398391997415e-05,0.47388768081662985,5.85,4.98,67609.45
HR,2023,1,1,4.181811923647855e-05,0.45550631824883614,4.98,5.2,79186.33
HR,2023,2,1,2.693053424460961e-05,0.4112648819490991,4.07,2.08,79186.33
HR,2023,3,1,2.342591053876531e-05,0.4140771667071314,8.75,2.56,79186.33
HR,2023,4,1,1.7428338808628203e-05,0.5513057820871333,10.35,3.26,79186.33
HR,2023,5,1,2.254494096059446e-05,0.7103125296747362,16.03,5.18,79186.33
HR,2023,6,1,3.109222119685219e-05,0.7185663863652014,20.59,2.66,79186.33
HR,2023,7,1,1.3423374941580696e-05,0.7142269752611399,23.71,2.86,79186.33
HR,2023,8,1,1.0868704023378667e-05,0.7177687588548299,22.54,3.91,79186.33
HR,2023,9,1,2.558884199366031e-05,0.6515256361479248,20.09,2.4,79186.33
HR,2023,10,1,2.3714086173031378e-05,0.6038298628585914,16.18,4.03,79186.33
HR,2023,11,1,4.1848216015852e-05,0.5651329742692084,8.72,5.64,79186.33
HR,2023,12,1,2.121866750176474e-05,0.48539658104767336,5.88,3.1,79186.33
HR,2024,1,1,3.773769393718082e-05,0.43457027161500883,3.49,2.84,85905.23
HR,2024,2,1,5.832660693094264e-05,0.4223596288445293,9.0,2.24,85905.23
HR,2024,3,1,1.5900424316602366e-05,0.4824762137117402,10.53,3.62,85905.23
HR,2024,4,1,2.9108181125367268e-05,0.6427145201309636,13.48,2.09,85905.23
HR,2024,5,1,2.4912103532410036e-05,0.6940030382637319,17.15,4.21,85905.23
HR,2024,6,1,1.5547005713244407e-05,0.694158196151462,21.84,3.0,85905.23
HR,2024,7,1,2.5889158490557987e-05,0.7149314172750899,24.89,0.86,85905.23
HR,2024,8,1,2.501434408788117e-05,0.6535049674031093,25.28,1.68,85905.23
HR,2024,9,1,2.1287368703612473e-05,0.6431338982894765,18.1,5.62,85905.23
HR,2024,10,1,3.3671988169134515e-05,0.6112164229014754,14.17,4.08,85905.23
HR,2024,11,1,4.932192778381653e-05,0.5275684811982625,6.7,2.55,85905.23
HR,2024,12,1,3.962847128338512e-05,0.48551566915867983,3.66,2.81,85905.23
HU,2019,1,1,6.654879923620197e-05,0.3932796648266334,-0.41,1.58,147373.18
HU,2019,2,1,6.873343821452116e-05,0.31614005663669187,3.86,0.68,147373.18
HU,2019,3,1,3.282157439508428e-05,0.37494133391630863,8.92,0.61,147373.18
HU,2019,4,1,4.930882634915104e-05,0.5459832386045527,12.87,2.02,147373.18
HU,2019,5,1,2.864367553824186e-05,0.646067881906184,14.0,4.68,147373.18
HU,2019,6,1,2.581509506019414e-05,0.6734905752940458,23.2,2.55,147373.18
HU,2019,7,1,2.820629482148941e-05,0.6344719341165419,22.07,1.97,147373.18
HU,2019,8,1,3.136742506462421e-05,0.6228939083195247,23.09,1.91,147373.18
HU,2019,9,1,3.820747980801496e-05,0.5456148417261399,17.1,1.73,147373.18
HU,2019,10,1,3.822967674002204e-05,0.45857939906581047,12.77,1.03,147373.18
HU,2019,11,1,4.462788375080356e-05,0.45413527080211474,9.11,3.17,147373.18
HU,2019,12,1,5.686707306233141e-05,0.43821345389739974,3.55,2.25,147373.18
HU,2020,1,1,1.73936376544736e-05,0.40345194243192856,-0.46,0.7,138954.49
HU,2020,2,1,3.948239768605709e-05,0.39093081271840696,5.71,1.63,138954.49
HU,2020,3,1,1.9145023405088974e-05,0.4412722532988952,7.08,1.36,138954.49
HU,2020,4,1,2.9769557479071453e-05,0.547401724324336,12.04,0.51,138954.49
HU,2020,5,1,5.9350191804696806e-05,0.6114896978720973,14.65,1.86,138954.49
HU,2020,6,1,2.567037894196485e-05,0.6590223298071337,19.92,4.87,138954.49
HU,2020,7,1,2.7708442136235853e-05,0.6670051975071476,21.5,2.94,138954.49
HU,2020,8,1,NaN,0.6665307788277862,22.84,2.62,138954.49
HU,2020,9,1,5.120779595720646e-05,0.5246033332367492,18.02,1.75,138954.49
HU,2020,10,1,3.075156386562611e-05,0.5137857450230111,11.95,3.53,138954.49
HU,2020,11,1,6.575645129331237e-05,0.49105409026391594,5.42,0.75,138954.49
HU,2020,12,1,5.1666040924404256e-05,0.4340278018980987,3.82,1.85,138954.49
HU,2021,1,1,2.9776066668604862e-05,0.38909543421141163,1.74,1.68,154971.73
HU,2021,2,1,3.111278235663728e-05,0.36274212070425577,2.9,1.7,154971.73
HU,2021,3,1,2.9213663738282885e-05,0.3713655742317078,5.56,0.68,154971.73
HU,2021,4,1,2.801045953883722e-05,0.5067063225173772,9.01,1.81,154971.73
HU,2021,5,1,2.2762652966199272e-05,0.6596780951313043,14.39,3.28,154971.73
HU,2021,6,1,2.769038531460891e-05,0.6654318622533384,22.66,0.59,154971.73
HU,2021,7,1,3.236946726892121e-05,0.6270438944500164,24.17,2.43,154971.73
HU,2021,8,1,1.827905989338228e-05,0.5921008376302277,20.75,1.99,154971.73
HU,2021,9,1,2.8983807620458188e-05,0.5238519227836724,17.0,1.5,154971.73
HU,2021,10,1,3.35207887915191e-05,0.48289219585668586,10.02,1.06,154971.73
HU,2021,11,1,5.696143171747303e-05,0.39919862123901373,5.62,1.64,154971.73
HU,2021,12,1,3.7288538072311465e-05,0.38525288935070445,1.81,2.15,154971.73
HU,2022,1,1,3.8575345528517266e-05,0.3625131981393312,1.05,0.54,168546.15
HU,2022,2,1,2.6479304151800427e-05,0.3419331791828796,4.88,0.85,168546.15
HU,2022,3,1,NaN,0.32554610599555295,5.52,0.74,168546.15
HU,2022,4,1,2.812539367952374e-05,0.47934381773591417,9.93,2.09,168546.15
HU,2022,5,1,2.834508547926889e-05,0.6331162432790811,17.86,1.29,168546.15
HU,2022,6,1,2.879740607760119e-05,0.6232418374554581,22.58,1.82,168546.15
HU,2022,7,1,2.851985361124464e-05,0.5295940656687602,23.61,0.96,168546.15
HU,2022,8,1,2.7661341219430964e-05,0.4814395615845115,23.66,2.08,168546.15
HU,2022,9,1,1.9017873951112435e-05,0.5434919758075873,15.95,4.12,168546.15
HU,2022,10,1,2.543127305058373e-05,0.5370181274711031,12.84,0.75,168546.15
HU,2022,11,1,2.0723269287898442e-05,0.4936202580579882,6.77,2.04,168546.15
HU,2022,12,1,9.838858696601133e-06,0.44781802584174196,2.85,2.38,168546.15
HU,2023,1,1,4.505760212612971e-05,0.45740941333740787,4.27,2.9,197178.65
HU,2023,2,1,4.453942884083038e-05,0.4099679564393874,3.24,0.93,197178.65
HU,2023,3,1,2.6294791062490885e-05,0.43849840894558356,7.9,1.69,197178.65
HU,2023,4,1,2.5421971168850223e-05,0.5786921336672337,9.83,2.23,197178.65
HU,2023,5,1,3.0133801251456407e-05,0.6889383711970729,16.24,2.92,197178.65
HU,2023,6,1,3.0034571931530846e-05,0.6673835000678696,20.34,2.58,197178.65
HU,2023,7,1,1.9579158525476885e-05,0.6381249291359384,23.3,2.32,197178.65
HU,2023,8,1,1.8642574744780433e-05,0.6223160283581083,22.68,2.48,197178.65
HU,2023,9,1,3.1541656911000296e-05,0.5304833699039027,20.05,1.78,197178.65
HU,2023,10,1,2.9736416603406027e-05,0.4738406965407669,14.56,2.34,197178.65
HU,2023,11,1,NaN,0.46591668712918927,6.51,3.49,197178.65
HU,2023,12,1,2.7665949918864017e-05,0.423910559303643,2.73,2.83,197178.65
HU,2024,1,1,4.3282059303529735e-05,0.37620280378510046,1.4,1.51,206040.13
HU,2024,2,1,5.744571606500825e-05,0.37256589365841425,8.33,1.1,206040.13
HU,2024,3,1,1.9102822121562224e-05,0.47050270303297376,9.61,1.36,206040.13
HU,2024,4,1,3.192168109945466e-05,0.6024451006658971,13.37,1.62,206040.13
HU,2024,5,1,2.243938401735375e-05,0.6377768850799824,17.52,2.34,206040.13
HU,2024,6,1,2.107581405497953e-05,0.6314055823119653,21.59,3.53,206040.13
HU,2024,7,1,2.8845308408915677e-05,0.6158626745040023,24.63,1.09,206040.13
HU,2024,8,1,2.6511840777185142e-05,0.5057352210774755,24.71,0.88,206040.13
HU,2024,9,1,2.3402540548034357e-05,0.49271408465199595,17.9,3.81,206040.13
HU,2024,10,1,4.5287177781370865e-05,0.5353012961225947,11.6,1.95,206040.13
HU,2024,11,1,4.963514142177474e-05,0.4719729568070567,3.67,0.97,206040.13
HU,2024,12,1,7.005928191347785e-05,0.44254342248043954,2.1,0.98,206040.13
IE,2019,1,1,4.950203788183777e-06,0.7140096011948273,6.21,1.98,363752.63
IE,2019,2,1,1.8522695767262062e-05,0.7163968202139989,7.81,2.58,363752.63
IE,2019,3,1,1.6915674951544108e-05,0.6958302781015202,7.23,4.62,363752.63
IE,2019,4,1,1.0776930155983965e-05,0.6676996135438966,9.01,3.27,363752.63
IE,2019,5,1,1.333230900478345e-05,0.6920793568416264,10.81,1.86,363752.63
IE,2019,6,1,1.2100324748608368e-05,0.7296030483747534,12.63,3.39,363752.63
IE,2019,7,1,2.0454666042697894e-05,0.7144761533148899,15.8,2.37,363752.63
IE,2019,8,1,4.15407392043984e-06,0.7150371428369617,15.05,5.68,363752.63
IE,2019,9,1,2.1132033604468843e-06,0.7631191731140311,13.36,3.51,363752.63
IE,2019,10,1,5.966204690498043e-05,0.7290108925999345,9.44,3.63,363752.63
IE,2019,11,1,5.238504403494779e-05,0.699312685572971,6.52,3.97,363752.63
IE,2019,12,1,6.347147418618357e-05,0.6762834204856543,6.44,3.26,363752.63
IE,2020,1,1,3.066031789875746e-06,0.6800005640252874,6.38,2.8,381728.69
IE,2020,2,1,1.7976696464382565e-06,0.6826217542598505,5.82,7.27,381728.69
IE,2020,3,1,2.445601765719872e-05,0.6470928245736981,6.3,2.46,381728.69
IE,2020,4,1,1.1989943604066252e-05,0.6642769872983312,9.62,1.47,381728.69
IE,2020,5,1,2.741574701942224e-05,0.6798917802179829,11.98,1.11,381728.69
IE,2020,6,1,1.0126874451785587e-05,0.7032520445338625,13.34,3.87,381728.69
IE,2020,7,1,1.5343291330575144e-05,0.7301904146792121,13.95,3.87,381728.69
IE,2020,8,1,2.7511862592457946e-05,0.7420405853323057,15.23,5.33,381728.69
IE,2020,9,1,3.336934743364356e-06,0.7462955878291361,13.16,2.1,381728.69
IE,2020,10,1,9.361477464361841e-06,0.7306378006176338,9.71,4.54,381728.69
IE,2020,11,1,-1.6811420185771767e-07,0.7191695855256298,8.53,4.33,381728.69
IE,2020,12,1,-5.045173821986573e-07,0.6832504817123537,5.53,4.25,381728.69
IE,2021,1,1,9.481535430141379e-06,0.6759492246048074,4.31,3.93,448445.12
IE,2021,2,1,NaN,0.6748012175552273,6.07,4.97,448445.12
IE,2021,3,1,1.8550117417076635e-05,0.6692393134907405,7.37,2.51,448445.12
IE,2021,4,1,1.1673591732565192e-05,0.6805478808865831,7.55,1.15,448445.12
IE,2021,5,1,2.4754675114831542e-05,0.699798358079597,9.56,4.4,448445.12
IE,2021,6,1,2.5215290752309326e-05,0.7181268704049988,13.43,1.35,448445.12
IE,2021,7,1,1.6152793344106487e-05,0.7522442112158662,16.61,2.48,448445.12
IE,2021,8,1,2.7151726162546108e-05,0.7599546642744714,15.18,3.2,448445.12
IE,2021,9,1,NaN,0.755040396482295,14.65,2.73,448445.12
IE,2021,10,1,4.0828819152518834e-07,0.7545946527451852,11.56,5.02,448445.12
IE,2021,11,1,2.5136918294673417e-05,0.7411032646744681,8.51,1.63,448445.12
IE,2021,12,1,5.280093544517223e-06,0.7123969467718837,7.41,3.69,448445.12
IE,2022,1,1,2.431827243737421e-05,0.6995228097043135,6.41,1.48,520718.39
IE,2022,2,1,9.194911725084054e-06,0.6873685694229641,7.06,4.64,520718.39
IE,2022,3,1,1.1865060243845325e-05,0.6613179038490974,7.11,2.24,520718.39
IE,2022,4,1,1.7654887438939538e-05,0.6559260320979777,8.8,2.41,520718.39
IE,2022,5,1,2.3537561516738626e-05,0.7136299370252087,11.98,2.61,520718.39
IE,2022,6,1,9.947151980192013e-06,0.7312247550513438,13.31,3.45,520718.39
IE,2022,7,1,7.344999989363799e-06,0.6943447968379811,15.74,1.57,520718.39
IE,2022,8,1,2.3975645667181775e-05,0.7049661787915438,15.9,1.63,520718.39
IE,2022,9,1,1.0330429957287658e-05,0.7218581111820738,13.43,3.87,520718.39
IE,2022,10,1,1.5748832083772868e-05,0.7412988144103476,11.96,6.21,520718.39
IE,2022,11,1,4.285388781468251e-05,0.7517735571212819,8.94,4.96,520718.39
IE,2022,12,1,1.5235816430321578e-05,0.6830192761750195,4.34,3.02,520718.39
IE,2023,1,1,1.7608994281591787e-05,0.6643584990399594,6.15,3.15,524728.75
IE,2023,2,1,2.1932316285692457e-05,0.6807474448637024,7.58,1.06,524728.75
IE,2023,3,1,8.548912735239624e-06,0.66450439558489,7.02,4.96,524728.75
IE,2023,4,1,9.62798613497926e-06,0.6979739475292687,9.14,2.81,524728.75
IE,2023,5,1,2.6680403570898957e-05,0.6833187155101503,12.52,1.87,524728.75
IE,2023,6,1,NaN,0.7197435940904429,16.36,3.38,524728.75
IE,2023,7,1,8.750226360812875e-06,0.7195967845738723,14.55,5.45,524728.75
IE,2023,8,1,1.0408804501209367e-05,0.7143651240650235,15.13,3.83,524728.75
IE,2023,9,1,NaN,0.7152963328132272,14.61,4.93,524728.75
IE,2023,10,1,2.429548741619919e-05,0.7167095230798491,11.28,4.51,524728.75
IE,2023,11,1,2.3842241189512383e-05,0.7077679047069845,7.94,3.51,524728.75
IE,2023,12,1,-1.4022047926559626e-05,0.6966095716769024,7.61,4.61,524728.75
IE,2024,1,1,NaN,0.669799622426673,4.95,2.84,562794.21
IE,2024,2,1,-1.5417449808811443e-06,0.6902867926486951,7.57,3.76,562794.21
IE,2024,3,1,4.603275550340436e-05,0.6773755833408301,7.39,4.29,562794.21
IE,2024,4,1,2.713255156669874e-06,0.6836041950211877,9.04,3.6,562794.21
IE,2024,5,1,1.9210087609746715e-05,0.7414030227833946,12.52,2.6,562794.21
IE,2024,6,1,1.1775781581329459e-05,0.6872266705903921,12.71,2.04,562794.21
IE,2024,7,1,1.890086742622616e-05,0.7201285297845313,14.22,2.4,562794.21
IE,2024,8,1,2.331771690058069e-05,0.725068206724609,14.75,3.52,562794.21
IE,2024,9,1,1.4497438077395393e-05,0.736922297486289,12.75,1.82,562794.21
IE,2024,10,1,1.1396929846368523e-05,0.7203603433473458,11.21,3.25,562794.21
IE,2024,11,1,4.09402985719991e-05,0.7204671345212608,8.54,3.16,562794.21
IE,2024,12,1,NaN,0.6865470050785237,7.5,2.83,562794.21
IT,2019,1,1,NaN,0.44164007196294985,2.55,2.25,1804066.8
IT,2019,2,1,8.925195047167973e-05,0.4353380091146584,5.87,1.95,1804066.8
IT,2019,3,1,3.8147120874285406e-05,0.48401905380398275,8.91,1.24,1804066.8
IT,2019,4,1,4.367531058240091e-05,0.5458588146804666,10.91,4.36,1804066.8
IT,2019,5,1,3.2760674219842375e-05,0.5965120354930895,12.58,4.93,1804066.8
IT,2019,6,1,3.793901753094626e-05,0.583501568107199,21.83,1.6,1804066.8
IT,2019,7,1,NaN,0.5783826664097692,23.03,2.71,1804066.8
IT,2019,8,1,2.84474598741801e-05,0.5723306354002059,23.01,2.15,1804066.8
IT,2019,9,1,3.162943529927482e-05,0.5596373852256836,18.77,2.87,1804066.8
IT,2019,10,1,1.9563306030230456e-05,0.5385881416527926,15.12,3.04,1804066.8
IT,2019,11,1,4.5450048029127896e-05,0.5095841840688131,9.73,9.05,1804066.8
IT,2019,12,1,5.51560438972712e-05,0.4957801096936269,6.62,3.49,1804066.8
IT,2020,1,1,8.457269074593022e-05,0.450672758245892,4.89,0.67,1670011.9
IT,2020,2,1,3.019896023797582e-05,0.4630427832219851,7.31,0.96,1670011.9
IT,2020,3,1,2.594953420370812e-05,0.4896270958022315,7.74,3.34,1670011.9
IT,2020,4,1,2.0692137557066247e-05,0.5480743378451789,11.7,2.0,1670011.9
IT,2020,5,1,2.8486057254223848e-05,0.5990466683935487,16.2,2.68,1670011.9
IT,2020,6,1,2.6919082720628295e-05,0.6053689491717273,18.75,3.77,1670011.9
IT,2020,7,1,3.433625624382561e-05,0.5928265160193966,22.27,1.73,1670011.9
IT,2020,8,1,2.0934206233693124e-05,0.5718620383229116,22.91,3.19,1670011.9
IT,2020,9,1,3.829032474080663e-05,0.5362846064030012,18.98,2.97,1670011.9
IT,2020,10,1,3.705164367562573e-05,0.534965521798035,12.66,4.38,1670011.9
IT,2020,11,1,4.166192461488846e-05,0.5167631781038813,9.73,1.64,1670011.9
IT,2020,12,1,5.745701561692044e-05,0.5014086478795716,5.67,5.76,1670011.9
IT,2021,1,1,3.0051478020145644e-05,0.4628472610637251,3.6,4.21,1842507.4
IT,2021,2,1,3.642161750402679e-05,0.4850885073653416,6.76,2.17,1842507.4
IT,2021,3,1,4.758176443922782e-05,0.48177172472073143,7.22,1.5,1842507.4
IT,2021,4,1,2.191866061177479e-05,0.5215101548461576,9.62,2.78,1842507.4
IT,2021,5,1,3.0493286797142896e-05,0.5873811203675644,14.52,2.81,1842507.4
IT,2021,6,1,2.810834792532074e-05,0.5650135002318194,21.12,1.67,1842507.4
IT,2021,7,1,2.7139914886612e-05,0.5716172363519936,22.79,3.0,1842507.4
IT,2021,8,1,3.0486498132126513e-05,0.544561726024984,22.57,2.0,1842507.4
IT,2021,9,1,3.471187959850499e-05,0.532496176197406,19.32,2.1,1842507.4
IT,2021,10,1,4.950426791857253e-05,0.5176421107477653,12.95,3.11,1842507.4
IT,2021,11,1,6.190076890443135e-05,0.5055196844777556,9.46,5.29,1842507.4
IT,2021,12,1,5.203687123784469e-05,0.4880502110616296,5.08,2.76,1842507.4
IT,2022,1,1,8.226723647588936e-05,0.4610625511996183,4.22,1.12,1998072.6
IT,2022,2,1,5.7009169793729155e-05,0.45624760431192984,6.17,1.62,1998072.6
IT,2022,3,1,1.983185335222891e-05,0.44722492641853673,6.7,1.38,1998072.6
IT,2022,4,1,3.0814213831113176e-05,0.5307533198036106,10.63,2.3,1998072.6
IT,2022,5,1,1.33839130285196e-05,0.5967820167247743,17.23,2.31,1998072.6
IT,2022,6,1,2.4071026807058198e-05,0.5582273760043748,22.61,2.04,1998072.6
IT,2022,7,1,2.989082582835319e-05,0.5353316375288238,24.45,1.42,1998072.6
IT,2022,8,1,2.615452109637243e-05,0.5424460549600504,23.0,2.67,1998072.6
IT,2022,9,1,2.213803627572043e-05,0.5480100665089942,18.58,3.57,1998072.6
IT,2022,10,1,4.2664870277284214e-05,0.537300103171292,16.0,1.74,1998072.6
IT,2022,11,1,3.601169039119739e-05,0.5283895164024257,9.94,4.59,1998072.6
IT,2022,12,1,3.7387109337122736e-05,0.5123357355877927,7.14,3.06,1998072.6
IT,2023,1,1,6.872025467814849e-05,0.4830712583032796,5.23,3.16,2142601.7
IT,2023,2,1,6.321676854088681e-05,0.4587686853334229,5.53,1.34,2142601.7
IT,2023,3,1,3.056847900914295e-05,0.483292211695852,9.2,2.02,2142601.7
IT,2023,4,1,1.7736382734338486e-05,0.5461742763149091,10.44,2.87,2142601.7
IT,2023,5,1,3.235639028181989e-05,0.6121459727155687,15.08,5.73,2142601.7
IT,2023,6,1,2.717938769604914e-05,0.6038518018412667,20.15,3.58,2142601.7
IT,2023,7,1,2.5037107166460213e-05,0.5798239823951458,24.02,2.07,2142601.7
IT,2023,8,1,1.9539962491292193e-05,0.5669454633373435,22.71,2.87,2142601.7
IT,2023,9,1,2.9602375129710033e-05,0.534928938677819,20.26,1.96,2142601.7
IT,2023,10,1,2.8926017676867224e-05,0.4885305316852924,17.08,3.48,2142601.7
IT,2023,11,1,2.6620195686979498e-05,0.5008251384816934,9.67,3.92,2142601.7
IT,2023,12,1,3.6372663566218314e-05,0.4757825398862131,6.81,1.84,2142601.7
IT,2024,1,1,6.200171836836773e-05,0.46660530472132433,5.59,2.22,2199619.4
IT,2024,2,1,2.4622610040896785e-05,0.4586415786348446,8.17,4.07,2199619.4
IT,2024,3,1,1.8985108591855155e-05,0.5143071291389713,9.55,4.48,2199619.4
IT,2024,4,1,3.0483437594133105e-05,0.5663510755171852,12.08,2.6,2199619.4
IT,2024,5,1,2.8253546894935543e-05,0.5815614755343637,15.39,4.93,2199619.4
IT,2024,6,1,1.8450503448434923e-05,0.555839464652204,20.31,3.05,2199619.4
IT,2024,7,1,2.9108150734701542e-05,0.5605642509420924,24.13,1.82,2199619.4
IT,2024,8,1,2.6687257711529746e-05,0.5546917903247034,24.39,1.7,2199619.4
IT,2024,9,1,3.208879667803891e-05,0.5629961869528681,17.97,4.96,2199619.4
IT,2024,10,1,4.780822270463947e-05,0.5376443361656789,15.26,5.55,2199619.4
IT,2024,11,1,5.625133596055175e-05,0.5239107313376651,9.16,1.35,2199619.4
IT,2024,12,1,7.178909839695298e-05,0.49496070434382167,5.3,2.49,2199619.4
LT,2019,1,1,4.970886474502339e-05,0.36572115467790783,-3.99,2.24,49239.23
LT,2019,2,1,2.1726962944155358e-05,0.39332692472367914,1.25,1.55,49239.23
LT,2019,3,1,1.7227072831894527e-05,0.43271329894690835,3.09,1.85,49239.23
LT,2019,4,1,1.6429434339545356e-05,0.4607949592424057,8.59,0.14,49239.23
LT,2019,5,1,2.1734661872676287e-05,0.6614521829285732,12.58,2.06,49239.23
LT,2019,6,1,9.457593743304481e-06,0.7264690047364262,20.0,1.2,49239.23
LT,2019,7,1,2.2198976080356186e-05,0.6560809425597373,16.77,2.6,49239.23
LT,2019,8,1,1.4927040862749214e-05,0.650334441545016,17.68,2.29,49239.23
LT,2019,9,1,NaN,0.6262046912729182,12.7,2.15,49239.23
LT,2019,10,1,8.150137522718499e-06,0.5796236031072473,9.15,1.98,49239.23
LT,2019,11,1,-1.8478199992381445e-06,0.5169722095923037,4.83,1.76,49239.23
LT,2019,12,1,NaN,0.4219538032628086,2.55,1.75,49239.23
LT,2020,1,1,4.058053409886381e-05,0.4716619028023363,2.8,1.83,50264.61
LT,2020,2,1,8.225225091788563e-06,0.4845568931322556,2.33,2.26,50264.61
LT,2020,3,1,2.52737269710745e-05,0.4737898381957444,3.26,1.56,50264.61
LT,2020,4,1,2.6058308481268667e-05,0.5079299153156107,6.49,0.75,50264.61
LT,2020,5,1,9.037293760045657e-06,0.6606144539304672,10.2,2.25,50264.61
LT,2020,6,1,1.711010417796264e-05,0.7552476253912368,18.79,3.27,50264.61
LT,2020,7,1,1.2130356830133467e-05,0.6683494177560145,17.05,2.2,50264.61
LT,2020,8,1,1.3541567076499798e-05,0.6309526571642011,18.04,2.53,50264.61
LT,2020,9,1,2.0626174686412025e-05,0.6421624482941011,14.74,1.13,50264.61
LT,2020,10,1,1.6643269817607635e-05,0.6164876987178886,10.04,2.65,50264.61
LT,2020,11,1,5.012637217680127e-05,0.57998778688639,5.26,1.56,50264.61
LT,2020,12,1,8.022442195626917e-06,0.4333900331765086,0.4,1.39,50264.61
LT,2021,1,1,1.3103156705160231e-06,0.37630288762642816,-3.42,2.33,56709.12
LT,2021,2,1,1.53000122747959e-05,0.38414870895144104,-5.42,0.56,56709.12
LT,2021,3,1,1.4800699700120623e-05,0.35793084820335974,1.69,1.27,56709.12
LT,2021,4,1,2.925006361516763e-05,0.4658049848130838,5.86,1.75,56709.12
LT,2021,5,1,1.4285184197098771e-05,0.672825047345976,11.17,4.03,56709.12
LT,2021,6,1,1.740513108471113e-05,0.76906581549697,19.21,1.42,56709.12
LT,2021,7,1,2.1075928278266385e-05,0.6507173564444573,21.93,2.44,56709.12
LT,2021,8,1,NaN,0.6448009011601382,16.04,4.83,56709.12
LT,2021,9,1,1.7722643769839755e-05,0.656599631913974,11.3,1.94,56709.12
LT,2021,10,1,4.6097647249790645e-05,0.6047725757258089,8.23,1.34,56709.12
LT,2021,11,1,-1.4644528122104536e-05,0.5693487519655912,3.86,3.1,56709.12
LT,2021,12,1,NaN,0.41239258045411514,-3.51,1.66,56709.12
LT,2022,1,1,1.53129395830576e-05,0.37883862913630945,-0.31,2.63,67081.12
LT,2022,2,1,2.0161613055229207e-05,0.4085734026119048,1.11,2.99,67081.12
LT,2022,3,1,1.1619982251639756e-05,0.40650315852295427,1.46,0.15,67081.12
LT,2022,4,1,1.5262445650394467e-05,0.4415372660359283,5.74,1.93,67081.12
LT,2022,5,1,1.0195804278638731e-05,0.6481271409299714,10.66,2.83,67081.12
LT,2022,6,1,3.9464309514554774e-05,0.7643039384679383,17.35,3.73,67081.12
LT,2022,7,1,NaN,0.7090095518260686,17.61,3.95,67081.12
LT,2022,8,1,1.1601450691170412e-05,0.6446686380173238,20.27,1.1,67081.12
LT,2022,9,1,1.9067838716544687e-05,0.6028772994969519,10.41,1.22,67081.12
LT,2022,10,1,2.3610689199333213e-05,0.5916461223823565,9.71,1.36,67081.12
LT,2022,11,1,NaN,0.49785003147070483,2.69,1.17,67081.12
LT,2022,12,1,NaN,0.38678543724944453,-2.66,2.46,67081.12
LT,2023,1,1,1.1913494497522094e-05,0.37525553511354653,0.2,2.99,74316.97
LT,2023,2,1,2.369200347386922e-05,0.4326213534285123,-0.19,1.82,74316.97
LT,2023,3,1,NaN,0.3937118587151542,2.53,1.98,74316.97
LT,2023,4,1,1.7186712223522795e-05,0.5349801486729497,8.11,1.19,74316.97
LT,2023,5,1,1.5542889781977544e-05,0.6673332043362019,12.18,0.56,74316.97
LT,2023,6,1,1.9375813113384983e-05,0.7052764953589152,17.1,1.83,74316.97
LT,2023,7,1,2.012491529723402e-05,0.6403720122755676,17.43,2.4,74316.97
LT,2023,8,1,9.11324005452722e-06,0.63800647531271,19.42,4.05,74316.97
LT,2023,9,1,1.789326576822768e-05,0.6612322346016426,16.46,1.07,74316.97
LT,2023,10,1,1.829910390119164e-05,0.651615776987613,7.83,4.05,74316.97
LT,2023,11,1,4.320289561149488e-05,0.5058290841192329,2.04,1.97,74316.97
LT,2023,12,1,-8.292615516901279e-06,0.3960837581743002,0.05,2.54,74316.97
LT,2024,1,1,NaN,0.4083575895892644,-4.3,1.93,78996.19
LT,2024,2,1,NaN,0.46029031643477536,2.12,2.55,78996.19
LT,2024,3,1,2.429170908966763e-05,0.4389282650298331,4.3,0.87,78996.19
LT,2024,4,1,2.0931178626276812e-05,0.5817540931363925,8.44,2.59,78996.19
LT,2024,5,1,2.3323633404384407e-05,0.7170329240100324,15.21,1.27,78996.19
LT,2024,6,1,2.1851551614480897e-05,0.7418710834528973,17.59,2.08,78996.19
LT,2024,7,1,9.086600324862342e-06,0.6513172271666537,19.49,5.0,78996.19
LT,2024,8,1,1.2860386054865114e-05,0.6656805606008229,18.87,1.64,78996.19
LT,2024,9,1,9.958157400897753e-06,0.651355559498303,16.7,1.4,78996.19
LT,2024,10,1,5.727476030325018e-06,0.6496061852135386,8.53,1.44,78996.19
LT,2024,11,1,3.717892751155057e-05,0.5282244721375187,3.8,1.61,78996.19
LT,2024,12,1,2.7852142710076453e-05,0.42052097997374416,1.78,1.85,78996.19
LU,2019,1,1,NaN,0.5531651915020313,0.5,2.56,62415.03
LU,2019,2,1,0.00010239619140856135,0.5404431218272038,4.47,1.67,62415.03
LU,2019,3,1,6.471490471192135e-05,0.5375219520727537,6.22,3.74,62415.03
LU,2019,4,1,8.32748862625178e-05,0.6652556931777347,8.82,2.41,62415.03
LU,2019,5,1,NaN,0.7203398595218251,10.26,2.79,62415.03
LU,2019,6,1,4.2299766718955485e-05,0.7072988951046629,17.88,2.34,62415.03
LU,2019,7,1,NaN,0.598043609509261,18.17,1.73,62415.03
LU,2019,8,1,3.675053771069648e-05,0.6860500438071669,17.79,2.36,62415.03
LU,2019,9,1,2.554553958368334e-05,0.6412257923653673,13.33,2.03,62415.03
LU,2019,10,1,6.196886721637398e-05,0.6380036059763265,10.26,4.47,62415.03
LU,2019,11,1,8.468512188791444e-05,0.6388629310660919,4.41,3.96,62415.03
LU,2019,12,1,0.0001008034225420366,0.6431950175832524,3.87,3.89,62415.03
LU,2020,1,1,NaN,0.6124113148379523,3.52,2.12,64499.24
LU,2020,2,1,NaN,0.5507277919996149,4.7,6.14,64499.24
LU,2020,3,1,4.74845017291602e-05,0.6107764641798553,5.28,3.19,64499.24
LU,2020,4,1,NaN,0.6635527202189938,11.14,0.95,64499.24
LU,2020,5,1,2.9890890344586303e-05,0.7243813673310574,12.16,1.32,64499.24
LU,2020,6,1,NaN,0.722582787659074,15.63,3.0,64499.24
LU,2020,7,1,3.598624443073152e-05,0.6491355710979103,17.08,1.1,64499.24
LU,2020,8,1,NaN,0.5584431520053608,19.68,1.74,64499.24
LU,2020,9,1,NaN,0.5556203676372845,15.22,2.28,64499.24
LU,2020,10,1,2.1695066750848838e-05,0.6477828235225526,9.44,3.94,64499.24
LU,2020,11,1,6.393585572741475e-05,0.6364222010940876,6.29,0.98,64499.24
LU,2020,12,1,NaN,0.623587487296094,3.49,4.72,64499.24
LU,2021,1,1,NaN,0.548872102434582,0.53,4.19,73039.5
LU,2021,2,1,2.3207511508212973e-05,0.5269537394690751,3.5,2.36,73039.5
LU,2021,3,1,7.131711365169115e-05,0.5582332592443502,4.99,2.32,73039.5
LU,2021,4,1,4.991727632685265e-05,0.6037467627041335,5.68,1.89,73039.5
LU,2021,5,1,4.667099232475396e-05,0.6762340355027089,9.47,3.99,73039.5
LU,2021,6,1,NaN,0.6943728561197994,17.57,4.09,73039.5
LU,2021,7,1,2.1427498817551168e-05,0.7531517328827328,16.47,6.08,73039.5
LU,2021,8,1,3.6460301099350686e-05,0.6700468881302074,15.41,3.39,73039.5
LU,2021,9,1,4.250105384203365e-05,0.6894976340024703,14.6,1.69,73039.5
LU,2021,10,1,NaN,0.6704437695683343,9.25,3.02,73039.5
LU,2021,11,1,NaN,0.6260292459774304,3.96,1.97,73039.5
LU,2021,12,1,3.890598434949016e-05,0.5764205004535865,3.41,2.9,73039.5
LU,2022,1,1,5.6287993840102525e-05,0.595339520112036,1.69,3.14,76731.2
LU,2022,2,1,6.704978598705782e-05,0.5641451460993585,4.09,3.45,76731.2
LU,2022,3,1,NaN,0.5518102250574365,6.2,1.08,76731.2
LU,2022,4,1,6.24516798240605e-05,0.5943212488622135,7.96,2.2,76731.2
LU,2022,5,1,2.372200419194707e-05,0.6983734564648458,14.08,1.44,76731.2
LU,2022,6,1,2.6165476240296793e-05,0.6581065164725393,16.89,5.43,76731.2
LU,2022,7,1,2.929956426945514e-05,0.5898362760810627,18.46,0.54,76731.2
LU,2022,8,1,3.2949456933906306e-05,0.5248071131978895,19.92,1.18,76731.2
LU,2022,9,1,5.692979691543483e-05,0.6732046039098092,12.99,3.9,76731.2
LU,2022,10,1,4.3742450164248416e-05,0.6823031778606656,12.25,4.01,76731.2
LU,2022,11,1,NaN,0.6719688728778245,6.95,3.1,76731.2
LU,2022,12,1,2.2582292741505724e-05,0.6094277133385717,2.02,3.13,76731.2
LU,2023,1,1,NaN,0.6220005018506155,2.7,3.89,82115.47
LU,2023,2,1,5.6567620290803756e-05,0.6189708374958722,3.52,0.58,82115.47
LU,2023,3,1,NaN,0.5880704149631714,5.5,4.6,82115.47
LU,2023,4,1,3.18055975237983e-05,0.6665858761643589,7.19,3.02,82115.47
LU,2023,5,1,3.999920858053891e-05,0.7314547186594127,12.79,1.62,82115.47
LU,2023,6,1,3.332879663630891e-05,0.6439172883856635,18.73,1.47,82115.47
LU,2023,7,1,NaN,0.5844402666845326,17.3,3.17,82115.47
LU,2023,8,1,2.265439943082695e-05,0.7574508455924951,16.87,3.91,82115.47
LU,2023,9,1,3.309563944514087e-05,0.7175263477493777,16.87,1.89,82115.47
LU,2023,10,1,NaN,0.684847095097926,11.39,4.61,82115.47
LU,2023,11,1,3.292992338703662e-05,0.643407452424034,5.7,5.15,82115.47
LU,2023,12,1,-7.4453968097451455e-06,0.6143091626780766,4.39,3.37,82115.47
LU,2024,1,1,2.199584679569091e-05,0.5571835080936808,1.13,3.39,86180.28
LU,2024,2,1,3.245913842437636e-05,0.5282175335641889,6.33,4.31,86180.28
LU,2024,3,1,NaN,0.5190632664732898,7.37,3.2,86180.28
LU,2024,4,1,3.662226750441622e-05,0.6341111979228117,8.86,3.38,86180.28
LU,2024,5,1,NaN,0.7327285276952417,13.3,5.65,86180.28
LU,2024,6,1,3.6770283126005356e-05,0.7181213186930673,15.05,3.12,86180.28
LU,2024,7,1,NaN,0.7015495977162443,17.41,3.51,86180.28
LU,2024,8,1,2.9934294108030835e-05,0.7257802017437496,18.56,2.53,86180.28
LU,2024,9,1,NaN,0.7262400464567066,14.05,3.92,86180.28
LU,2024,10,1,3.48417633517051e-05,0.7002939684670431,10.97,3.58,86180.28
LU,2024,11,1,0.00010074414199453154,0.625531404011705,5.33,1.92,86180.28
LU,2024,12,1,NaN,0.6185774404818408,2.43,2.42,86180.28
LV,2019,1,1,3.0269170439588347e-05,0.3481498172549846,-4.24,2.04,29567.0
LV,2019,2,1,8.044466752025997e-06,0.37875518989899837,0.63,1.73,29567.0
LV,2019,3,1,1.3326193388897453e-05,0.43515842391384896,2.21,2.24,29567.0
LV,2019,4,1,1.3530737539585458e-05,0.47415763133984795,7.76,0.18,29567.0
LV,2019,5,1,1.3481814341957945e-05,0.6397522514945237,11.77,2.0,29567.0
LV,2019,6,1,1.243517961673643e-05,0.7581771292791,18.74,1.61,29567.0
LV,2019,7,1,2.0059819674702735e-05,0.7380064734730123,16.08,3.3,29567.0
LV,2019,8,1,1.3078833386157318e-05,0.7108379233919929,16.8,2.17,29567.0
LV,2019,9,1,3.444396403914827e-05,0.6890280303347602,12.18,2.64,29567.0
LV,2019,10,1,7.628461260417197e-06,0.5903253098913834,8.36,2.59,29567.0
LV,2019,11,1,-1.3337203944906327e-05,0.5160901442635737,3.96,2.88,29567.0
LV,2019,12,1,NaN,0.43710707150531397,2.55,1.86,29567.0
LV,2020,1,1,2.2677249587200845e-05,0.46193045346660866,2.89,1.31,29224.34
LV,2020,2,1,4.9052485414897035e-06,0.44843784709166784,2.09,2.35,29224.34
LV,2020,3,1,3.285916684032889e-05,0.48055208247693026,2.79,1.83,29224.34
LV,2020,4,1,1.9478160464067407e-05,0.4944891956427931,5.56,1.19,29224.34
LV,2020,5,1,9.640972377499432e-06,0.6453109976287011,9.57,1.88,29224.34
LV,2020,6,1,1.7042551922237582e-05,0.7769388593399497,18.23,3.07,29224.34
LV,2020,7,1,1.7007205847529e-05,0.7434595073597183,16.5,2.97,29224.34
LV,2020,8,1,1.466077083023265e-05,0.7215765823817304,17.06,2.3,29224.34
LV,2020,9,1,2.8079981949868775e-05,0.7084166808552921,14.28,1.83,29224.34
LV,2020,10,1,1.2203197275792178e-05,0.6532137639625887,9.7,2.86,29224.34
LV,2020,11,1,3.4533530731196604e-05,0.5390412617060978,5.19,1.8,29224.34
LV,2020,12,1,1.7096811748040748e-05,0.3976390024777381,0.26,1.23,29224.34
LV,2021,1,1,-6.024216397984293e-06,0.357121499294536,-3.29,1.81,32283.78
LV,2021,2,1,1.2292097573493807e-05,0.3908375324698049,-5.64,0.62,32283.78
LV,2021,3,1,1.4241591484490672e-05,0.3745076935008133,1.19,1.49,32283.78
LV,2021,4,1,2.174400509012368e-05,0.47730793243231606,5.39,1.59,32283.78
LV,2021,5,1,1.5481752386124956e-05,0.6709721187887404,10.61,3.82,32283.78
LV,2021,6,1,1.6109689846945394e-05,0.7856487187942354,19.03,1.58,32283.78
LV,2021,7,1,1.7294691293464073e-05,0.7230587140456269,21.46,1.97,32283.78
LV,2021,8,1,2.455769390315611e-05,0.7140353063211743,15.88,5.03,32283.78
LV,2021,9,1,1.8471762039144914e-05,0.7229947520467541,10.79,1.53,32283.78
LV,2021,10,1,4.281892728786317e-05,0.6438238827637643,8.13,1.63,32283.78
LV,2021,11,1,-2.3292941115955037e-05,0.5783659958276837,3.46,2.67,32283.78
LV,2021,12,1,NaN,0.4187858400315603,-4.11,1.85,32283.78
LV,2022,1,1,NaN,0.3223450603635261,-1.05,2.63,36088.74
LV,2022,2,1,1.3718633947570455e-05,0.34515099542533817,0.26,2.79,36088.74
LV,2022,3,1,1.1634801721158727e-05,0.36058818919418656,0.86,0.24,36088.74
LV,2022,4,1,1.0466700410153525e-05,0.45394180986248583,5.06,1.61,36088.74
LV,2022,5,1,1.0286789016272053e-05,0.6171984166609085,10.03,2.52,36088.74
LV,2022,6,1,2.8272115934455273e-05,0.7677324779275786,17.04,2.61,36088.74
LV,2022,7,1,9.850168496483202e-06,0.761304645529748,17.67,2.86,36088.74
LV,2022,8,1,7.845129271764744e-06,0.7030955297012261,19.8,2.2,36088.74
LV,2022,9,1,1.3818687037526243e-05,0.6859072413735492,10.04,1.33,36088.74
LV,2022,10,1,2.0481800048376157e-05,0.6297689994686567,9.03,1.95,36088.74
LV,2022,11,1,7.590758257485446e-05,0.5268918361809439,2.43,1.35,36088.74
LV,2022,12,1,NaN,0.4074100855807417,-3.09,2.25,36088.74
LV,2023,1,1,1.2436027456931369e-05,0.3448241084705804,-0.75,2.93,39564.22
LV,2023,2,1,2.632766997493086e-05,0.3809698286413172,-1.1,1.95,39564.22
LV,2023,3,1,NaN,0.38923424415995744,1.48,2.03,39564.22
LV,2023,4,1,1.0389099159813644e-05,0.5069895802638252,7.51,0.98,39564.22
LV,2023,5,1,1.524725818662961e-05,0.6894682357549456,11.47,0.52,39564.22
LV,2023,6,1,2.1680024195511123e-05,0.7315731254189622,16.72,1.39,39564.22
LV,2023,7,1,2.3236079827792738e-05,0.7066528610155524,16.81,2.46,39564.22
LV,2023,8,1,1.5966834750499463e-05,0.7076821159196058,18.66,4.79,39564.22
LV,2023,9,1,1.7879730494698022e-05,0.7206882850044452,15.79,1.57,39564.22
LV,2023,10,1,2.3964853172851638e-05,0.6573860738854164,6.87,4.37,39564.22
LV,2023,11,1,NaN,0.4991464036961663,1.5,2.41,39564.22
LV,2023,12,1,-8.567775021442068e-06,0.34668569866689414,-1.38,2.3,39564.22
LV,2024,1,1,NaN,0.39142461231414566,-5.46,1.76,40359.43
LV,2024,2,1,NaN,0.4266584481880295,0.41,2.1,40359.43
LV,2024,3,1,1.995045918473495e-05,0.4120486418088881,3.35,0.84,40359.43
LV,2024,4,1,1.9482393187818913e-05,0.5402908841007258,7.34,2.44,40359.43
LV,2024,5,1,1.7314265917305368e-05,0.7371896481071307,14.45,0.76,40359.43
LV,2024,6,1,1.8909836444947513e-05,0.7547496926823706,17.11,2.33,40359.43
LV,2024,7,1,7.004339647102156e-06,0.7231425287691545,19.1,4.99,40359.43
LV,2024,8,1,1.2883777238793786e-05,0.7238276568593823,18.03,1.99,40359.43
LV,2024,9,1,9.469828584577033e-06,0.7077200442862979,16.06,1.66,40359.43
LV,2024,10,1,1.644876287193677e-05,0.6606444311152421,8.39,1.34,40359.43
LV,2024,11,1,4.135624606281458e-05,0.544173724621327,4.17,1.79,40359.43
LV,2024,12,1,2.062741034091028e-05,0.4186426084431706,1.56,1.75,40359.43
MT,2019,1,1,2.1662006525810844e-05,0.4914306466874965,13.13,1.91,14594.16
MT,2019,2,1,1.867572291190428e-05,0.4910908135553814,13.41,2.48,14594.16
MT,2019,3,1,3.5824310626183156e-05,0.46060518838746123,14.71,1.15,14594.16
MT,2019,4,1,2.0832747000684182e-05,0.3555767909688365,15.62,0.45,14594.16
MT,2019,5,1,3.165330876396921e-05,0.2731848477085328,17.2,0.56,14594.16
MT,2019,6,1,1.708518881527489e-05,0.23625106922246003,23.3,0.0,14594.16
MT,2019,7,1,3.490936967507078e-05,0.2267982909436589,25.89,0.02,14594.16
MT,2019,8,1,1.0821591498180627e-05,0.2134553550540969,26.93,0.01,14594.16
MT,2019,9,1,3.143306752108918e-05,0.23549154016310672,25.16,0.94,14594.16
MT,2019,10,1,1.5769213652995978e-05,0.31346191302743903,22.78,2.59,14594.16
MT,2019,11,1,1.2849032958798507e-05,0.41084606910200916,19.36,5.68,14594.16
MT,2019,12,1,3.107877086307606e-05,0.45335019716044095,16.69,2.69,14594.16
MT,2020,1,1,NaN,0.47040997798748513,14.46,0.49,14362.38
MT,2020,2,1,2.2158276668004326e-05,0.4549088362911712,14.8,0.06,14362.38
MT,2020,3,1,2.0333129340220727e-05,0.3972928164034627,14.64,1.72,14362.38
MT,2020,4,1,1.6040449170167337e-05,0.3190535750972754,16.32,0.27,14362.38
MT,2020,5,1,2.3223770881903482e-05,0.23686211235972568,19.7,0.08,14362.38
MT,2020,6,1,3.632716508944479e-05,0.22069933899329353,21.88,0.0,14362.38
MT,2020,7,1,3.111122762035222e-05,0.20890333204113462,25.13,0.01,14362.38
MT,2020,8,1,1.675923100645218e-05,0.20232097956320416,26.99,0.0,14362.38
MT,2020,9,1,3.544400376441844e-05,0.2243168809746111,25.67,1.18,14362.38
MT,2020,10,1,3.5658850177621096e-05,0.30212658891579014,21.98,0.71,14362.38
MT,2020,11,1,4.48809998929223e-05,0.3530710232928619,19.37,2.32,14362.38
MT,2020,12,1,2.3367072445787208e-05,0.4454495003681956,16.64,3.23,14362.38
MT,2021,1,1,NaN,0.49924140837922637,15.48,1.74,16680.19
MT,2021,2,1,2.243558876966115e-05,0.47918800937893286,14.97,0.39,16680.19
MT,2021,3,1,2.9968931084428854e-05,0.41927302631329477,14.4,0.84,16680.19
MT,2021,4,1,NaN,0.2818523343357802,15.76,0.23,16680.19
MT,2021,5,1,5.363973675804805e-05,0.22059511739933066,19.04,0.02,16680.19
MT,2021,6,1,1.8880239842127287e-05,0.2065734532820147,23.23,0.05,16680.19
MT,2021,7,1,3.7031219807486847e-05,0.19449265222136755,26.07,0.0,16680.19
MT,2021,8,1,3.2812448949004664e-05,0.18887920881408735,27.81,0.0,16680.19
MT,2021,9,1,3.362168144899643e-05,0.19205597564128804,26.09,0.39,16680.19
MT,2021,10,1,NaN,0.2682328014234579,21.6,5.88,16680.19
MT,2021,11,1,1.1782312987268739e-05,0.42024544876004977,19.9,4.59,16680.19
MT,2021,12,1,4.310016481566523e-05,0.456006558690046,15.55,1.85,16680.19
MT,2022,1,1,1.3081445166032006e-05,0.48975630996144837,13.63,1.9,17985.15
MT,2022,2,1,3.947793507150035e-05,0.4583579845437704,14.07,0.15,17985.15
MT,2022,3,1,1.9114290448046243e-05,0.42799578498250807,13.46,0.81,17985.15
MT,2022,4,1,3.484620538074523e-05,0.3253171736993635,15.51,0.08,17985.15
MT,2022,5,1,2.6774653056611882e-05,0.24137549120593066,19.25,0.27,17985.15
MT,2022,6,1,3.1690458220388645e-05,0.21548615311206448,24.13,0.0,17985.15
MT,2022,7,1,2.8858893340596773e-05,0.20666315418971964,26.95,0.0,17985.15
MT,2022,8,1,1.7719469990946986e-05,0.202664559253844,27.51,0.07,17985.15
MT,2022,9,1,NaN,0.20498647514518673,26.22,1.41,17985.15
MT,2022,10,1,3.1621389061265844e-05,0.2946837643432228,23.18,0.2,17985.15
MT,2022,11,1,1.5156861579624799e-05,0.36118156866682577,19.92,4.72,17985.15
MT,2022,12,1,3.518501130110274e-05,0.4613145980861537,18.12,0.33,17985.15
MT,2023,1,1,2.1007424815260362e-05,0.4679369995982027,15.0,2.16,20923.41
MT,2023,2,1,2.3692930469743412e-05,0.47252883764204257,14.05,2.54,20923.41
MT,2023,3,1,1.9314262981633823e-05,0.43754177697446034,15.28,0.33,20923.41
MT,2023,4,1,2.1807810439075793e-05,0.34810234866473433,15.9,0.55,20923.41
MT,2023,5,1,3.139994837514913e-05,0.24826910317038361,18.37,0.64,20923.41
MT,2023,6,1,2.5066530885394202e-05,0.22334000873752116,22.31,0.39,20923.41
MT,2023,7,1,4.2301824852585534e-05,0.20810726688635642,27.08,0.0,20923.41
MT,2023,8,1,NaN,0.21006265073447367,26.23,0.03,20923.41
MT,2023,9,1,2.354986336600898e-05,0.21517138062583188,25.19,0.89,20923.41
MT,2023,10,1,4.0096276747859184e-05,0.20798126402352451,24.42,0.02,20923.41
MT,2023,11,1,4.063716080468381e-05,0.2163759008629844,20.85,1.73,20923.41
MT,2023,12,1,1.8551389931439672e-05,0.35775232814249947,17.13,1.7,20923.41
MT,2024,1,1,2.466280421402392e-05,0.4447108159108722,15.62,1.76,23125.03
MT,2024,2,1,1.7859630258948627e-05,0.47062825751723536,15.3,1.68,23125.03
MT,2024,3,1,1.6324909781716432e-05,0.4414865046816381,15.98,0.28,23125.03
MT,2024,4,1,NaN,0.27468212485645715,16.92,0.41,23125.03
MT,2024,5,1,2.619582826006163e-05,0.21993980986817696,19.31,0.96,23125.03
MT,2024,6,1,2.1516704699080267e-05,0.19018209540553613,23.43,0.11,23125.03
MT,2024,7,1,3.939709384431033e-05,0.19127653875482628,26.18,0.0,23125.03
MT,2024,8,1,3.0916775971981075e-05,0.18570056837041232,27.79,0.08,23125.03
MT,2024,9,1,3.625257412191444e-05,0.19711786460529848,25.43,1.12,23125.03
MT,2024,10,1,4.246057869750075e-05,0.21189601315746362,23.27,0.35,23125.03
MT,2024,11,1,1.9343801126944745e-05,0.2971782900787896,20.22,2.38,23125.03
MT,2024,12,1,3.522088089430713e-05,0.4231816860431361,16.58,1.63,23125.03
NL,2019,1,1,0.00018606062409727263,0.55907426110597,3.78,1.74,829767.0
NL,2019,2,1,0.00032637557699622565,0.5493794476855616,6.1,1.82,829767.0
NL,2019,3,1,4.659215644836513e-05,0.5676458553841875,7.73,3.45,829767.0
NL,2019,4,1,6.007600395139183e-05,0.6079352695937533,10.31,1.03,829767.0
NL,2019,5,1,6.331472276870129e-05,0.6037848980562663,11.48,1.4,829767.0
NL,2019,6,1,4.351626638692522e-05,0.6373058166756581,17.79,3.02,829767.0
NL,2019,7,1,3.179564737365581e-05,0.6454504393795671,18.55,1.63,829767.0
NL,2019,8,1,7.003028839556542e-05,0.6580602758188254,18.7,2.68,829767.0
NL,2019,9,1,4.050746971628379e-05,0.6405014540334446,14.99,3.78,829767.0
NL,2019,10,1,0.00011606414177323606,0.6643198643281417,11.84,4.04,829767.0
NL,2019,11,1,9.753207000903168e-05,0.636344017960554,6.78,2.61,829767.0
NL,2019,12,1,7.719096763539642e-05,0.591663994651532,6.16,2.46,829767.0
NL,2020,1,1,5.5808033833688365e-05,0.5653628952523195,6.25,2.04,816463.0
NL,2020,2,1,4.724908611846431e-05,0.5696674706383422,6.94,4.86,816463.0
NL,2020,3,1,7.829382565188992e-05,0.5695893464085351,6.67,1.65,816463.0
NL,2020,4,1,3.17906135682572e-05,0.5967008927226501,10.45,0.72,816463.0
NL,2020,5,1,3.1735048181313106e-05,0.5807572051673755,12.6,0.68,816463.0
NL,2020,6,1,3.9705788866758314e-05,0.6612659235733034,17.04,2.46,816463.0
NL,2020,7,1,5.5390421750894086e-05,0.6788939248217725,16.8,2.81,816463.0
NL,2020,8,1,2.0634229943709045e-05,0.639127711319598,20.15,3.02,816463.0
NL,2020,9,1,0.00010506015355072982,0.6564915402887446,15.41,2.08,816463.0
NL,2020,10,1,4.797097617654097e-05,0.654335106316243,11.65,4.1,816463.0
NL,2020,11,1,NaN,0.6661042900069569,9.06,1.5,816463.0
NL,2020,12,1,8.720108178323223e-05,0.6286612691642036,5.75,3.59,816463.0
NL,2021,1,1,4.2766679065310774e-05,0.5760530653104492,3.47,3.06,891550.0
NL,2021,2,1,5.598389798193601e-05,0.5273466821932189,3.62,2.27,891550.0
NL,2021,3,1,0.00020146425083163397,0.5553910681602923,6.25,1.93,891550.0
NL,2021,4,1,4.9993036203714574e-05,0.5755325030450082,6.48,1.66,891550.0
NL,2021,5,1,6.200394165875039e-05,0.6242860688977308,10.88,4.14,891550.0
NL,2021,6,1,NaN,0.6374715528688056,17.5,3.49,891550.0
NL,2021,7,1,2.62859655923348e-05,0.6871296654085225,17.93,3.91,891550.0
NL,2021,8,1,4.1676059458256277e-05,0.6952518468426726,17.02,3.44,891550.0
NL,2021,9,1,5.9824628483307736e-05,0.6451378287235843,16.27,1.14,891550.0
NL,2021,10,1,5.758984508906124e-05,0.6805429892708846,12.09,4.24,891550.0
NL,2021,11,1,NaN,0.6513307863671199,7.87,2.05,891550.0
NL,2021,12,1,5.527196335387252e-05,0.602840185202437,5.37,2.28,891550.0
NL,2022,1,1,2.5878673453482368e-05,0.5649205354118249,5.47,2.01,993820.0
NL,2022,2,1,9.890768564538916e-05,0.563334869485214,6.56,3.92,993820.0
NL,2022,3,1,3.963603709659463e-05,0.5189608648791472,6.94,0.89,993820.0
NL,2022,4,1,4.3993582193585744e-05,0.5976110761106811,9.0,1.76,993820.0
NL,2022,5,1,6.622253788439355e-05,0.5893612298084354,13.67,2.23,993820.0
NL,2022,6,1,4.190379514033524e-05,0.6434017069636335,16.61,3.33,993820.0
NL,2022,7,1,2.3002434318186715e-05,0.6320948913120066,18.3,1.1,993820.0
NL,2022,8,1,4.233771060876135e-05,0.6024372415806527,19.95,1.26,993820.0
NL,2022,9,1,0.00013349466072364258,0.638802289303572,15.17,3.46,993820.0
NL,2022,10,1,8.933466842607153e-05,0.6573274629381695,13.54,1.91,993820.0
NL,2022,11,1,0.0001459194082490167,0.6819230855290467,8.95,3.61,993820.0
NL,2022,12,1,NaN,0.5791405188441777,4.18,2.5,993820.0
NL,2023,1,1,7.195165357646728e-05,0.5890900835809473,5.78,3.37,1050133.0
NL,2023,2,1,7.526951067808451e-05,0.5620368512676036,5.72,0.92,1050133.0
NL,2023,3,1,NaN,0.5659820107929604,6.7,3.68,1050133.0
NL,2023,4,1,4.148554628930192e-05,0.6065512998301831,8.46,2.54,1050133.0
NL,2023,5,1,3.6295073959941304e-05,0.6096761909842063,12.78,1.65,1050133.0
NL,2023,6,1,6.237681008697111e-05,0.6065701849096867,18.52,1.15,1050133.0
NL,2023,7,1,NaN,0.6347008429683397,17.94,4.05,1050133.0
NL,2023,8,1,3.8563522308496214e-05,0.6948424904923197,17.54,3.68,1050133.0
NL,2023,9,1,8.017759094349756e-05,0.6695725073792312,17.91,2.48,1050133.0
NL,2023,10,1,6.081093480305373e-05,0.6695106273732302,13.28,5.41,1050133.0
NL,2023,11,1,0.00012187685459495539,0.6341067315333498,8.04,4.95,1050133.0
NL,2023,12,1,-3.090874159262665e-06,0.5912202156397011,6.73,4.05,1050133.0
NL,2024,1,1,7.162075418701787e-05,0.5231897102994534,4.07,2.57,1122459.0
NL,2024,2,1,NaN,0.5258101554330958,7.75,4.24,1122459.0
NL,2024,3,1,3.092875605972998e-05,0.533643776001198,8.53,2.02,1122459.0
NL,2024,4,1,5.094570434115683e-05,0.5956293338388892,10.38,3.5,1122459.0
NL,2024,5,1,3.315893179344582e-05,0.616840995012025,15.3,4.02,1122459.0
NL,2024,6,1,2.839382899951076e-05,0.6389149620845908,15.58,2.79,1122459.0
NL,2024,7,1,2.951855113324189e-05,0.6913625061555753,17.9,3.65,1122459.0
NL,2024,8,1,3.4631810989168284e-05,0.6858777746245052,19.22,2.14,1122459.0
NL,2024,9,1,4.11119189521692e-05,0.6817721179877844,16.03,3.91,1122459.0
NL,2024,10,1,7.912705434657531e-05,0.674427100780876,12.33,2.04,1122459.0
NL,2024,11,1,0.00013360403128937629,0.6442766429535272,7.42,2.69,1122459.0
NL,2024,12,1,NaN,0.6133321984307907,6.25,2.25,1122459.0
PL,2019,1,1,0.00013406980670643622,0.45710768641003263,-1.43,2.23,538423.54
PL,2019,2,1,0.0001287058426783358,0.45645923333844995,2.86,1.32,538423.54
PL,2019,3,1,3.393762817329303e-05,0.4719227988364438,5.71,1.76,538423.54
PL,2019,4,1,2.7315929897147147e-05,0.5255334056060804,9.82,0.88,538423.54
PL,2019,5,1,4.82529903071392e-05,0.6687346576364759,12.36,3.32,538423.54
PL,2019,6,1,2.8073088305768443e-05,0.6859298384114085,21.62,1.31,538423.54
PL,2019,7,1,2.0973740519223653e-05,0.5955277086673024,18.58,1.93,538423.54
PL,2019,8,1,2.877992316751719e-05,0.60046801133059,19.92,2.09,538423.54
PL,2019,9,1,5.601006746058766e-05,0.6030697579873303,14.23,2.69,538423.54
PL,2019,10,1,5.3764862465024544e-05,0.5919478934490033,10.58,1.44,538423.54
PL,2019,11,1,2.8159697414568163e-05,0.5479256147993352,6.28,1.57,538423.54
PL,2019,12,1,2.9631608623843443e-05,0.5370953158779512,3.24,1.41,538423.54
PL,2020,1,1,2.2388472081759965e-05,0.5294076322577982,2.41,1.47,531827.37
PL,2020,2,1,2.395119885443187e-05,0.48247861569195244,4.03,2.72,531827.37
PL,2020,3,1,3.344838095714614e-05,0.48099481365949354,4.57,1.26,531827.37
PL,2020,4,1,NaN,0.5272641558066351,8.78,0.42,531827.37
PL,2020,5,1,2.0553399967889644e-05,0.6535832535045443,11.2,2.77,531827.37
PL,2020,6,1,2.956209860211795e-05,0.7083655214115521,18.06,4.13,531827.37
PL,2020,7,1,2.568314134277981e-05,0.6610423065518517,18.36,1.98,531827.37
PL,2020,8,1,1.3151116582434133e-05,0.6149604101800965,19.92,2.64,531827.37
PL,2020,9,1,3.1909954429642086e-05,0.6080149654233963,15.15,2.53,531827.37
PL,2020,10,1,4.1287788980491664e-05,0.5953434640157581,10.57,2.97,531827.37
PL,2020,11,1,5.2255236683226715e-05,0.5703848563332954,5.71,0.92,531827.37
PL,2020,12,1,4.877785572428368e-05,0.49828872432949967,1.92,1.21,531827.37
PL,2021,1,1,4.7583588453705314e-05,0.4391057344099387,-1.16,2.17,583001.4
PL,2021,2,1,3.337735501086962e-05,0.4103834829373017,-1.88,1.54,583001.4
PL,2021,3,1,3.7007395734718154e-05,0.41744716149888295,3.31,1.29,583001.4
PL,2021,4,1,5.436806759480497e-05,0.5149785711620773,6.2,1.94,583001.4
PL,2021,5,1,2.7456122792275096e-05,0.6594368724442875,12.08,3.25,583001.4
PL,2021,6,1,2.781877462092774e-05,0.7116092529144659,19.54,1.63,583001.4
PL,2021,7,1,2.887288799009863e-05,0.6626111402764361,21.06,3.31,583001.4
PL,2021,8,1,1.6737699555774083e-05,0.6403161137612111,17.0,5.03,583001.4
PL,2021,9,1,4.3104822690612045e-05,0.6337825282697492,13.96,1.77,583001.4
PL,2021,10,1,4.759383692088303e-05,0.5837212104884775,9.38,0.96,583001.4
PL,2021,11,1,1.5847728693882157e-05,0.5483012241865887,5.24,1.99,583001.4
PL,2021,12,1,2.5992947809969067e-05,0.4915255970655116,-0.72,1.51,583001.4
PL,2022,1,1,4.989405635728293e-06,0.47480118436065716,1.07,1.99,661712.3
PL,2022,2,1,3.7688307562409584e-05,0.4591302789371989,3.3,2.73,661712.3
PL,2022,3,1,8.235281796960356e-06,0.41815907955633563,3.24,0.39,661712.3
PL,2022,4,1,2.744607222610004e-05,0.4802921885209634,6.82,2.07,661712.3
PL,2022,5,1,2.210516573314357e-05,0.6258073724415912,13.54,1.76,661712.3
PL,2022,6,1,3.0012898285594817e-05,0.7005756132944536,18.84,2.36,661712.3
PL,2022,7,1,2.0077751123355335e-05,0.6520112360277035,18.97,3.07,661712.3
PL,2022,8,1,1.982230301393475e-05,0.5979110485958962,20.77,2.52,661712.3
PL,2022,9,1,3.6002666655330906e-05,0.5930449212430969,12.31,2.67,661712.3
PL,2022,10,1,7.07451996225207e-05,0.5847079859850287,11.24,1.32,661712.3
PL,2022,11,1,5.202176789608714e-05,0.5496920340124954,4.3,1.02,661712.3
PL,2022,12,1,2.7793034547254526e-05,0.49982444887533123,0.46,2.23,661712.3
PL,2023,1,1,4.4348710097984966e-05,0.4647243656226549,2.92,2.27,751931.75
PL,2023,2,1,3.4949561213617835e-05,0.43470140636460625,1.47,2.07,751931.75
PL,2023,3,1,2.284283494663236e-05,0.4332790067908704,4.51,2.03,751931.75
PL,2023,4,1,2.4789738578184776e-05,0.5707952970557185,7.91,1.97,751931.75
PL,2023,5,1,2.5934984857714935e-05,0.6443864591007172,12.96,1.28,751931.75
PL,2023,6,1,2.420430879807343e-05,0.6869987584688624,17.86,2.16,751931.75
PL,2023,7,1,2.648352597630986e-05,0.6223280634102296,19.5,2.34,751931.75
PL,2023,8,1,2.3877316974020133e-05,0.649612283145003,19.81,3.71,751931.75
PL,2023,9,1,2.2897792801510094e-05,0.621460173793193,17.77,1.05,751931.75
PL,2023,10,1,4.9439115154761756e-05,0.6176548264224324,10.84,2.93,751931.75
PL,2023,11,1,0.00011720213598613555,0.5601079555388943,4.08,2.97,751931.75
PL,2023,12,1,2.660156197792904e-06,0.5054549218499811,2.0,2.71,751931.75
PL,2024,1,1,2.7720676230233392e-05,0.47996628696982374,-0.42,2.61,848490.87
PL,2024,2,1,3.458968755462996e-05,0.46680902764726956,5.67,3.06,848490.87
PL,2024,3,1,3.1815085554063616e-05,0.4615255001767071,6.68,1.28,848490.87
PL,2024,4,1,3.4949370468550606e-05,0.5926765399953119,10.56,1.87,848490.87
PL,2024,5,1,2.582024565089887e-05,0.6778131795940076,16.27,1.38,848490.87
PL,2024,6,1,3.0325713824935764e-05,0.681046644535338,18.51,2.8,848490.87
PL,2024,7,1,2.4646488833979237e-05,0.6509697847858962,20.42,3.18,848490.87
PL,2024,8,1,2.4742057862790827e-05,0.6242758418834488,20.25,2.01,848490.87
PL,2024,9,1,2.071731970713792e-05,0.6059437719525818,17.06,2.26,848490.87
PL,2024,10,1,5.0486774687979636e-05,0.5890734719629236,9.99,1.34,848490.87
PL,2024,11,1,6.100520165630114e-05,0.5617195193879383,3.81,1.37,848490.87
PL,2024,12,1,6.791384116490479e-05,0.5274034015033525,2.6,1.35,848490.87
PT,2019,1,1,1.3709602956879507e-05,0.5901813067586807,8.17,1.58,214489.9
PT,2019,2,1,2.0133720416500484e-05,0.545243776900744,10.37,1.15,214489.9
PT,2019,3,1,1.1901340432687415e-05,0.5618021571759859,12.65,1.33,214489.9
PT,2019,4,1,1.796328936377124e-05,0.5071561190666891,12.7,4.08,214489.9
PT,2019,5,1,NaN,0.48817627829492066,17.96,0.49,214489.9
PT,2019,6,1,1.1653385771834026e-05,0.4279193637959848,17.92,0.89,214489.9
PT,2019,7,1,1.1150860282545711e-05,0.4423216135706973,21.43,0.34,214489.9
PT,2019,8,1,9.838147229271834e-06,0.4290820447011099,21.64,0.59,214489.9
PT,2019,9,1,2.3197462189485857e-05,0.4205347104749406,20.29,0.64,214489.9
PT,2019,10,1,1.5192584963112188e-05,0.44720187904444325,16.27,2.62,214489.9
PT,2019,11,1,1.5180253467767065e-05,0.5221360868311984,12.04,4.88,214489.9
PT,2019,12,1,NaN,0.55358611091343,10.76,5.73,214489.9
PT,2020,1,1,NaN,0.5800788741506306,9.13,2.27,201032.71
PT,2020,2,1,1.4646918805914944e-05,0.5945353964887261,12.11,0.52,201032.71
PT,2020,3,1,1.1818151207876326e-05,0.5714446533817308,12.19,2.53,201032.71
PT,2020,4,1,1.6218104649721807e-05,0.5607876242974585,13.65,4.06,201032.71
PT,2020,5,1,1.213399574143378e-05,0.5566057203118361,18.53,1.9,201032.71
PT,2020,6,1,1.5329184066104062e-05,0.4977740284004831,18.9,0.54,201032.71
PT,2020,7,1,1.555321059803256e-05,0.46041256486950377,24.24,0.12,201032.71
PT,2020,8,1,2.6724229869577627e-05,0.45360712709596973,21.67,0.39,201032.71
PT,2020,9,1,9.229538731384916e-06,0.4427335842621324,20.52,1.36,201032.71
PT,2020,10,1,5.10615111579682e-06,0.45017003401665123,15.03,3.59,201032.71
PT,2020,11,1,NaN,0.5924018876908244,13.22,3.34,201032.71
PT,2020,12,1,1.4758553567329564e-05,0.6212687068160831,9.7,3.36,201032.71
PT,2021,1,1,1.5180832062491219e-05,0.5954315200081984,7.64,2.76,216493.75
PT,2021,2,1,1.1988413884631512e-05,0.5766319748463049,11.38,6.24,216493.75
PT,2021,3,1,1.1519544592432637e-05,0.5857121433654034,12.33,0.76,216493.75
PT,2021,4,1,7.531742406691982e-06,0.5580159413317851,14.42,3.3,216493.75
PT,2021,5,1,1.8440690655552317e-05,0.5300553220518954,15.83,1.23,216493.75
PT,2021,6,1,9.734338792810604e-06,0.48286919879469054,18.99,1.11,216493.75
PT,2021,7,1,1.2186301219159123e-05,0.46102391091684897,20.99,0.16,216493.75
PT,2021,8,1,1.1565578410115948e-05,0.4511898742491816,21.75,0.14,216493.75
PT,2021,9,1,NaN,0.48474025437603996,19.62,2.9,216493.75
PT,2021,10,1,9.071644004734482e-06,0.5127281290045334,17.26,2.95,216493.75
PT,2021,11,1,1.3892466266524399e-05,0.5541390981002194,10.68,0.54,216493.75
PT,2021,12,1,8.521827606244873e-06,0.5596257649234235,11.33,2.9,216493.75
PT,2022,1,1,1.3834455482234869e-05,0.5906390590005952,9.09,0.4,243957.09
PT,2022,2,1,1.7028233332082114e-06,0.5394551446735727,10.92,0.49,243957.09
PT,2022,3,1,6.012429973149362e-06,0.48437148251170675,11.67,4.01,243957.09
PT,2022,4,1,1.1911648724500473e-05,0.5273227030201683,12.97,2.24,243957.09
PT,2022,5,1,5.9937642999940985e-06,0.4709155730515242,19.01,0.53,243957.09
PT,2022,6,1,4.0914464989327826e-06,0.44122138829451,19.87,1.0,243957.09
PT,2022,7,1,3.114602550891387e-05,0.43383677402340043,24.6,0.16,243957.09
PT,2022,8,1,2.0803412478041317e-05,0.4213846159756432,22.58,0.12,243957.09
PT,2022,9,1,2.39337555138882e-05,0.4391407141825415,19.67,2.09,243957.09
PT,2022,10,1,1.5747551051493217e-05,0.4757184425193222,18.13,4.3,243957.09
PT,2022,11,1,2.0685207905576336e-05,0.5825459693594957,13.04,3.93,243957.09
PT,2022,12,1,2.2416430716702424e-05,0.6144203586393273,12.36,7.74,243957.09
PT,2023,1,1,3.482168761694837e-05,0.6349210535855335,8.69,2.73,270352.62
PT,2023,2,1,2.5523043139463247e-05,0.562522760108603,9.38,0.53,270352.62
PT,2023,3,1,1.7085881818073917e-05,0.5241951230025763,12.75,1.73,270352.62
PT,2023,4,1,1.8385877481294573e-05,0.49706941888463196,16.34,0.65,270352.62
PT,2023,5,1,2.4156935679220557e-05,0.45582364003853737,17.72,1.56,270352.62
PT,2023,6,1,2.5852106592296248e-05,0.45832270243699624,21.34,1.88,270352.62
PT,2023,7,1,2.5805005159306336e-05,0.44858724305207076,21.86,0.12,270352.62
PT,2023,8,1,1.6074012401967744e-05,0.4247166987082187,23.42,0.09,270352.62
PT,2023,9,1,3.038404334217001e-05,0.45024495641602535,19.85,2.78,270352.62
PT,2023,10,1,1.691506751289905e-05,0.4747917454752637,18.51,6.35,270352.62
PT,2023,11,1,1.586952810744298e-05,0.6059464041544722,13.37,3.86,270352.62
PT,2023,12,1,1.8929108404010033e-05,0.648218971767224,9.44,2.19,270352.62
PT,2024,1,1,3.9082150785233376e-05,0.6254011305915487,10.83,4.09,289427.97
PT,2024,2,1,1.5989158500609683e-05,0.5994146350460163,11.98,3.59,289427.97
PT,2024,3,1,9.595071291803368e-06,0.5461782373236338,12.0,5.3,289427.97
PT,2024,4,1,1.5192241595482262e-05,0.5848513837561847,15.16,1.86,289427.97
PT,2024,5,1,2.4751921031191318e-05,0.5299334278862017,16.15,1.23,289427.97
PT,2024,6,1,1.864296990924972e-05,0.49000468860614604,19.3,1.61,289427.97
PT,2024,7,1,2.0978600931941765e-05,0.48776746459525344,22.51,0.31,289427.97
PT,2024,8,1,2.424520219827374e-05,0.46675480561277677,22.9,0.05,289427.97
PT,2024,9,1,2.6460991292915806e-05,0.44485928788851137,18.95,1.12,289427.97
PT,2024,10,1,4.3847550297703214e-05,0.502609675955518,16.93,4.65,289427.97
PT,2024,11,1,2.1173663036979174e-05,0.5777562352629275,14.55,2.06,289427.97
PT,2024,12,1,2.4781578939672083e-05,0.6280847461999384,9.49,0.39,289427.97
RO,2019,1,1,4.565585705668316e-05,0.3848510664847686,-2.08,2.33,223341.43
RO,2019,2,1,3.1012619840594915e-05,0.2909613288599724,1.83,1.01,223341.43
RO,2019,3,1,2.0931516503663736e-05,0.33881535471548413,7.01,0.87,223341.43
RO,2019,4,1,3.4584320351789203e-05,0.5004764005306027,10.33,2.34,223341.43
RO,2019,5,1,NaN,0.6811228438990242,14.49,4.46,223341.43
RO,2019,6,1,1.439037158589535e-05,0.7285225264920896,21.06,3.31,223341.43
RO,2019,7,1,3.06440566787143e-05,0.7062664094329779,20.23,2.22,223341.43
RO,2019,8,1,2.5530578637636522e-05,0.644924137365317,21.91,1.52,223341.43
RO,2019,9,1,2.756082688047717e-05,0.5391837121180754,16.79,1.11,223341.43
RO,2019,10,1,2.597561183242277e-05,0.47154303661660735,11.73,1.15,223341.43
RO,2019,11,1,5.295542897776168e-05,0.4447507185009778,8.86,1.89,223341.43
RO,2019,12,1,2.8379904420247797e-05,0.41931991185083234,2.43,1.18,223341.43
RO,2020,1,1,1.4888576853188655e-05,0.38171723171793154,-0.67,0.52,219839.76
RO,2020,2,1,3.1797457405046104e-05,0.36191043154707087,3.37,2.23,219839.76
RO,2020,3,1,2.092088102999962e-05,0.4110990125077961,6.31,1.76,219839.76
RO,2020,4,1,1.9878651076327426e-05,0.5071725824996114,9.98,0.66,219839.76
RO,2020,5,1,1.6344064962626944e-05,0.6329366756401371,13.62,3.03,219839.76
RO,2020,6,1,2.4809497649735157e-05,0.6771736513214445,19.04,5.05,219839.76
RO,2020,7,1,1.9277901746437353e-05,0.671962547577213,20.68,2.92,219839.76
RO,2020,8,1,2.259353793065928e-05,0.6316886430587357,21.61,1.7,219839.76
RO,2020,9,1,2.402412686004521e-05,0.5482566894059371,17.94,1.92,219839.76
RO,2020,10,1,3.7838293297937463e-05,0.5579031097452635,12.19,2.83,219839.76
RO,2020,11,1,2.4506540871870582e-05,0.4902048294177239,4.23,0.67,219839.76
RO,2020,12,1,4.6382165753752735e-05,0.45594155922803,2.9,2.38,219839.76
RO,2021,1,1,2.4296633640837986e-05,0.42667551703311724,0.11,2.79,240986.57
RO,2021,2,1,1.832312383482513e-05,0.3742284019957643,1.59,1.67,240986.57
RO,2021,3,1,2.3994838911800315e-05,0.37963173950123785,3.12,2.23,240986.57
RO,2021,4,1,1.865357622043081e-05,0.4928371297750202,7.5,2.21,240986.57
RO,2021,5,1,2.550659558194236e-05,0.667907054790361,14.28,3.12,240986.57
RO,2021,6,1,2.0300004715540786e-05,0.7237570159709354,19.02,3.36,240986.57
RO,2021,7,1,2.3951024196767672e-05,0.6873222166917904,22.6,2.28,240986.57
RO,2021,8,1,2.1898930814595184e-05,0.6449949955083544,20.61,2.37,240986.57
RO,2021,9,1,1.7722386006174237e-05,0.5933373193550955,14.93,1.22,240986.57
RO,2021,10,1,1.8200559145356818e-05,0.49488082826829294,8.6,1.04,240986.57
RO,2021,11,1,3.3306656038187346e-05,0.4255136307984273,5.78,1.46,240986.57
RO,2021,12,1,2.8977282663841803e-05,0.39301459389369625,1.06,3.39,240986.57
RO,2022,1,1,NaN,0.36495931187070707,-0.54,1.13,280777.44
RO,2022,2,1,1.4680960696464414e-05,0.3380403440869923,2.58,0.96,280777.44
RO,2022,3,1,NaN,0.3169172123346708,2.73,0.73,280777.44
RO,2022,4,1,2.1597521519768445e-05,0.46457275172125656,9.03,2.72,280777.44
RO,2022,5,1,1.7387117337763395e-05,0.6624338673445193,15.71,1.86,280777.44
RO,2022,6,1,2.7145032388587938e-05,0.681913006469511,20.4,1.64,280777.44
RO,2022,7,1,2.4027227586450952e-05,0.6151816104940354,22.02,2.12,280777.44
RO,2022,8,1,2.2996195244730548e-05,0.5881515042279252,22.02,2.6,280777.44
RO,2022,9,1,1.684957885519212e-05,0.6046681460569907,14.91,3.56,280777.44
RO,2022,10,1,3.853223546190858e-05,0.5498800322860729,11.63,0.81,280777.44
RO,2022,11,1,1.8424981048154113e-05,0.46332575420810834,6.44,2.32,280777.44
RO,2022,12,1,1.501687585249561e-05,0.4190072142345197,2.31,1.77,280777.44
RO,2023,1,1,4.1169854163857935e-05,0.43441285663739115,3.26,2.52,321577.9
RO,2023,2,1,2.075790900135115e-05,0.3790903435173741,0.94,1.98,321577.9
RO,2023,3,1,2.328302226071681e-05,0.41610999957407785,6.12,1.4,321577.9
RO,2023,4,1,1.2360363244943012e-05,0.5525244000705795,8.37,3.14,321577.9
RO,2023,5,1,2.4102206255043393e-05,0.6904080431132559,14.72,1.99,321577.9
RO,2023,6,1,2.40235845737307e-05,0.6934686394956227,18.78,3.34,321577.9
RO,2023,7,1,1.6115468245946453e-05,0.6630891641020775,22.1,2.75,321577.9
RO,2023,8,1,1.6017118425113353e-05,0.6344939484403316,22.42,1.88,321577.9
RO,2023,9,1,2.1860328949171448e-05,0.5778665762744708,18.8,1.19,321577.9
RO,2023,10,1,2.8036368213074516e-05,0.49192251600672876,13.35,0.86,321577.9
RO,2023,11,1,4.618065635081754e-05,0.4326766991441038,5.87,3.73,321577.9
RO,2023,12,1,3.214663607741597e-05,0.39656639356264606,2.58,1.78,321577.9
RO,2024,1,1,2.0707292578123817e-05,0.38060776980890343,-0.11,1.69,353633.12
RO,2024,2,1,NaN,0.3640852308169923,6.4,1.05,353633.12
RO,2024,3,1,2.2693038029676746e-05,0.4466074067007069,7.42,1.85,353633.12
RO,2024,4,1,2.5229749527298732e-05,0.6185536939040543,12.8,2.11,353633.12
RO,2024,5,1,2.167254187278827e-05,0.6610759412139972,15.15,2.11,353633.12
RO,2024,6,1,2.219851887317118e-05,0.6511637372035788,21.85,2.16,353633.12
RO,2024,7,1,1.904026679536461e-05,0.6106489127923946,23.81,2.39,353633.12
RO,2024,8,1,2.736111085451218e-05,0.5582134225723357,23.21,1.52,353633.12
RO,2024,9,1,2.3709950970027788e-05,0.5414517872143487,17.51,3.07,353633.12
RO,2024,10,1,4.224536175285148e-05,0.5763844540413386,10.76,1.04,353633.12
RO,2024,11,1,3.380867130132904e-05,0.4608942211758492,3.14,1.78,353633.12
RO,2024,12,1,3.308812402459172e-05,0.4379452264570787,1.79,2.0,353633.12
SK,2019,1,1,6.346819484503957e-05,0.3918594491350273,-3.41,2.42,94547.48
SK,2019,2,1,0.00011237719275822218,0.3355921279415784,1.67,1.14,94547.48
SK,2019,3,1,3.0113144847757596e-05,0.38704794198726933,5.76,1.43,94547.48
SK,2019,4,1,2.873942742551245e-05,0.563471786830298,10.06,1.8,94547.48
SK,2019,5,1,2.826953772025777e-05,0.7062382868904366,11.47,5.11,94547.48
SK,2019,6,1,2.6222186378876634e-05,0.7316038088417166,20.97,2.16,94547.48
SK,2019,7,1,2.8002261982379794e-05,0.6683427835622328,18.87,2.82,94547.48
SK,2019,8,1,2.6632286384901804e-05,0.6800934800150492,20.05,2.62,94547.48
SK,2019,9,1,3.802901543981513e-05,0.6815032998671015,14.02,2.22,94547.48
SK,2019,10,1,3.154130401328572e-05,0.5703501987237471,10.12,1.35,94547.48
SK,2019,11,1,3.597629195623682e-05,0.49875157817006044,6.98,3.33,94547.48
SK,2019,12,1,8.796349596623923e-05,0.4542057964636675,1.5,2.29,94547.48
SK,2020,1,1,NaN,0.41173613505141343,-1.26,0.81,94320.58
SK,2020,2,1,5.011900347957021e-05,0.4019768994210709,3.01,2.7,94320.58
SK,2020,3,1,1.8290172285409974e-05,0.43051853932511686,4.45,1.63,94320.58
SK,2020,4,1,2.89035206556767e-05,0.5542898008532137,9.14,0.55,94320.58
SK,2020,5,1,1.708837887646023e-05,0.6760121923690501,11.17,2.97,94320.58
SK,2020,6,1,2.1913047357883262e-05,0.7404913018407061,17.37,5.76,94320.58
SK,2020,7,1,2.390225626397196e-05,0.7187470809939971,18.64,3.79,94320.58
SK,2020,8,1,NaN,0.7331664774225563,19.85,3.12,94320.58
SK,2020,9,1,8.09215780321335e-05,0.6700292034041052,15.03,3.35,94320.58
SK,2020,10,1,2.9125751949694073e-05,0.6282946524685254,9.61,4.94,94320.58
SK,2020,11,1,7.279202764901761e-05,0.522532849603406,3.57,0.97,94320.58
SK,2020,12,1,4.701576246707616e-05,0.4623696259340571,1.87,1.92,94320.58
SK,2021,1,1,2.6363513357430548e-05,0.40322721204303846,-1.16,2.07,101891.57
SK,2021,2,1,1.603535001506782e-05,0.36228069965949716,-0.41,2.13,101891.57
SK,2021,3,1,2.8761098121318096e-05,0.3548293375380262,3.0,1.13,101891.57
SK,2021,4,1,3.137243685712276e-05,0.4634021541851311,6.11,2.47,101891.57
SK,2021,5,1,2.450615821918318e-05,0.6831613949462317,11.66,4.15,101891.57
SK,2021,6,1,2.2145443205964885e-05,0.7563137688541784,19.36,1.1,101891.57
SK,2021,7,1,3.393238279201128e-05,0.7028941525979177,21.04,2.99,101891.57
SK,2021,8,1,1.9672756279807016e-05,0.7221335283993728,17.18,5.44,101891.57
SK,2021,9,1,3.102383786555148e-05,0.6917655505874485,14.03,1.87,101891.57
SK,2021,10,1,3.5102073235710665e-05,0.6121061051995457,7.93,0.62,101891.57
SK,2021,11,1,4.080274857628053e-05,0.4921208940506627,3.88,1.95,101891.57
SK,2021,12,1,3.50752788774334e-05,0.4338512109206336,-0.78,2.03,101891.57
SK,2022,1,1,NaN,0.37303537754162275,-0.8,1.58,109959.76
SK,2022,2,1,2.438672550094361e-05,0.3660799056040659,2.23,1.74,109959.76
SK,2022,3,1,NaN,0.3539758262645962,3.18,1.06,109959.76
SK,2022,4,1,3.167292692371643e-05,0.47692273748832564,6.81,2.37,109959.76
SK,2022,5,1,2.2052803594589944e-05,0.7197403175460466,14.47,1.48,109959.76
SK,2022,6,1,2.3426667373505595e-05,0.7352645380247621,19.48,1.82,109959.76
SK,2022,7,1,2.5785241118811886e-05,0.6436350201433887,19.94,2.71,109959.76
SK,2022,8,1,2.3116405601535286e-05,0.6289196130476183,20.49,2.56,109959.76
SK,2022,9,1,6.042990660317608e-05,0.6398329483789368,12.96,4.37,109959.76
SK,2022,10,1,4.473499520846399e-05,0.5940278813938379,10.66,1.17,109959.76
SK,2022,11,1,3.0397734983625665e-05,0.5167323173951844,4.52,1.22,109959.76
SK,2022,12,1,2.2427764962984477e-05,0.4600215360796006,0.39,2.6,109959.76
SK,2023,1,1,4.789194853979988e-05,0.42397859517139813,1.93,2.99,123538.7
SK,2023,2,1,3.094393089680487e-05,0.39719702035514076,0.32,1.88,123538.7
SK,2023,3,1,2.357799749842379e-05,0.3944843794907065,5.04,1.95,123538.7
SK,2023,4,1,2.595624968839754e-05,0.523741650333897,7.25,2.44,123538.7
SK,2023,5,1,2.1413628375039305e-05,0.7349387096914577,13.28,2.82,123538.7
SK,2023,6,1,2.6967245266872927e-05,0.7560902061721942,17.35,2.93,123538.7
SK,2023,7,1,1.7761284405229705e-05,0.709345131896395,20.03,2.8,123538.7
SK,2023,8,1,1.4507392367054258e-05,0.7249496572557046,19.85,4.25,123538.7
SK,2023,9,1,3.581481106169072e-05,0.691078818960214,17.37,2.5,123538.7
SK,2023,10,1,3.0192399255078422e-05,0.6143902845959827,11.44,3.19,123538.7
SK,2023,11,1,NaN,0.5176730100917285,3.98,3.74,123538.7
SK,2023,12,1,2.6315248893958986e-05,0.45544984387157195,0.68,3.03,123538.7
SK,2024,1,1,4.923911536855871e-05,0.4054292593919797,-0.45,2.6,130207.52
SK,2024,2,1,3.5290710476612664e-05,0.4126191384002483,6.05,2.32,130207.52
SK,2024,3,1,2.1211186878083416e-05,0.4577803831359406,7.25,1.77,130207.52
SK,2024,4,1,2.8095276492856535e-05,0.6147735198332778,10.76,2.65,130207.52
SK,2024,5,1,1.9577060554649127e-05,0.7349684174368207,15.12,2.64,130207.52
SK,2024,6,1,2.218335826763697e-05,0.7223738708015679,18.73,4.46,130207.52
SK,2024,7,1,2.4533552048783813e-05,0.7005443809926388,21.28,2.47,130207.52
SK,2024,8,1,2.514603468317922e-05,0.6336347310569367,21.25,1.92,130207.52
SK,2024,9,1,1.8398613120342446e-05,0.6441009195644586,15.89,4.41,130207.52
SK,2024,10,1,6.352941507475951e-05,0.621703264320884,9.35,1.64,130207.52
SK,2024,11,1,3.894268036492832e-05,0.5160100010290015,2.15,1.14,130207.52
SK,2024,12,1,5.931185441454547e-05,0.46705040415707255,0.65,1.08,130207.52
SI,2019,1,1,2.9348476623482836e-05,0.4874455867464453,-0.78,1.84,48156.45
SI,2019,2,1,4.5342365905960466e-05,0.4508290085141702,3.32,2.87,48156.45
SI,2019,3,1,2.7126223758647567e-05,0.4966494186988684,6.96,2.02,48156.45
SI,2019,4,1,2.4912682420108467e-05,0.6306409064453735,10.02,4.63,48156.45
SI,2019,5,1,3.3873963273911895e-05,0.7209203961016339,11.27,7.02,48156.45
SI,2019,6,1,2.3069009781968816e-05,0.7745473891112814,21.14,3.06,48156.45
SI,2019,7,1,1.8117921648314124e-05,0.7750945999184209,20.44,4.52,48156.45
SI,2019,8,1,2.560327671242778e-05,0.7931182677120918,20.49,3.99,48156.45
SI,2019,9,1,3.465698701550709e-05,0.7670707931442653,15.28,4.15,48156.45
SI,2019,10,1,2.5507288218232316e-05,0.6643239531689085,11.65,2.23,48156.45
SI,2019,11,1,5.9314250514405886e-05,0.5879777437180873,7.02,8.01,48156.45
SI,2019,12,1,4.6820506829932206e-05,0.5564407550817154,2.49,3.87,48156.45
SI,2020,1,1,4.460809799566389e-05,0.5011727970835058,0.74,0.59,46738.7
SI,2020,2,1,3.738650500129343e-05,0.498684751254191,4.68,1.48,46738.7
SI,2020,3,1,2.4648958740868334e-05,0.5174774289125073,5.48,2.96,46738.7
SI,2020,4,1,2.9018474999082303e-05,0.6313634496419727,10.78,1.15,46738.7
SI,2020,5,1,5.106764092488447e-06,0.7189779471589899,13.44,3.73,46738.7
SI,2020,6,1,2.1218723480951298e-05,0.7605306867678192,17.34,5.36,46738.7
SI,2020,7,1,2.4971310798280204e-05,0.7881986508042048,19.39,4.69,46738.7
SI,2020,8,1,NaN,0.8081409261280537,20.22,6.2,46738.7
SI,2020,9,1,3.7439691528962794e-05,0.7381012600267571,15.71,4.76,46738.7
SI,2020,10,1,2.115390913837121e-05,0.6690210096682988,10.03,4.97,46738.7
SI,2020,11,1,4.176560595953916e-05,0.5940116973613078,4.28,1.26,46738.7
SI,2020,12,1,5.5986679745429346e-05,0.5564264232422798,1.49,6.14,46738.7
SI,2021,1,1,NaN,0.4799505799089924,-0.6,3.68,52032.4
SI,2021,2,1,3.088605321014283e-05,0.47547533511491186,3.36,2.56,52032.4
SI,2021,3,1,2.886979334321221e-05,0.45778456441425763,4.68,1.34,52032.4
SI,2021,4,1,1.7725221075415407e-05,0.5611490651241064,7.2,3.25,52032.4
SI,2021,5,1,2.4372924234886374e-05,0.7270828937599809,11.79,7.89,52032.4
SI,2021,6,1,1.8045870246280105e-05,0.7575632636739986,20.27,1.37,52032.4
SI,2021,7,1,2.2668934696895726e-05,0.7880395902062076,20.9,4.9,52032.4
SI,2021,8,1,2.7629550770993912e-05,0.8003662503821379,18.61,4.21,52032.4
SI,2021,9,1,2.0178268484911843e-05,0.7355422851626141,15.74,2.61,52032.4
SI,2021,10,1,3.4553658748279205e-05,0.6777322214316079,8.7,2.65,52032.4
SI,2021,11,1,4.2186830777373625e-05,0.5581738085237893,4.78,4.72,52032.4
SI,2021,12,1,4.6096858310727587e-05,0.5219464177984143,0.2,2.59,52032.4
SI,2022,1,1,4.689571421251344e-05,0.4665148045998076,0.01,1.22,56881.63
SI,2022,2,1,4.765706959763352e-05,0.4720728365316561,3.16,1.25,56881.63
SI,2022,3,1,NaN,0.4322934485186861,4.32,1.06,56881.63
SI,2022,4,1,2.069435118699917e-05,0.5658401274846422,8.4,3.2,56881.63
SI,2022,5,1,2.2016373248535375e-05,0.7378548589427377,15.84,3.19,56881.63
SI,2022,6,1,2.22642772405799e-05,0.7521262407291275,20.42,4.23,56881.63
SI,2022,7,1,2.4137063977093188e-05,0.7424067757459879,21.54,2.94,56881.63
SI,2022,8,1,3.6415060559511564e-05,0.7106932488230281,20.74,3.1,56881.63
SI,2022,9,1,2.2090632672069902e-05,0.751623911746938,14.36,6.83,56881.63
SI,2022,10,1,3.592796013045579e-05,0.6492777884084712,12.95,1.64,56881.63
SI,2022,11,1,NaN,0.6062083377821372,6.1,3.84,56881.63
SI,2022,12,1,2.006485593239403e-05,0.5491021443891067,1.89,3.72,56881.63
SI,2023,1,1,4.259485389464298e-05,0.4883214092713211,2.09,4.74,64050.01
SI,2023,2,1,2.0123767269134072e-05,0.4363477751162882,1.5,0.98,64050.01
SI,2023,3,1,1.9586988074837293e-05,0.4704749195983373,6.43,2.87,64050.01
SI,2023,4,1,1.6979422539488622e-05,0.5544311837596214,8.07,4.1,64050.01
SI,2023,5,1,2.992074812122382e-05,0.745518164125609,13.88,5.43,64050.01
SI,2023,6,1,3.690530346793904e-05,0.7510756978044026,18.55,4.77,64050.01
SI,2023,7,1,1.5126004677095942e-05,0.7816472195378816,20.48,6.57,64050.01
SI,2023,8,1,1.113537249492405e-05,0.7851740257431795,19.87,8.08,64050.01
SI,2023,9,1,2.2993661368092082e-05,0.739868581124306,17.48,2.45,64050.01
SI,2023,10,1,2.6794693869760905e-05,0.6769337756443667,13.5,5.87,64050.01
SI,2023,11,1,NaN,0.6113784257158935,5.33,4.83,64050.01
SI,2023,12,1,2.4034262863869872e-05,0.5496423889100545,2.36,3.82,64050.01
SI,2024,1,1,6.831056841728227e-05,0.48956617909980116,0.43,2.72,67418.08
SI,2024,2,1,4.67440804716705e-05,0.485209494273177,5.85,3.13,67418.08
SI,2024,3,1,2.010788445158782e-05,0.562523070452416,7.62,4.32,67418.08
SI,2024,4,1,2.978601392525645e-05,0.6478234087805038,10.52,3.44,67418.08
SI,2024,5,1,2.6382454557085093e-05,0.7357603497963199,14.05,7.65,67418.08
SI,2024,6,1,1.4067476793533985e-05,0.7180332255779031,18.65,4.61,67418.08
SI,2024,7,1,1.8495386427120474e-05,0.7847600822685036,21.5,3.03,67418.08
SI,2024,8,1,2.4627398358437382e-05,0.7459265236156439,22.1,2.69,67418.08
SI,2024,9,1,2.0850212522353847e-05,0.7470817022242082,15.09,7.82,67418.08
SI,2024,10,1,3.7265791470953165e-05,0.6692195660573635,11.49,6.21,67418.08
SI,2024,11,1,5.08300338595005e-05,0.5924373088734637,3.67,1.37,67418.08
SI,2024,12,1,5.246753834371631e-05,0.5432036456915315,0.94,1.37,67418.08
SE,2019,1,1,3.771211394402935e-05,0.5634222303567884,-8.18,1.5,474202.91
SE,2019,2,1,2.1862704969305566e-05,0.26059018425430547,-4.17,2.27,474202.91
SE,2019,3,1,3.5605559543590225e-06,0.2568430074777765,-2.67,2.65,474202.91
SE,2019,4,1,NaN,0.3651681494387197,3.66,0.5,474202.91
SE,2019,5,1,NaN,0.4912481999473103,6.72,3.24,474202.91
SE,2019,6,1,NaN,0.6412909381217329,13.45,2.99,474202.91
SE,2019,7,1,NaN,0.6939364287237716,14.79,1.96,474202.91
SE,2019,8,1,1.8860670961570553e-05,0.6835499772656465,14.14,3.11,474202.91
SE,2019,9,1,1.5658029290886294e-05,0.6430824611266761,8.23,3.06,474202.91
SE,2019,10,1,2.622508335638812e-05,0.5700042366220074,1.67,2.53,474202.91
SE,2019,11,1,1.4228399062576754e-05,0.6416193511602942,-3.35,2.19,474202.91
SE,2019,12,1,4.077688469320641e-05,0.6267052521851273,-2.26,2.46,474202.91
SE,2020,1,1,1.874866434900791e-05,0.6037430060795786,-1.12,2.72,478106.88
SE,2020,2,1,5.403810901196864e-06,0.2982177465375766,-3.24,2.29,478106.88
SE,2020,3,1,1.686487065454912e-05,0.3171627194689774,-1.32,1.77,478106.88
SE,2020,4,1,NaN,0.37905521790963764,2.18,1.27,478106.88
SE,2020,5,1,NaN,0.4949385301323093,5.64,1.47,478106.88
SE,2020,6,1,1.5674170178170498e-05,0.6598617666456796,15.52,2.03,478106.88
SE,2020,7,1,NaN,0.6829164668551899,12.84,4.62,478106.88
SE,2020,8,1,9.036648818587078e-06,0.7082334426956582,14.04,1.72,478106.88
SE,2020,9,1,1.585602258737257e-05,0.6401104812146313,9.38,2.52,478106.88
SE,2020,10,1,2.8689127426944985e-05,0.5803026900197854,4.67,3.41,478106.88
SE,2020,11,1,3.292669947420128e-05,0.6646821945232448,1.97,2.31,478106.88
SE,2020,12,1,NaN,0.6429727983471495,-1.08,2.78,478106.88
SE,2021,1,1,-4.264362459144523e-06,0.5752158647077994,-9.07,2.16,533953.58
SE,2021,2,1,2.3757406265324635e-05,0.26276832770017094,-7.27,1.17,533953.58
SE,2021,3,1,NaN,0.28819765985110135,-0.95,1.48,533953.58
SE,2021,4,1,NaN,0.33414541984832286,1.47,1.49,533953.58
SE,2021,5,1,NaN,0.4609032673571706,6.51,2.48,533953.58
SE,2021,6,1,NaN,0.6538265438198455,14.53,2.39,533953.58
SE,2021,7,1,NaN,0.7100495323688817,17.13,2.66,533953.58
SE,2021,8,1,9.418217728149907e-06,0.7117811275157603,12.39,3.68,533953.58
SE,2021,9,1,1.7234800159595695e-05,0.6604207002233938,8.48,2.61,533953.58
SE,2021,10,1,2.754062050164149e-05,0.6078144198075961,4.66,3.85,533953.58
SE,2021,11,1,2.7091024238533867e-05,0.6548850580919777,-2.17,1.69,533953.58
SE,2021,12,1,NaN,0.6337867572445817,-7.36,1.4,533953.58
SE,2022,1,1,2.4290799337080155e-06,0.5840339210943447,-4.61,2.16,547190.39
SE,2022,2,1,2.4221293617280795e-05,0.25471319731849884,-5.14,2.25,547190.39
SE,2022,3,1,6.723773998640674e-06,0.31040444076002466,-0.58,1.07,547190.39
SE,2022,4,1,NaN,0.39842951848283825,1.41,1.59,547190.39
SE,2022,5,1,NaN,0.4839032173517546,7.75,2.01,547190.39
SE,2022,6,1,NaN,0.6476302060073489,14.03,2.49,547190.39
SE,2022,7,1,1.342443025512746e-05,0.7038253654672565,14.5,3.51,547190.39
SE,2022,8,1,8.15903486537615e-06,0.7063880984260084,14.44,3.46,547190.39
SE,2022,9,1,1.184538169132735e-05,0.6450334680080478,8.43,2.2,547190.39
SE,2022,10,1,2.3992030536169472e-05,0.6236899665467713,5.14,2.15,547190.39
SE,2022,11,1,3.863547178732062e-05,0.6611567412639139,0.09,1.61,547190.39
SE,2022,12,1,4.751006636954321e-05,0.6221078121758036,-7.18,1.81,547190.39
SE,2023,1,1,3.4454079993476625e-05,0.5781774807689114,-4.19,2.68,535176.76
SE,2023,2,1,2.0563049747941287e-05,0.2615994146692533,-3.47,1.5,535176.76
SE,2023,3,1,5.406191956587656e-06,0.25606113482943177,-5.45,1.93,535176.76
SE,2023,4,1,8.676019990545487e-06,0.36749894753676227,1.96,1.49,535176.76
SE,2023,5,1,1.392968395665053e-05,0.5138727931514275,8.21,1.41,535176.76
SE,2023,6,1,1.4828841722449459e-05,0.6270328625769087,14.56,1.61,535176.76
SE,2023,7,1,1.185686474017007e-05,0.6900889515445454,14.38,3.87,535176.76
SE,2023,8,1,1.0782941864198377e-05,0.6974773879925121,14.0,4.97,535176.76
SE,2023,9,1,9.091850415825943e-06,0.6398479254765959,11.16,3.02,535176.76
SE,2023,10,1,1.9689834073491264e-05,0.5863186026074165,0.99,2.25,535176.76
SE,2023,11,1,4.289945688807069e-05,0.6408696952655442,-5.3,2.23,535176.76
SE,2023,12,1,-1.8536598313053568e-05,0.6336967037847413,-8.02,1.78,535176.76
SE,2024,1,1,3.1045110324012305e-06,0.554498144749982,-8.7,2.04,558672.82
SE,2024,2,1,4.133604761806874e-05,0.24917127122834648,-5.36,1.95,558672.82
SE,2024,3,1,1.0366420697653907e-05,0.23717204042874676,-1.44,1.56,558672.82
SE,2024,4,1,1.1486223000134795e-05,0.32292311980978117,0.58,2.02,558672.82
SE,2024,5,1,1.6775171304394858e-05,0.5140549987502283,11.14,0.9,558672.82
SE,2024,6,1,1.1307564888386791e-05,0.6753364621491792,13.44,3.25,558672.82
SE,2024,7,1,1.549382697819127e-05,0.7300538935620492,15.2,4.58,558672.82
SE,2024,8,1,1.2825187296298583e-05,0.6685430720295571,14.59,3.29,558672.82
SE,2024,9,1,5.9697647489021575e-06,0.6658440270863758,10.43,2.59,558672.82
SE,2024,10,1,5.640211501185349e-06,0.6039589036429756,4.81,2.74,558672.82
SE,2024,11,1,4.590153485751701e-05,0.6421388333081786,-0.41,1.74,558672.82
SE,2024,12,1,1.7203387043741293e-05,0.6154731080860186,-3.45,2.37,558672.82
UK,2019,1,0,8.339638835842162e-05,0.590769398977976,4.22,1.85,2567598.29
UK,2019,2,0,3.022949894574143e-05,0.5634861379676257,6.57,2.25,2567598.29
UK,2019,3,0,1.8668622663498197e-05,0.593691327627028,6.97,3.78,2567598.29
UK,2019,4,0,7.822480830969897e-05,0.6074009144225149,8.41,1.83,2567598.29
UK,2019,5,0,2.53401075993183e-05,0.6702240685577053,10.15,2.4,2567598.29
UK,2019,6,0,2.8637062970652673e-05,0.7018573802691075,13.13,4.04,2567598.29
UK,2019,7,0,2.3082971248489417e-05,0.6677126398312953,16.26,3.1,2567598.29
UK,2019,8,0,2.3366705836843034e-05,0.6415593646678064,15.69,4.14,2567598.29
UK,2019,9,0,-3.415316996324691e-06,0.658562015773915,13.26,3.85,2567598.29
UK,2019,10,0,6.76312273842874e-05,0.63526013168468,9.34,4.07,2567598.29
UK,2019,11,0,7.690851820374199e-05,0.6009661281242564,5.97,3.61,2567598.29
UK,2019,12,0,7.491956768322065e-05,0.594172770707316,5.85,3.6,2567598.29
UK,2020,1,0,8.422182569726525e-06,0.5611056756425556,6.28,3.33,2389474.98
UK,2020,2,0,1.0012715811443253e-05,0.5473395776552473,5.44,6.03,2389474.98
UK,2020,3,0,3.6577698642163394e-05,0.5317293038657208,5.83,2.41,2389474.98
UK,2020,4,0,1.2820948149755358e-05,0.5885712807255626,9.02,1.1,2389474.98
UK,2020,5,0,2.7113527504321903e-05,0.6313538753656758,11.45,1.2,2389474.98
UK,2020,6,0,2.512266639691449e-05,0.6791920749479727,13.83,3.73,2389474.98
UK,2020,7,0,2.7763853540818673e-05,0.6775139065539295,14.26,3.03,2389474.98
UK,2020,8,0,1.143969029726577e-06,0.6528666118257046,15.68,3.8,2389474.98
UK,2020,9,0,1.1154545078901943e-05,0.646557561606291,12.99,2.42,2389474.98
UK,2020,10,0,2.9906026235291112e-05,0.6399637466313632,9.79,5.24,2389474.98
UK,2020,11,0,NaN,0.6216906111018399,8.35,3.21,2389474.98
UK,2020,12,0,3.630980984526612e-05,0.6236979917008979,5.15,4.6,2389474.98
UK,2021,1,0,2.5446471992574067e-05,0.5616290213145134,2.95,4.02,2707253.55
UK,2021,2,0,4.681556431497313e-05,0.5359673342464631,4.51,3.69,2707253.55
UK,2021,3,0,5.971902851220024e-05,0.5364381625818839,6.56,2.49,2707253.55
UK,2021,4,0,2.2548365782448698e-05,0.5623228026013073,5.97,1.02,2707253.55
UK,2021,5,0,3.2755353598426676e-05,0.6380218003412835,9.16,4.07,2707253.55
UK,2021,6,0,2.4998733168579786e-05,0.6990223193299847,14.18,1.93,2707253.55
UK,2021,7,0,1.7176343659279964e-05,0.6964088455951631,16.36,2.73,2707253.55
UK,2021,8,0,2.1187023053904677e-05,0.6607089638486447,14.97,2.46,2707253.55
UK,2021,9,0,2.677149856989511e-06,0.6489678666689065,14.7,2.67,2707253.55
UK,2021,10,0,2.4595453634433735e-05,0.6532443939028189,11.32,4.94,2707253.55
UK,2021,11,0,3.142446472968715e-05,0.6299040275313872,7.74,2.42,2707253.55
UK,2021,12,0,3.407606846919327e-05,0.6420028206582379,5.97,3.29,2707253.55
UK,2022,1,0,3.1350227202078952e-06,0.5855387462210472,5.34,1.74,3029756.52
UK,2022,2,0,1.852071346958093e-05,0.5602425842823611,6.13,4.72,3029756.52
UK,2022,3,0,8.761825643312169e-06,0.5645918758109223,6.87,1.72,3029756.52
UK,2022,4,0,5.236629679217938e-05,0.599588923442377,8.25,1.91,3029756.52
UK,2022,5,0,2.085918610217135e-05,0.667439693123874,11.72,2.98,3029756.52
UK,2022,6,0,1.8390140289879043e-05,0.6883451179740981,13.94,2.58,3029756.52
UK,2022,7,0,1.46446612254613e-05,0.6196734868388993,16.39,1.9,3029756.52
UK,2022,8,0,2.595981803686824e-05,0.5935404286158464,16.58,1.9,3029756.52
UK,2022,9,0,1.752571942283791e-05,0.6277398956647988,13.56,3.33,3029756.52
UK,2022,10,0,6.38623271741611e-05,0.6440152192493451,11.93,4.46,3029756.52
UK,2022,11,0,8.375883609630738e-05,0.6480457639649294,8.81,4.87,3029756.52
UK,2022,12,0,2.2240978925820668e-05,0.6177827233319673,3.79,2.98,3029756.52
UK,2023,1,0,3.275902953916556e-05,0.570863592268175,5.09,3.35,3167404.31
UK,2023,2,0,2.117587251116536e-05,0.564158805416373,6.34,1.5,3167404.31
UK,2023,3,0,1.561570794569437e-05,0.5739897976958378,5.95,4.0,3167404.31
UK,2023,4,0,3.015856044025067e-05,0.6261873868977861,7.96,2.67,3167404.31
UK,2023,5,0,2.856904353433167e-05,0.6642872416179948,11.61,1.47,3167404.31
UK,2023,6,0,NaN,0.682927522982785,15.77,2.09,3167404.31
UK,2023,7,0,1.0331185542312596e-05,0.6498017647052805,14.89,4.54,3167404.31
UK,2023,8,0,2.9213888239204817e-05,0.6556090980486315,15.25,2.85,3167404.31
UK,2023,9,0,4.136433941933853e-05,0.6411804135059127,15.15,3.64,3167404.31
UK,2023,10,0,2.8416264422197554e-05,0.6523386126583403,11.02,4.73,3167404.31
UK,2023,11,0,4.6767429278628217e-05,0.6211007962465278,6.93,3.41,3167404.31
UK,2023,12,0,-3.483185813982667e-05,0.6155022160213036,6.49,5.2,3167404.31
UK,2024,1,0,9.848364755630271e-06,0.5540939619576501,4.57,3.42,3421795.85
UK,2024,2,0,4.736682969624025e-06,0.5602997275739772,6.76,4.12,3421795.85
UK,2024,3,0,3.772961490251981e-05,0.5548284081741156,6.92,3.19,3421795.85
UK,2024,4,0,3.4127057659941255e-05,0.5909650415186123,8.43,3.61,3421795.85
UK,2024,5,0,1.933528480236425e-05,0.6865388850933185,12.87,2.93,3421795.85
UK,2024,6,0,2.140823607779955e-05,0.6960209645141467,13.01,2.04,3421795.85
UK,2024,7,0,3.041300207548227e-05,0.676904524694698,14.81,2.88,3421795.85
UK,2024,8,0,2.6701032010747854e-05,0.6357673816888678,15.4,3.31,3421795.85
UK,2024,9,0,2.255660232479802e-05,0.6432638703700705,12.7,3.53,3421795.85
UK,2024,10,0,6.986797305581388e-05,0.6269055487952905,10.88,3.18,3421795.85
UK,2024,11,0,5.9762976741808285e-05,0.6185112493224615,7.28,2.38,3421795.85
UK,2024,12,0,8.20509072191075e-06,0.6153844293669707,6.9,3.93,3421795.85
NO,2019,1,0,2.49711452931439e-05,0.32418523202166516,-6.13,3.49,378790.08
NO,2019,2,0,9.022737633342866e-06,0.14742571914310695,-3.65,4.2,378790.08
NO,2019,3,0,-4.7339274585678196e-07,0.12811807784323181,-3.04,4.36,378790.08
NO,2019,4,0,NaN,0.28738711652825,3.03,1.31,378790.08
NO,2019,5,0,NaN,0.3163488761513704,4.91,3.76,378790.08
NO,2019,6,0,NaN,0.49614033183757555,10.11,4.7,378790.08
NO,2019,7,0,NaN,0.5958814463834706,12.88,2.56,378790.08
NO,2019,8,0,1.4056228937196324e-05,0.5950268688141528,12.41,4.14,378790.08
NO,2019,9,0,7.66187839286839e-06,0.5531547280832252,7.41,5.17,378790.08
NO,2019,10,0,1.1876538138498775e-05,0.41593890536310096,1.19,3.49,378790.08
NO,2019,11,0,NaN,0.44691309987319805,-3.87,2.24,378790.08
NO,2019,12,0,NaN,NaN,-2.35,5.06,378790.08
NO,2020,1,0,-2.558511373766948e-06,0.38978626003842004,-1.62,7.19,335309.23
NO,2020,2,0,NaN,0.13368842759352473,-2.91,5.34,335309.23
NO,2020,3,0,1.192343121471932e-05,0.1394915083810069,-1.86,4.63,335309.23
NO,2020,4,0,NaN,0.2886033239889481,0.83,3.42,335309.23
NO,2020,5,0,NaN,0.3943788813354313,4.03,3.0,335309.23
NO,2020,6,0,NaN,0.46800334699434504,12.54,2.48,335309.23
NO,2020,7,0,NaN,0.5766773927622706,11.16,4.62,335309.23
NO,2020,8,0,6.441463351987995e-06,0.6278266190679127,12.11,3.47,335309.23
NO,2020,9,0,2.2278658225203237e-05,0.5426639575703274,8.36,5.58,335309.23
NO,2020,10,0,NaN,0.44292141418708175,4.08,3.64,335309.23
NO,2020,11,0,NaN,0.4971635740521257,1.84,5.6,335309.23
NO,2020,12,0,NaN,NaN,-1.54,3.13,335309.23
NO,2021,1,0,1.1567580086613777e-05,0.3596946195261006,-8.38,1.8,442027.29
NO,2021,2,0,1.0161533352403802e-05,0.1270392031041111,-7.13,2.93,442027.29
NO,2021,3,0,1.0226686833106917e-05,0.14297660396408998,-1.36,4.39,442027.29
NO,2021,4,0,NaN,0.18098706717034602,0.25,3.13,442027.29
NO,2021,5,0,NaN,0.29302554639890804,5.15,2.26,442027.29
NO,2021,6,0,NaN,0.49962343310866,11.72,3.19,442027.29
NO,2021,7,0,NaN,0.6314091080618605,14.15,4.19,442027.29
NO,2021,8,0,NaN,0.6228799709479458,11.22,2.92,442027.29
NO,2021,9,0,1.6349718322763876e-05,0.5487898142666271,8.33,3.82,442027.29
NO,2021,10,0,2.3287992068262344e-06,0.4463355072118506,4.27,5.89,442027.29
NO,2021,11,0,NaN,0.4899778541669748,-1.71,4.34,442027.29
NO,2021,12,0,NaN,NaN,-6.22,2.86,442027.29
NO,2022,1,0,2.1222552417887683e-05,0.362302267711647,-3.74,6.33,587925.56
NO,2022,2,0,1.756903156422401e-05,0.12593167836008992,-4.6,4.3,587925.56
NO,2022,3,0,4.806918669844812e-06,0.1793076318330223,-0.66,3.12,587925.56
NO,2022,4,0,NaN,0.30674568592090584,0.7,2.04,587925.56
NO,2022,5,0,NaN,0.3631804912800135,5.58,3.8,587925.56
NO,2022,6,0,NaN,0.49361635283522975,11.2,3.56,587925.56
NO,2022,7,0,1.30475094213125e-05,0.6032967971545327,12.53,5.09,587925.56
NO,2022,8,0,1.3007785952843036e-05,0.623601216732887,12.46,4.91,587925.56
NO,2022,9,0,9.448236302766195e-06,0.551934638808088,7.97,3.0,587925.56
NO,2022,10,0,2.5599752803825824e-05,0.46046371816382176,4.29,5.01,587925.56
NO,2022,11,0,NaN,0.4983287206675718,0.64,3.33,587925.56
NO,2022,12,0,NaN,NaN,-6.92,2.7,587925.56
NO,2023,1,0,2.451328046079388e-05,0.3670876291364472,-3.94,4.54,464997.81
NO,2023,2,0,1.3989799422594671e-05,0.11128355896880303,-2.5,4.83,464997.81
NO,2023,3,0,6.846368585953598e-06,0.11575803443742445,-5.89,2.97,464997.81
NO,2023,4,0,4.734095673003776e-06,0.2032963035875778,1.35,2.53,464997.81
NO,2023,5,0,8.444531292243423e-06,0.2826521743680313,5.77,3.09,464997.81
NO,2023,6,0,1.4650551249797832e-05,0.49571350332570224,12.0,2.38,464997.81
NO,2023,7,0,1.4420387333598998e-05,0.6066107325591292,12.72,4.25,464997.81
NO,2023,8,0,1.2188965366450699e-05,0.6204426007065359,12.77,4.99,464997.81
NO,2023,9,0,7.067585047399027e-06,0.5333707046405236,9.71,5.79,464997.81
NO,2023,10,0,2.345821118789368e-05,0.44329966234398255,0.86,3.54,464997.81
NO,2023,11,0,4.5136704807344184e-05,0.465493427768699,-5.0,2.32,464997.81
NO,2023,12,0,NaN,NaN,-7.51,3.21,464997.81
NO,2024,1,0,6.345916680012513e-06,0.32871755771220407,-7.0,4.58,463783.64
NO,2024,2,0,8.922021052092739e-06,0.1268003096602328,-4.61,3.91,463783.64
NO,2024,3,0,6.796880458590817e-06,0.12235059526878238,-1.28,2.44,463783.64
NO,2024,4,0,1.6394529009799273e-05,0.2687166958770004,0.29,2.62,463783.64
NO,2024,5,0,1.8507049943159713e-05,0.36964039976390933,9.14,2.06,463783.64
NO,2024,6,0,1.4550874981476931e-05,0.5426437789049274,11.25,4.72,463783.64
NO,2024,7,0,1.0682141041504805e-05,0.6329953937539623,13.7,4.17,463783.64
NO,2024,8,0,1.2225812825336729e-05,0.6063845235290242,13.41,5.39,463783.64
NO,2024,9,0,4.389462668842233e-06,0.5459890000819393,9.49,4.01,463783.64
NO,2024,10,0,9.44158933804703e-06,0.4346468886604295,4.29,5.78,463783.64
NO,2024,11,0,NaN,0.5131059753090365,-0.23,5.01,463783.64
NO,2024,12,0,NaN,NaN,-2.85,6.0,463783.64
CH,2019,1,0,NaN,0.28590331963077775,-4.22,4.31,657486.4
CH,2019,2,0,3.288394694523813e-05,0.33756364209346246,-0.32,2.04,657486.4
CH,2019,3,0,3.8429418874213324e-05,0.41340741068275727,2.69,3.98,657486.4
CH,2019,4,0,2.8375023711730003e-05,0.4677346274468141,5.25,4.45,657486.4
CH,2019,5,0,2.768069758103847e-05,0.5062882588262482,6.89,5.13,657486.4
CH,2019,6,0,2.695073103191911e-05,0.6033300761395037,15.89,4.55,657486.4
CH,2019,7,0,1.1247973598074168e-05,0.583724628280174,17.12,4.69,657486.4
CH,2019,8,0,3.084547587639888e-05,0.6304635916711211,15.75,6.07,657486.4
CH,2019,9,0,2.1822002695854657e-05,0.6168152419362233,12.02,3.21,657486.4
CH,2019,10,0,3.630891573683219e-05,0.5452862780827242,8.81,5.9,657486.4
CH,2019,11,0,2.9109605162914892e-05,0.4221984983311162,1.68,5.59,657486.4
CH,2019,12,0,2.2295634983087913e-05,0.3706771651158002,0.04,4.81,657486.4
CH,2020,1,0,2.566905163684254e-05,0.319348320601294,-1.63,1.77,663242.26
CH,2020,2,0,1.3396971320057621e-05,0.34808013835399404,1.63,5.5,663242.26
CH,2020,3,0,2.8530458060364564e-05,0.44509518749578203,2.11,3.09,663242.26
CH,2020,4,0,1.0331341116681585e-05,0.4905061615990926,8.18,1.69,663242.26
CH,2020,5,0,2.5705870062813502e-05,0.594479587537621,10.48,4.24,663242.26
CH,2020,6,0,2.560630432457794e-05,0.6212852365767798,12.85,6.4,663242.26
CH,2020,7,0,3.353766700206898e-05,0.6214064631117139,16.23,3.99,663242.26
CH,2020,8,0,7.972865488776956e-06,0.6299674623737953,15.87,6.94,663242.26
CH,2020,9,0,2.38827333073155e-05,0.5920806778018373,12.45,3.4,663242.26
CH,2020,10,0,2.1579726258153878e-05,0.4906747559693141,5.82,6.4,663242.26
CH,2020,11,0,2.7936188839627273e-05,0.4332758137970513,3.03,1.14,663242.26
CH,2020,12,0,3.188556816756655e-05,0.39034850422818607,-1.43,4.56,663242.26
CH,2021,1,0,4.910660984794716e-06,0.27451150918256256,-3.66,6.74,712466.12
CH,2021,2,0,2.9101747764779666e-05,0.39104579530227634,0.55,2.37,712466.12
CH,2021,3,0,3.206804969231812e-05,0.3574899046364636,1.32,2.99,712466.12
CH,2021,4,0,1.8017937047467042e-05,0.459843316908684,3.58,2.51,712466.12
CH,2021,5,0,3.479955755317999e-05,0.5559277641038572,7.02,6.54,712466.12
CH,2021,6,0,1.7598161138330215e-05,0.5483711845003237,15.17,6.54,712466.12
CH,2021,7,0,3.22073229983018e-05,0.6419887970396815,14.81,9.71,712466.12
CH,2021,8,0,2.2291925005925383e-05,0.6280657367444562,13.99,5.33,712466.12
CH,2021,9,0,2.615596097006225e-05,0.624174501075446,12.71,2.97,712466.12
CH,2021,10,0,4.281130810029258e-05,0.5447281597109422,6.42,2.45,712466.12
CH,2021,11,0,1.4083497595613348e-05,0.42699249318260035,0.49,2.89,712466.12
CH,2021,12,0,2.6631012195366505e-05,0.40312621995481046,-1.94,4.76,712466.12
CH,2022,1,0,5.066093149433601e-05,0.328444742137579,-2.73,2.12,817599.08
CH,2022,2,0,4.137427881206037e-05,0.33876793367340513,-0.1,4.29,817599.08
CH,2022,3,0,9.661512164697247e-06,0.4105846363209202,2.4,0.73,817599.08
CH,2022,4,0,2.6242962771253333e-05,0.4826814141850822,5.22,3.83,817599.08
CH,2022,5,0,NaN,0.5496814465659904,12.07,3.78,817599.08
CH,2022,6,0,1.6357258854075266e-05,0.6099669112673075,16.03,6.31,817599.08
CH,2022,7,0,2.2845063674907885e-05,0.6112791221977881,17.61,2.72,817599.08
CH,2022,8,0,2.325046970591216e-05,0.5950539432661748,16.78,3.24,817599.08
CH,2022,9,0,1.4288976706623614e-05,0.6050893481331695,10.75,6.1,817599.08
CH,2022,10,0,4.646617999496718e-05,0.537743700476861,10.6,3.69,817599.08
CH,2022,11,0,2.8661289805047963e-05,0.44537509720130397,3.24,3.49,817599.08
CH,2022,12,0,1.419684884926323e-05,0.40754453063924256,-1.03,3.66,817599.08
CH,2023,1,0,3.052685150844806e-05,0.3414724429164121,-1.84,2.37,859662.29
CH,2023,2,0,2.8532133540523458e-05,0.3533724755495153,-0.35,1.2,859662.29
CH,2023,3,0,2.3314329685757722e-05,0.3632860233844548,3.05,4.85,859662.29
CH,2023,4,0,1.1647288072463418e-05,0.4109932336981741,4.51,5.04,859662.29
CH,2023,5,0,2.8320751286223906e-05,0.5235245835327721,10.18,4.9,859662.29
CH,2023,6,0,2.5597472092064482e-05,0.5642769216664628,15.85,3.46,859662.29
CH,2023,7,0,2.281713957727325e-05,0.6145461684261079,16.66,6.14,859662.29
CH,2023,8,0,1.6622255956442362e-05,0.614789252859473,16.18,6.47,859662.29
CH,2023,9,0,2.1955751131391836e-05,0.6284579813380786,14.68,3.68,859662.29
CH,2023,10,0,1.9960219567316082e-05,0.5160560155606324,9.83,4.74,859662.29
CH,2023,11,0,NaN,0.463835033742205,1.79,8.27,859662.29
CH,2023,12,0,9.615625833389422e-06,0.40776450859739216,0.29,6.09,859662.29
CH,2024,1,0,4.160600012992396e-05,0.32545885470997155,-1.12,3.57,898073.88
CH,2024,2,0,2.6744403593911634e-05,0.32233118438632163,3.21,2.94,898073.88
CH,2024,3,0,2.0403996358553325e-05,0.34880940749264183,3.97,5.38,898073.88
CH,2024,4,0,2.977801629173625e-05,0.4507459983064424,5.72,4.74,898073.88
CH,2024,5,0,1.5990448161737272e-05,0.5398854490295982,9.65,7.08,898073.88
CH,2024,6,0,1.6003667299078213e-05,0.5744736125751787,13.96,6.49,898073.88
CH,2024,7,0,2.1241477938648885e-05,0.6316446710959364,16.85,5.31,898073.88
CH,2024,8,0,2.7260100826585684e-05,0.6438926944535995,17.61,3.63,898073.88
CH,2024,9,0,1.7617501126878456e-05,0.6219145284171175,10.71,6.51,898073.88
CH,2024,10,0,2.3112226947037773e-05,0.5396599347696956,8.75,4.5,898073.88
CH,2024,11,0,3.348608162983878e-05,0.44602782122549783,2.23,3.06,898073.88
CH,2024,12,0,4.0358809181988866e-05,0.39094929966901143,-2.16,3.92,898073.88
IS,2019,1,0,NaN,NaN,-3.13,3.67,22308.65
IS,2019,2,0,5.017626846936619e-06,0.044381838714893214,-2.67,4.37,22308.65
IS,2019,3,0,9.39415972059773e-07,0.06694047244243445,-2.53,4.29,22308.65
IS,2019,4,0,7.548932447988412e-06,0.11637266859551958,2.83,2.99,22308.65
IS,2019,5,0,2.598400488438114e-06,0.2172385941563075,3.55,1.45,22308.65
IS,2019,6,0,8.8169450825538e-06,0.2947714862903675,6.92,1.47,22308.65
IS,2019,7,0,1.2726317650505945e-05,0.33434861044792846,9.66,2.76,22308.65
IS,2019,8,0,4.341065874300714e-06,0.33709809771718036,7.26,3.61,22308.65
IS,2019,9,0,4.040257638561999e-06,0.3187841669937316,6.18,4.99,22308.65
IS,2019,10,0,6.009403608400047e-06,0.26788488791623977,1.35,4.02,22308.65
IS,2019,11,0,NaN,NaN,-1.73,2.19,22308.65
IS,2019,12,0,NaN,NaN,-2.43,6.46,22308.65
IS,2020,1,0,NaN,NaN,-2.71,5.68,19328.65
IS,2020,2,0,NaN,-0.001369576491677715,-3.34,5.36,19328.65
IS,2020,3,0,5.197185620016191e-06,0.030058768308294334,-3.58,4.32,19328.65
IS,2020,4,0,3.958306493405336e-06,0.1152179812224026,-0.05,2.98,19328.65
IS,2020,5,0,6.720398979268801e-06,0.17239998124816924,2.88,2.32,19328.65
IS,2020,6,0,1.0064791078653238e-05,0.2524611409679951,7.38,2.64,19328.65
IS,2020,7,0,7.853865493089648e-06,0.35584025411939085,7.52,2.91,19328.65
IS,2020,8,0,6.238170802371641e-06,0.39319404628276433,8.78,3.13,19328.65
IS,2020,9,0,2.6300991694198076e-06,0.328401400804164,4.08,5.89,19328.65
IS,2020,10,0,NaN,0.2675956990344716,2.22,3.75,19328.65
IS,2020,11,0,NaN,NaN,-1.25,4.59,19328.65
IS,2020,12,0,NaN,NaN,-2.59,6.23,19328.65
IS,2021,1,0,NaN,NaN,-4.44,3.46,22232.94
IS,2021,2,0,5.791882393018433e-06,0.07719604256208731,-1.78,3.63,22232.94
IS,2021,3,0,1.3490241369768325e-06,0.08535642238350345,-1.24,4.18,22232.94
IS,2021,4,0,4.694468510832747e-06,0.16199559889328516,-0.8,2.81,22232.94
IS,2021,5,0,7.41505250826669e-06,0.2108900579492776,0.81,1.66,22232.94
IS,2021,6,0,8.151024183287167e-06,0.25951372393283245,6.02,3.49,22232.94
IS,2021,7,0,1.0810273164451359e-05,0.35024955069325303,10.66,1.75,22232.94
IS,2021,8,0,NaN,0.3769225990027911,10.72,1.74,22232.94
IS,2021,9,0,2.4295608665468298e-06,0.35226249449864594,5.53,6.66,22232.94
IS,2021,10,0,3.5988408073838203e-06,0.2626533970592354,1.46,5.41,22232.94
IS,2021,11,0,NaN,NaN,-1.45,4.93,22232.94
IS,2021,12,0,NaN,NaN,-2.35,2.76,22232.94
IS,2022,1,0,NaN,NaN,-2.52,5.9,27786.88
IS,2022,2,0,NaN,0.014081544489574067,-5.34,5.04,27786.88
IS,2022,3,0,3.155836267394827e-06,0.03985155286455695,-0.94,6.87,27786.88
IS,2022,4,0,6.813670201361517e-06,0.13998382709410004,1.14,2.19,27786.88
IS,2022,5,0,1.5153197298771044e-05,0.18578677931548426,3.43,3.39,27786.88
IS,2022,6,0,7.440872374478952e-06,0.2736819239501754,6.56,3.1,27786.88
IS,2022,7,0,9.14831577515044e-07,0.3573688786541747,8.1,3.61,27786.88
IS,2022,8,0,8.27570546816533e-06,0.38161484469228457,7.34,4.23,27786.88
IS,2022,9,0,3.3786229866643537e-06,0.3312854277564665,6.56,2.69,27786.88
IS,2022,10,0,6.704812261626244e-06,0.3089904972024949,1.27,4.68,27786.88
IS,2022,11,0,NaN,NaN,2.12,4.85,27786.88
IS,2022,12,0,NaN,NaN,-7.0,1.91,27786.88
IS,2023,1,0,-2.589630976027972e-06,NaN,-4.25,4.52,29353.7
IS,2023,2,0,9.27336247154545e-06,0.1103876190050077,-1.03,6.05,29353.7
IS,2023,3,0,1.7717053862587105e-06,0.09276831595918486,-6.32,2.4,29353.7
IS,2023,4,0,3.0333208759379156e-06,0.18060078064371404,1.15,3.5,29353.7
IS,2023,5,0,7.799434307553697e-06,0.19218965158037216,4.09,4.14,29353.7
IS,2023,6,0,6.486626293686858e-06,0.28157006331716455,8.52,2.91,29353.7
IS,2023,7,0,6.899070349085278e-06,0.3488459967811212,7.54,1.67,29353.7
IS,2023,8,0,4.977635667970638e-06,0.3508709541325531,8.74,1.77,29353.7
IS,2023,9,0,2.1390861796600025e-06,0.31307049211399074,5.18,5.04,29353.7
IS,2023,10,0,9.681095829578288e-06,0.2553845638929403,1.29,4.15,29353.7
IS,2023,11,0,NaN,NaN,-0.85,2.55,29353.7
IS,2023,12,0,NaN,NaN,-5.38,2.88,29353.7
IS,2024,1,0,NaN,NaN,-3.52,3.38,30728.35
IS,2024,2,0,2.6279260423286324e-06,0.008411761886512636,-4.52,3.31,30728.35
IS,2024,3,0,2.962195330700111e-06,0.04742281436390127,-2.43,4.24,30728.35
IS,2024,4,0,4.069489937456164e-06,0.14465864091444533,-1.75,2.28,30728.35
IS,2024,5,0,5.81353232790249e-06,0.16344926923232395,3.98,2.8,30728.35
IS,2024,6,0,5.689331127886637e-06,0.2515295609848971,5.52,3.84,30728.35
IS,2024,7,0,4.716259651887844e-06,0.3433798843106975,8.93,3.13,30728.35
IS,2024,8,0,1.0019501966376587e-05,0.38073775991651565,6.69,4.72,30728.35
IS,2024,9,0,4.7901418223601664e-06,0.3361021908748902,3.53,3.26,30728.35
IS,2024,10,0,4.453244231703805e-06,0.22129254273107016,-0.45,3.6,30728.35
IS,2024,11,0,NaN,NaN,-1.57,4.16,30728.35
IS,2024,12,0,NaN,NaN,-4.13,3.77,30728.35
AL,2019,1,0,3.296124153392822e-05,0.36784636676698035,1.64,5.63,13915.28
AL,2019,2,0,2.0454961078341135e-05,0.35118341933059855,5.67,1.79,13915.28
AL,2019,3,0,2.3504139023222907e-05,0.360801460654527,9.92,1.29,13915.28
AL,2019,4,0,1.4560854774310916e-05,0.46569827196624064,12.14,4.17,13915.28
AL,2019,5,0,1.7495923113613816e-05,0.5918855321437685,13.75,6.96,13915.28
AL,2019,6,0,1.6870488742753892e-05,0.644990381794677,21.66,2.14,13915.28
AL,2019,7,0,2.5288852034796577e-05,0.6265836723949628,22.55,2.32,13915.28
AL,2019,8,0,2.3573494476289978e-05,0.5866783399305404,24.03,0.41,13915.28
AL,2019,9,0,1.983837158581677e-05,0.5642269009033665,19.63,2.48,13915.28
AL,2019,10,0,1.6882425986306812e-05,0.573197289099995,15.71,1.37,13915.28
AL,2019,11,0,1.4043836012261188e-05,0.4835057100083177,12.17,9.79,13915.28
AL,2019,12,0,1.7271294756613676e-05,0.4482847118554159,6.86,5.94,13915.28
AL,2020,1,0,1.5288999107677013e-05,0.40408790584214455,4.02,1.76,13369.7
AL,2020,2,0,1.518349168202385e-05,0.401700400083524,6.57,4.11,13369.7
AL,2020,3,0,2.646443356987528e-05,0.4258038659886015,8.68,5.3,13369.7
AL,2020,4,0,1.7980694312732322e-05,0.48458559144452923,11.48,2.99,13369.7
AL,2020,5,0,1.8635179047162415e-05,0.6255728975198696,16.23,2.08,13369.7
AL,2020,6,0,1.5549745965100474e-05,0.6227894935745608,18.73,2.62,13369.7
AL,2020,7,0,2.5893367039685264e-05,0.6060437272892993,22.73,0.74,13369.7
AL,2020,8,0,2.035973991246944e-05,0.5902521376307522,23.24,1.8,13369.7
AL,2020,9,0,2.3052515123369513e-05,0.5317686288398038,20.48,4.4,13369.7
AL,2020,10,0,1.5335717180344132e-05,0.5869412143263195,14.13,6.97,13369.7
AL,2020,11,0,3.568749291991187e-05,0.49207841558423615,9.46,0.34,13369.7
AL,2020,12,0,1.559721197481076e-05,0.4443577105582028,7.82,7.09,13369.7
AL,2021,1,0,NaN,0.41704279773995756,4.8,13.9,15281.35
AL,2021,2,0,2.274302031312778e-05,0.3940512195099645,6.4,4.97,15281.35
AL,2021,3,0,2.017601446716307e-05,0.39902006964679504,6.63,3.74,15281.35
AL,2021,4,0,1.2712424806722076e-05,0.45550331839632024,9.89,4.48,15281.35
AL,2021,5,0,1.559248321196761e-05,0.6164847815822142,16.05,1.85,15281.35
AL,2021,6,0,9.403887170095035e-06,0.6226895728300808,20.79,1.35,15281.35
AL,2021,7,0,1.5201008552502604e-05,0.5976574048065458,24.08,1.31,15281.35
AL,2021,8,0,1.3304881156100357e-05,0.5477477720356727,24.07,1.4,15281.35
AL,2021,9,0,2.002767780630432e-05,0.5451597764337892,18.8,2.13,15281.35
AL,2021,10,0,1.3399810330622002e-05,0.5433152772160167,12.66,4.35,15281.35
AL,2021,11,0,2.8824152515059766e-05,0.47437460148442334,11.33,6.34,15281.35
AL,2021,12,0,2.1417286247149998e-05,0.44329683396804587,5.1,7.29,15281.35
AL,2022,1,0,1.8491513107249312e-05,0.4014195006231857,3.24,1.97,18111.66
AL,2022,2,0,1.3285053932730019e-05,0.377484798471396,5.72,4.24,18111.66
AL,2022,3,0,NaN,0.37398701451898697,5.5,2.31,18111.66
AL,2022,4,0,2.1938215533952318e-05,0.43416086074760396,11.18,4.88,18111.66
AL,2022,5,0,1.3012970168503475e-05,0.6318110496975358,17.21,2.13,18111.66
AL,2022,6,0,1.3260501531056858e-05,0.6204304048101635,22.44,1.9,18111.66
AL,2022,7,0,1.4549912583001696e-05,0.5816161421488458,23.96,0.8,18111.66
AL,2022,8,0,2.1461446510985758e-05,0.5567715162372568,23.08,2.0,18111.66
AL,2022,9,0,1.1726110827897408e-05,0.5777599415447148,18.48,6.09,18111.66
AL,2022,10,0,1.7937283060099778e-05,0.5639534843598305,14.73,2.42,18111.66
AL,2022,11,0,3.6540429938988246e-05,0.5078610398722785,10.98,7.83,18111.66
AL,2022,12,0,9.143051900694526e-06,0.46270936780027927,8.69,6.94,18111.66
AL,2023,1,0,2.379325502518228e-05,0.44288070664323614,5.92,7.84,21751.15
AL,2023,2,0,1.9347015092519295e-05,0.3964005189447825,4.94,1.48,21751.15
AL,2023,3,0,2.2390697108870514e-05,0.4222542503214834,8.92,4.63,21751.15
AL,2023,4,0,1.3717670891985042e-05,0.49559269359768393,10.28,4.72,21751.15
AL,2023,5,0,1.9536193818697407e-05,0.6204812870551618,15.8,4.11,21751.15
AL,2023,6,0,2.1694441572017747e-05,0.6676953611540731,20.16,3.56,21751.15
AL,2023,7,0,1.4087897007845952e-05,0.6118264336139094,24.64,0.81,21751.15
AL,2023,8,0,7.47301847486814e-06,0.5987901015323012,23.01,2.7,21751.15
AL,2023,9,0,2.3216854171340534e-05,0.5478521642294849,20.84,1.29,21751.15
AL,2023,10,0,9.364619315582547e-06,0.5571992734853113,17.01,4.06,21751.15
AL,2023,11,0,9.306674607479508e-06,0.5269143716911999,10.54,11.42,21751.15
AL,2023,12,0,2.4532707242206864e-05,0.4614895335332611,7.22,2.89,21751.15
AL,2024,1,0,2.4304018369490445e-05,0.42386054619172625,5.34,5.16,25034.7
AL,2024,2,0,1.257997198771008e-05,0.4164749098208262,8.4,2.42,25034.7
AL,2024,3,0,1.425831644898612e-05,0.45809595642249695,10.06,5.2,25034.7
AL,2024,4,0,2.511578460281185e-05,0.5897813350934411,13.78,3.29,25034.7
AL,2024,5,0,1.8995016495836645e-05,0.627573317224729,16.77,3.61,25034.7
AL,2024,6,0,1.5224986357598199e-05,0.5975876294028927,22.96,1.44,25034.7
AL,2024,7,0,2.4990258714918517e-05,0.5911732697879613,25.31,0.9,25034.7
AL,2024,8,0,2.0412324726141888e-05,0.5451245264527033,24.97,0.82,25034.7
AL,2024,9,0,2.033435842126558e-05,0.5839234743872095,19.0,5.39,25034.7
AL,2024,10,0,2.3270411917597792e-05,0.5701307975800273,15.19,3.6,25034.7
AL,2024,11,0,2.2365958588539004e-05,0.49893575452635364,8.64,5.39,25034.7
AL,2024,12,0,2.1520422141705988e-05,0.475027153463739,5.82,5.53,25034.7
BA,2019,1,0,3.484488853171069e-05,0.38763033858006374,-0.99,3.83,18288.04
BA,2019,2,0,2.3606161154635925e-05,0.3656010430539841,3.24,2.59,18288.04
BA,2019,3,0,2.330398761788267e-05,0.4022580142203625,7.62,1.79,18288.04
BA,2019,4,0,3.795116797760134e-05,0.5349198589019254,10.63,4.94,18288.04
BA,2019,5,0,1.7427145096264e-05,0.7059097352457604,11.69,6.56,18288.04
BA,2019,6,0,1.6303299539445188e-05,0.7825346986035906,20.66,3.79,18288.04
BA,2019,7,0,1.984305108358855e-05,0.7723278859675754,20.49,2.58,18288.04
BA,2019,8,0,1.9034245928721382e-05,0.7750284844650212,21.65,1.88,18288.04
BA,2019,9,0,1.989510765173318e-05,0.7321827662514289,16.18,2.5,18288.04
BA,2019,10,0,1.0874195194888783e-05,0.6373814105404236,12.58,1.24,18288.04
BA,2019,11,0,3.559639125458892e-05,0.5241680690534821,9.57,5.87,18288.04
BA,2019,12,0,1.2763285135005523e-05,0.4524821309390859,3.72,3.82,18288.04
BA,2020,1,0,1.5863618843426346e-05,0.41082717466821583,0.98,0.88,17742.14
BA,2020,2,0,3.386469164568992e-05,0.4261156503855028,5.13,2.34,17742.14
BA,2020,3,0,2.0918172532473936e-05,0.4404003413661443,6.16,2.52,17742.14
BA,2020,4,0,2.0599137584075016e-05,0.5409233390961783,10.6,1.26,17742.14
BA,2020,5,0,8.739119788512142e-06,0.737919304116858,13.69,3.69,17742.14
BA,2020,6,0,1.7447609539773365e-05,0.7818176030289116,17.61,4.32,17742.14
BA,2020,7,0,2.668294371388863e-05,0.7766241345258191,19.95,2.13,17742.14
BA,2020,8,0,NaN,0.7915810364623841,21.1,4.03,17742.14
BA,2020,9,0,2.3954783128658084e-05,0.70614369157375,17.09,2.68,17742.14
BA,2020,10,0,1.5182151850903116e-05,0.6665297133693504,11.39,4.7,17742.14
BA,2020,11,0,2.3210750314185738e-05,0.5204130287951368,6.01,1.2,17742.14
BA,2020,12,0,2.0548145974152773e-05,0.47685804135477183,4.2,5.47,17742.14
BA,2021,1,0,NaN,0.42539689721803864,0.91,5.18,20061.62
BA,2021,2,0,2.5950197998953632e-05,0.4219978224922689,4.61,2.2,20061.62
BA,2021,3,0,1.8014881676542875e-05,0.39543716397366135,4.63,2.44,20061.62
BA,2021,4,0,1.4239152992667634e-05,0.4662562808912111,7.63,3.46,20061.62
BA,2021,5,0,1.280211169089847e-05,0.7345232306784887,13.91,2.98,20061.62
BA,2021,6,0,1.7653059789723833e-05,0.7745489083322491,20.17,1.26,20061.62
BA,2021,7,0,2.136854036701158e-05,0.7601658666854508,22.3,4.43,20061.62
BA,2021,8,0,1.6963165430715327e-05,0.7246255918716692,20.46,2.24,20061.62
BA,2021,9,0,2.7798005976454707e-05,0.7067649925656715,16.26,1.2,20061.62
BA,2021,10,0,1.7943723917339062e-05,0.6597747340708026,9.01,3.62,20061.62
BA,2021,11,0,4.237079929638608e-05,0.5142482958144795,6.9,6.16,20061.62
BA,2021,12,0,2.1031867712547616e-05,0.4621536092750021,2.74,5.62,20061.62
BA,2022,1,0,NaN,0.397852145785522,0.56,1.76,23366.35
BA,2022,2,0,1.4904997657608175e-05,0.3966530183474159,4.14,2.55,23366.35
BA,2022,3,0,2.5845625714282505e-05,0.37830826164370296,4.49,1.64,23366.35
BA,2022,4,0,2.0095772959692027e-05,0.48836565407661825,9.19,3.18,23366.35
BA,2022,5,0,1.6831843995229016e-05,0.7337329303230246,16.44,2.24,23366.35
BA,2022,6,0,2.0043059082307576e-05,0.7691845091192987,21.25,2.47,23366.35
BA,2022,7,0,2.1329562911489033e-05,0.7275357030735345,21.84,1.32,23366.35
BA,2022,8,0,2.3119981200627038e-05,0.718919392960908,20.94,3.22,23366.35
BA,2022,9,0,2.114728720063404e-05,0.727398070414099,15.37,4.88,23366.35
BA,2022,10,0,1.9566814110382466e-05,0.6129302459526121,13.3,0.74,23366.35
BA,2022,11,0,4.1115310602396235e-05,0.5318094686598542,7.39,5.69,23366.35
BA,2022,12,0,1.2867527150497594e-05,0.4640188206027798,5.28,4.3,23366.35
BA,2023,1,0,3.0074521559886185e-05,0.4426793756888887,3.23,5.28,25548.48
BA,2023,2,0,1.8189223217249926e-05,0.40361367585177627,2.28,3.06,25548.48
BA,2023,3,0,2.341644517060281e-05,0.407793019118504,7.1,2.17,25548.48
BA,2023,4,0,1.6399871140725772e-05,0.5183551727073225,8.73,4.14,25548.48
BA,2023,5,0,1.6473081474455972e-05,0.7304649588030163,14.57,6.31,25548.48
BA,2023,6,0,2.4323273818403587e-05,0.7948582191397757,18.57,4.28,25548.48
BA,2023,7,0,9.349682833272001e-06,0.7716507065520767,22.46,1.98,25548.48
BA,2023,8,0,7.454068594573266e-06,0.7582613592006014,21.08,2.68,25548.48
BA,2023,9,0,2.3736765109607504e-05,0.7192441414399648,18.77,2.42,25548.48
BA,2023,10,0,2.254173695729114e-05,0.6500037900452397,14.84,2.28,25548.48
BA,2023,11,0,3.481954124041286e-05,0.54693188113634,7.26,6.57,25548.48
BA,2023,12,0,2.18407789575514e-05,0.4802050170555328,4.94,2.31,25548.48
BA,2024,1,0,2.922214441520002e-05,0.44199353861383217,2.23,2.71,27534.6
BA,2024,2,0,3.2916413353676626e-05,0.4292926434804074,7.82,2.52,27534.6
BA,2024,3,0,1.2177661019629677e-05,0.47514285798187333,9.41,3.16,27534.6
BA,2024,4,0,2.491810440032864e-05,0.6458163752747565,12.54,2.21,27534.6
BA,2024,5,0,2.28834471797585e-05,0.747108859456832,15.87,3.91,27534.6
BA,2024,6,0,1.1732139354057501e-05,0.7428076394675491,21.06,3.22,27534.6
BA,2024,7,0,2.4603171465107064e-05,0.7568635542086521,23.38,1.69,27534.6
BA,2024,8,0,2.2082631048267402e-05,0.6962958799234223,23.78,1.59,27534.6
BA,2024,9,0,1.7557521814573594e-05,0.7053449436395351,16.66,5.02,27534.6
BA,2024,10,0,2.393689719567536e-05,0.6484178885158396,13.35,2.92,27534.6
BA,2024,11,0,3.676005669079202e-05,0.5352961412595534,4.97,3.43,27534.6
BA,2024,12,0,3.5962195915755e-05,0.4788070980977972,2.22,4.08,27534.6
ME,2019,1,0,2.4416623003892854e-05,0.29758158703988413,-2.27,4.94,4896.09
ME,2019,2,0,1.621716957808133e-05,0.3036464446803942,1.94,4.1,4896.09
ME,2019,3,0,2.2377376560939893e-05,0.3328106845182335,6.05,1.8,4896.09
ME,2019,4,0,NaN,0.42737506780028367,8.81,5.51,4896.09
ME,2019,5,0,1.2462323008010467e-05,0.6041414238133636,10.2,7.9,4896.09
ME,2019,6,0,1.4060477685164752e-05,0.749334800440715,18.83,2.44,4896.09
ME,2019,7,0,2.319981502040592e-05,0.735025858357455,18.97,3.39,4896.09
ME,2019,8,0,2.216095834864728e-05,0.7419592659405637,20.54,1.11,4896.09
ME,2019,9,0,1.348672660068287e-05,0.694161045135184,15.65,2.38,4896.09
ME,2019,10,0,1.1838987282947537e-05,0.6298695915140263,11.83,0.82,4896.09
ME,2019,11,0,2.125477521923961e-05,0.47154809997165026,8.46,11.82,4896.09
ME,2019,12,0,1.1497970131570627e-05,0.40221843989601214,2.68,5.37,4896.09
ME,2020,1,0,NaN,0.34171742678332123,0.3,1.49,4152.8
ME,2020,2,0,1.7149501499514436e-05,0.33759613513976583,3.38,3.7,4152.8
ME,2020,3,0,7.226690740935737e-06,0.37393591617454963,5.02,5.35,4152.8
ME,2020,4,0,1.5621724785068745e-05,0.44206559168276965,8.49,2.64,4152.8
ME,2020,5,0,1.629670200996255e-05,0.6742316624864869,12.45,3.43,4152.8
ME,2020,6,0,1.4946888687489465e-05,0.7337980413597185,15.55,4.13,4152.8
ME,2020,7,0,1.938661723722169e-05,0.7380116737422152,18.89,1.7,4152.8
ME,2020,8,0,1.6765160987111452e-05,0.7350744061969438,19.43,3.44,4152.8
ME,2020,9,0,2.1330938255792674e-05,0.6544992453123567,16.48,5.3,4152.8
ME,2020,10,0,1.3997094596916536e-05,0.6570619063798281,10.22,7.63,4152.8
ME,2020,11,0,1.1571242693807816e-05,0.49118041264243006,5.83,0.38,4152.8
ME,2020,12,0,1.3982881740302992e-05,0.4350462956312914,3.61,8.63,4152.8
ME,2021,1,0,NaN,0.32644373557431267,-0.19,11.96,4934.67
ME,2021,2,0,1.603012816993623e-05,0.34684122978832244,2.61,4.99,4934.67
ME,2021,3,0,1.4187244052274458e-05,0.31116257371438977,2.63,3.7,4934.67
ME,2021,4,0,1.7006167204769957e-05,0.37243660697139075,5.72,4.68,4934.67
ME,2021,5,0,1.4929520600446711e-05,0.6018754617934368,12.53,2.36,4934.67
ME,2021,6,0,1.2036404975769878e-05,0.7309547492144912,17.82,1.72,4934.67
ME,2021,7,0,1.4935832011161027e-05,0.7133984392813281,21.06,2.0,4934.67
ME,2021,8,0,1.2318554742891329e-05,0.6525734378830986,20.14,2.25,4934.67
ME,2021,9,0,1.977774509749211e-05,0.6787204148654122,15.06,1.78,4934.67
ME,2021,10,0,9.505031167124528e-06,0.6290096527649676,8.56,3.37,4934.67
ME,2021,11,0,3.769405165045416e-05,0.47578885977469176,7.14,7.92,4934.67
ME,2021,12,0,1.714483174561171e-05,0.40232454255355005,1.0,8.08,4934.67
ME,2022,1,0,2.228924570747928e-05,0.2950106856794569,-1.09,2.25,5961.64
ME,2022,2,0,6.2463766853730655e-06,0.28895608304133485,1.84,4.49,5961.64
ME,2022,3,0,NaN,0.3151216344092044,2.05,3.13,5961.64
ME,2022,4,0,1.9688682020520604e-05,0.3527541218606951,7.33,4.9,5961.64
ME,2022,5,0,1.0959539333355941e-05,0.6764393949901797,14.34,2.5,5961.64
ME,2022,6,0,1.4274526011921743e-05,0.7324785594933544,19.43,2.16,5961.64
ME,2022,7,0,1.2860017610968192e-05,0.6879235654539082,20.61,1.55,5961.64
ME,2022,8,0,2.070787992061889e-05,0.6752112242501694,19.74,2.69,5961.64
ME,2022,9,0,1.8510360247735472e-05,0.6822986591704335,14.2,8.08,5961.64
ME,2022,10,0,1.623552118734674e-05,0.5950813970857435,11.54,1.34,5961.64
ME,2022,11,0,NaN,0.5029324635353147,6.99,8.95,5961.64
ME,2022,12,0,8.513537040375576e-06,0.4146620530134366,5.05,8.22,5961.64
ME,2023,1,0,2.53569183023859e-05,0.3830012470640482,2.21,9.12,7077.15
ME,2023,2,0,1.9898343452629836e-05,0.35304999902806483,0.03,3.43,7077.15
ME,2023,3,0,1.9631934765185743e-05,0.3519173248310494,5.41,3.4,7077.15
ME,2023,4,0,1.2609592313958515e-05,0.4332690830639119,6.54,5.23,7077.15
ME,2023,5,0,2.01139696745147e-05,0.6194644572908199,12.79,6.07,7077.15
ME,2023,6,0,2.0879231124738923e-05,0.765455545469789,16.87,5.37,7077.15
ME,2023,7,0,8.162608229010101e-06,0.7338054826163345,21.18,1.43,7077.15
ME,2023,8,0,4.218063107187169e-06,0.7029551313145344,19.33,3.28,7077.15
ME,2023,9,0,1.8113412652101855e-05,0.6965318540108851,17.14,2.42,7077.15
ME,2023,10,0,2.0761772180243826e-05,0.6292554287754138,13.05,4.24,7077.15
ME,2023,11,0,NaN,0.4643768265372928,5.77,11.32,7077.15
ME,2023,12,0,1.8866807944998453e-05,0.41689383934575525,3.43,3.4,7077.15
ME,2024,1,0,1.3819106317222618e-05,0.3625189295146461,1.15,4.29,7661.38
ME,2024,2,0,4.570919789789915e-06,0.3706759274813011,5.37,5.19,7661.38
ME,2024,3,0,1.1564015547548329e-05,0.4090557658679911,6.93,4.7,7661.38
ME,2024,4,0,2.1821236470138125e-05,0.5517135048891699,10.63,2.77,7661.38
ME,2024,5,0,NaN,0.6897598292947043,13.54,4.48,7661.38
ME,2024,6,0,8.128417357411859e-06,0.7404759376102826,19.57,2.31,7661.38
ME,2024,7,0,1.910038417301194e-05,0.7283164713443477,21.76,2.01,7661.38
ME,2024,8,0,1.6177113156968223e-05,0.6757646987147345,21.69,0.99,7661.38
ME,2024,9,0,1.8038802892763903e-05,0.6832245536246463,15.08,6.17,7661.38
ME,2024,10,0,1.5520111053965205e-05,0.5965728477026542,11.98,4.24,7661.38
ME,2024,11,0,2.6187698306055197e-05,0.47472967127384247,3.76,4.88,7661.38
ME,2024,12,0,2.0704777179906402e-05,0.4353353986192366,1.53,4.49,7661.38
MK,2019,1,0,2.9230090135327245e-05,0.353185313995396,-2.15,3.8,11255.66
MK,2019,2,0,2.3712952948009595e-05,0.3098706859674924,2.82,0.92,11255.66
MK,2019,3,0,2.1217124118866342e-05,0.3263102007211551,8.36,0.47,11255.66
MK,2019,4,0,8.599900075158736e-06,0.4486997139280159,10.96,2.62,11255.66
MK,2019,5,0,NaN,0.6447091623787974,13.61,3.3,11255.66
MK,2019,6,0,1.4119833428645556e-05,0.6931116552364673,20.62,2.56,11255.66
MK,2019,7,0,2.5647941707229598e-05,0.6695483983271309,21.74,1.56,11255.66
MK,2019,8,0,2.1313271843274827e-05,0.6093923390727085,23.57,0.29,11255.66
MK,2019,9,0,2.210581325884131e-05,0.5848215406594004,18.31,1.02,11255.66
MK,2019,10,0,1.669328518916766e-05,0.5260253433768829,14.23,0.5,11255.66
MK,2019,11,0,1.8507601116265797e-05,0.39274381857354257,10.02,3.33,11255.66
MK,2019,12,0,1.3696213798342136e-05,0.37624409201260195,3.1,2.41,11255.66
MK,2020,1,0,2.3538089906498157e-05,0.34545789315776665,0.59,0.67,10843.01
MK,2020,2,0,1.9235732544295203e-05,0.33965604386521026,4.01,2.07,10843.01
MK,2020,3,0,1.665879357759428e-05,0.3897693072063291,6.35,4.05,10843.01
MK,2020,4,0,1.9346672215229855e-05,0.43928097911729824,9.78,3.28,10843.01
MK,2020,5,0,2.871415212054095e-05,0.6582667892756388,15.09,2.05,10843.01
MK,2020,6,0,1.8000862741018207e-05,0.6496826358952331,18.36,2.74,10843.01
MK,2020,7,0,2.7881391138447738e-05,0.6478364165017977,21.81,1.27,10843.01
MK,2020,8,0,1.868171029464505e-05,0.6662697982188757,21.37,3.63,10843.01
MK,2020,9,0,2.3657661958810405e-05,0.6240238764145017,18.88,1.13,10843.01
MK,2020,10,0,1.3287490066830022e-05,0.6063728246658141,12.39,1.99,10843.01
MK,2020,11,0,1.8538090547405194e-05,0.4438313992354316,6.04,0.24,10843.01
MK,2020,12,0,1.8218801007872025e-05,0.39287431720536103,4.8,2.47,10843.01
MK,2021,1,0,2.1057932026404434e-05,0.35135479732607916,1.97,6.75,11864.65
MK,2021,2,0,1.6268182181303976e-05,0.3440343483696483,3.45,1.93,11864.65
MK,2021,3,0,1.9731919389062015e-05,0.35253200360102793,3.87,2.47,11864.65
MK,2021,4,0,1.8177221637960866e-05,0.405386027480216,8.53,2.53,11864.65
MK,2021,5,0,1.5054706353281076e-05,0.6534939307130363,15.52,1.32,11864.65
MK,2021,6,0,1.0947829734851365e-05,0.6530843769358821,19.4,1.81,11864.65
MK,2021,7,0,1.576648422667719e-05,0.6388038932074791,23.33,1.56,11864.65
MK,2021,8,0,1.8526548622434136e-05,0.5974389784603669,23.17,0.66,11864.65
MK,2021,9,0,2.076273643763332e-05,0.5665445982072441,17.01,1.33,11864.65
MK,2021,10,0,1.1094619159187134e-05,0.5481634548017273,9.3,3.95,11864.65
MK,2021,11,0,2.6150082438874146e-05,0.42676608896214285,7.7,2.33,11864.65
MK,2021,12,0,2.238209071676972e-05,0.38294748853260296,1.96,3.71,11864.65
MK,2022,1,0,2.1771895262645558e-05,0.34752645087114975,-0.13,1.36,13268.99
MK,2022,2,0,3.911803233421382e-06,0.3482934863380218,3.09,2.29,13268.99
MK,2022,3,0,NaN,0.34028516827413346,2.55,1.59,13268.99
MK,2022,4,0,2.2025903783202933e-05,0.4320926041575479,9.98,1.89,13268.99
MK,2022,5,0,1.6119507656799315e-05,0.677582895334366,16.34,2.14,13268.99
MK,2022,6,0,1.5496502814141576e-05,0.6668391306715579,20.64,2.85,13268.99
MK,2022,7,0,1.8519610862551396e-05,0.6467819670941918,22.34,1.48,13268.99
MK,2022,8,0,1.9280303222271688e-05,0.6267527845456801,21.53,3.05,13268.99
MK,2022,9,0,9.498457780856756e-06,0.6570123052616156,16.32,2.03,13268.99
MK,2022,10,0,2.309195997341423e-05,0.5647654767203046,12.35,1.47,13268.99
MK,2022,11,0,NaN,0.43772453561237606,8.43,2.67,13268.99
MK,2022,12,0,1.3363415523197004e-05,0.4112873430406584,5.28,2.27,13268.99
MK,2023,1,0,2.30449317647532e-05,0.40011148440025945,3.45,3.38,14680.68
MK,2023,2,0,2.0134044953132055e-05,0.35701186266460466,2.69,0.98,14680.68
MK,2023,3,0,2.1067900968281128e-05,0.3566184841928967,7.02,2.3,14680.68
MK,2023,4,0,1.4342822092502547e-05,0.47049214647635773,8.44,3.52,14680.68
MK,2023,5,0,1.7455723640519402e-05,0.6663653174105842,13.83,3.84,14680.68
MK,2023,6,0,2.1834465353309538e-05,0.7084913549225452,18.49,4.16,14680.68
MK,2023,7,0,1.111224891928395e-05,0.6573576457164664,23.37,0.79,14680.68
MK,2023,8,0,6.9602945892079905e-06,0.6305517991182735,22.2,1.2,14680.68
MK,2023,9,0,2.2516415473325075e-05,0.5728047735568447,19.44,1.35,14680.68
MK,2023,10,0,1.4029578181656948e-05,0.5356413764064691,14.7,0.81,14680.68
MK,2023,11,0,1.2005452717643458e-05,0.4838584230322155,7.28,4.71,14680.68
MK,2023,12,0,3.1263429524350016e-05,0.39058012166673184,3.73,2.34,14680.68
MK,2024,1,0,1.9410859719342312e-05,0.3563743875812285,1.59,1.91,15696.0
MK,2024,2,0,NaN,0.36747004212656137,6.43,1.02,15696.0
MK,2024,3,0,1.8991722168112943e-05,0.4123355127395963,8.26,2.6,15696.0
MK,2024,4,0,2.6624634406732115e-05,0.6056927578657846,12.74,1.97,15696.0
MK,2024,5,0,1.888345752671105e-05,0.6831292078162832,14.92,3.09,15696.0
MK,2024,6,0,1.84946792885367e-05,0.6137309787054586,22.44,1.66,15696.0
MK,2024,7,0,2.3205326516391333e-05,0.6089143326506113,24.25,0.75,15696.0
MK,2024,8,0,1.0862611542380343e-05,0.5576584411685032,23.49,1.03,15696.0
MK,2024,9,0,1.8848739892751213e-05,0.5934323814287736,17.34,2.45,15696.0
MK,2024,10,0,1.9469501149829632e-05,0.5610530871547489,12.61,0.89,15696.0
MK,2024,11,0,NaN,0.42221558234100726,4.7,3.16,15696.0
MK,2024,12,0,3.5146724372223966e-05,0.399781301288105,2.69,3.44,15696.0
RS,2019,1,0,3.741615984288965e-05,0.357497765942781,-0.99,2.77,48093.48
RS,2019,2,0,2.594386475379808e-05,0.28912802146859196,3.37,1.39,48093.48
RS,2019,3,0,3.123956419661538e-05,0.34678199325849285,8.78,0.73,48093.48
RS,2019,4,0,1.349121335708324e-05,0.5135822579959937,12.23,2.7,48093.48
RS,2019,5,0,NaN,0.6794639351544082,13.89,3.84,48093.48
RS,2019,6,0,1.899851927874233e-05,0.7550733651086271,21.73,3.14,48093.48
RS,2019,7,0,2.7600266743887822e-05,0.7464467023351116,21.68,2.01,48093.48
RS,2019,8,0,2.995038711118236e-05,0.7008580653777258,23.08,1.16,48093.48
RS,2019,9,0,2.0619325957266844e-05,0.5872636415036715,17.73,1.22,48093.48
RS,2019,10,0,2.872286673762983e-05,0.49259608047671144,13.48,0.63,48093.48
RS,2019,11,0,3.6697406361604825e-05,0.3904224014733546,10.46,2.07,48093.48
RS,2019,12,0,1.5119857606760732e-05,0.3743185157635316,3.58,2.2,48093.48
RS,2020,1,0,1.9970623168244048e-05,0.34976492461586817,-0.06,0.81,49012.3
RS,2020,2,0,3.191155950638229e-05,0.3494233785020782,5.04,2.33,49012.3
RS,2020,3,0,3.344229721451687e-05,0.4045345023740811,6.96,2.25,49012.3
RS,2020,4,0,2.2067890668190857e-05,0.5048041779414709,11.46,0.9,49012.3
RS,2020,5,0,1.1210940784135507e-05,0.6644948504289833,14.9,2.67,49012.3
RS,2020,6,0,1.8810591759427844e-05,0.7314799495201321,19.07,4.0,49012.3
RS,2020,7,0,2.4505179996410724e-05,0.7454243299436943,21.08,2.59,49012.3
RS,2020,8,0,2.3550702560622793e-05,0.7413177426595619,22.13,2.79,49012.3
RS,2020,9,0,3.130181362314291e-05,0.5957119943544325,18.62,1.01,49012.3
RS,2020,10,0,4.023701526407158e-05,0.5678112360529316,12.35,2.63,49012.3
RS,2020,11,0,NaN,0.46256554236170555,5.72,0.58,49012.3
RS,2020,12,0,2.5383077000475976e-05,0.40758062789264693,4.29,2.11,49012.3
RS,2021,1,0,1.4817783985084758e-05,0.40929353425789283,1.87,3.8,56067.7
RS,2021,2,0,2.4763626422753503e-05,0.3610296032096479,4.27,1.3,56067.7
RS,2021,3,0,2.3474898787717384e-05,0.36493847332937757,4.74,2.44,56067.7
RS,2021,4,0,2.3701354473624755e-05,0.4589334392026851,8.69,2.15,56067.7
RS,2021,5,0,1.9741459756784946e-05,0.6775663498728655,15.45,2.04,56067.7
RS,2021,6,0,2.5287908965283464e-05,0.717613737907322,21.01,1.35,56067.7
RS,2021,7,0,2.1867055136631134e-05,0.7167880132248963,23.85,2.79,56067.7
RS,2021,8,0,2.089416336153243e-05,0.668568494746042,21.63,1.12,56067.7
RS,2021,9,0,NaN,0.599741565311377,16.86,0.88,56067.7
RS,2021,10,0,1.7968676970097562e-05,0.5458887771001556,9.5,2.46,56067.7
RS,2021,11,0,6.50478756134557e-05,0.4126510407215109,6.96,2.1,56067.7
RS,2021,12,0,3.254011253278703e-05,0.3921534750438973,2.5,4.1,56067.7
RS,2022,1,0,1.3985974874231033e-05,0.3800063768445125,0.19,1.46,63628.47
RS,2022,2,0,1.79194082443015e-05,0.35296449032672156,4.45,1.67,63628.47
RS,2022,3,0,2.442876120767323e-05,0.33673923112521614,4.41,1.04,63628.47
RS,2022,4,0,2.4318127371923826e-05,0.4963753064693661,10.25,2.12,63628.47
RS,2022,5,0,2.0444750038120868e-05,0.669998316835808,17.44,1.11,63628.47
RS,2022,6,0,2.7133287426762688e-05,0.7149054996170422,21.79,2.43,63628.47
RS,2022,7,0,2.1859301179618285e-05,0.6735443324268171,23.01,1.26,63628.47
RS,2022,8,0,2.147733113646488e-05,0.619918631247713,22.6,3.03,63628.47
RS,2022,9,0,1.785795947961703e-05,0.659519986863218,16.11,3.49,63628.47
RS,2022,10,0,3.141364118935437e-05,0.5754653478062246,12.91,0.69,63628.47
RS,2022,11,0,4.663375945407703e-05,0.4636295492659399,7.87,3.06,63628.47
RS,2022,12,0,1.6701123553843455e-05,0.42640896665243233,4.53,2.39,63628.47
RS,2023,1,0,3.192606877758717e-05,0.4319795553471927,3.95,2.92,75318.52
RS,2023,2,0,1.928667334454571e-05,0.3853558833977984,2.73,1.8,75318.52
RS,2023,3,0,2.629762496773714e-05,0.41367617413023094,7.83,1.7,75318.52
RS,2023,4,0,2.4903313611611383e-05,0.5565691839676109,9.3,3.2,75318.52
RS,2023,5,0,2.7100452338147056e-05,0.7003800653285859,15.44,3.34,75318.52
RS,2023,6,0,2.9022282830500323e-05,0.7356805481063823,19.36,4.53,75318.52
RS,2023,7,0,1.4196496627071458e-05,0.7223014928088316,23.41,1.91,75318.52
RS,2023,8,0,1.889609987438214e-05,0.7034291008768134,22.29,2.42,75318.52
RS,2023,9,0,2.6896598617145502e-05,0.6126735404038887,19.71,1.85,75318.52
RS,2023,10,0,1.5249760031253457e-05,0.5420935912115211,15.18,0.54,75318.52
RS,2023,11,0,3.2563923300745646e-05,0.46309989693720793,7.46,4.35,75318.52
RS,2023,12,0,3.23613043027649e-05,0.4140390402882123,4.43,1.67,75318.52
RS,2024,1,0,3.390056111105851e-05,0.3859771905152504,1.81,1.79,83415.15
RS,2024,2,0,2.839994164456915e-05,0.3744479127149833,8.22,0.67,83415.15
RS,2024,3,0,2.008450094650485e-05,0.43297271266161813,9.94,1.64,83415.15
RS,2024,4,0,3.3549144666366594e-05,0.6353108563851086,13.76,1.24,83415.15
RS,2024,5,0,1.8829702148335255e-05,0.6761999105347193,16.73,3.16,83415.15
RS,2024,6,0,2.0448819650931442e-05,0.6955280055514715,22.7,2.18,83415.15
RS,2024,7,0,2.5425301130633912e-05,0.6924552700708358,24.8,1.59,83415.15
RS,2024,8,0,3.322583696847897e-05,0.5770341233500023,24.96,0.59,83415.15
RS,2024,9,0,1.910868202961959e-05,0.5582975645803725,18.09,2.9,83415.15
RS,2024,10,0,3.965989163456532e-05,0.5638146039096917,12.68,1.05,83415.15
RS,2024,11,0,3.697972919493328e-05,0.4301551376880122,4.35,2.41,83415.15
RS,2024,12,0,3.6381410745709454e-05,0.42642659648166287,2.44,2.71,83415.15
