country,year,month,treatment_group,mean_no2,mean_ndvi,avg_temp_c,avg_precip_mm,gdp_million_eur
AT,2019,1,1,4.139402366880674e-05,0.3459190228197672,-3.41,4.72,395706.77
AT,2019,2,1,4.629675658375583e-05,0.3243055786054668,0.75,2.01,395706.77
AT,2019,3,1,2.853967381517346e-05,0.33517966990760345,4.06,2.7,395706.77
AT,2019,4,1,2.907890602227093e-05,0.4561817593995727,7.52,2.75,395706.77
AT,2019,5,1,2.4312386826446485e-05,0.5298270624651633,8.46,6.31,395706.77
AT,2019,6,1,2.2945263550421044e-05,0.6317907130239718,18.85,2.64,395706.77
AT,2019,7,1,2.3588897854430254e-05,0.6584034532622544,17.76,4.13,395706.77
AT,2019,8,1,2.443995885320155e-05,0.6739966612776481,17.58,4.0,395706.77
AT,2019,9,1,2.8144065522433477e-05,0.6761319902238451,12.66,3.2,395706.77
AT,2019,10,1,3.448692176890349e-05,0.6104155598099137,9.05,2.66,395706.77
AT,2019,11,1,3.5330991923512094e-05,0.5323119989061043,3.72,4.27,395706.77
AT,2019,12,1,4.062556739763331e-05,0.4600144654619043,0.15,2.75,395706.77
AT,2020,1,1,4.8001156750961396e-05,0.38415617223947207,-1.3,1.16,380317.88
AT,2020,2,1,3.668638555796206e-05,0.3743238760408369,1.88,3.73,380317.88
AT,2020,3,1,2.5843241554533787e-05,0.3962652842021776,2.83,2.24,380317.88
AT,2020,4,1,2.5811544757889772e-05,0.4806666942762067,8.69,1.35,380317.88
AT,2020,5,1,2.2636455948512142e-05,0.5607528814749005,10.24,4.09,380317.88
AT,2020,6,1,2.249888773795893e-05,0.6463273309924924,14.5,6.31,380317.88
AT,2020,7,1,2.0972982815856187e-05,0.6844269678145742,16.66,4.87,380317.88
AT,2020,8,1,2.3474298589155905e-05,0.7034423001475434,17.38,6.13,380317.88
AT,2020,9,1,2.9358035490321852e-05,0.6709896160750377,13.18,4.51,380317.88
AT,2020,10,1,3.0254990231127953e-05,0.6114324645561767,7.14,4.35,380317.88
AT,2020,11,1,3.279408197543446e-05,0.5401982912902108,3.02,0.91,380317.88
AT,2020,12,1,3.4766437753787435e-05,0.48110625417102587,-0.62,3.33,380317.88
AT,2021,1,1,3.62052733432822e-05,0.3578105086602394,-3.17,3.33,406231.49
AT,2021,2,1,2.755137735021504e-05,0.33329581737810693,0.11,1.6,406231.49
AT,2021,3,1,3.074027291632212e-05,0.33677190379025507,1.73,2.22,406231.49
AT,2021,4,1,2.6144658365897663e-05,0.389763852566005,4.32,2.48,406231.49
AT,2021,5,1,2.0539457147146368e-05,0.5041407026641808,8.87,5.36,406231.49
AT,2021,6,1,2.2759859812831664e-05,0.6298261937192823,17.47,3.63,406231.49
AT,2021,7,1,1.9994969431397373e-05,0.6868625267112707,17.35,6.44,406231.49
AT,2021,8,1,2.139433131866221e-05,0.7053314298709863,14.97,6.22,406231.49
AT,2021,9,1,2.6601900173064823e-05,0.6883360307131339,13.36,2.61,406231.49
AT,2021,10,1,3.396760712725078e-05,0.6311473484149155,6.96,1.65,406231.49
AT,2021,11,1,4.043084552775216e-05,0.5118275580434747,2.13,3.19,406231.49
AT,2021,12,1,4.471799573604637e-05,0.4560992915150943,-1.03,3.01,406231.49
AT,2022,1,1,3.960659654983733e-05,0.35567045985359047,-1.16,2.14,449382.19
AT,2022,2,1,3.625905564618579e-05,0.34137369000924694,0.71,2.99,449382.19
AT,2022,3,1,3.016848767906882e-05,0.34408236106719975,2.32,0.66,449382.19
AT,2022,4,1,2.4991303565957594e-05,0.4113510026429614,5.66,3.14,449382.19
AT,2022,5,1,2.461372134078536e-05,0.5516267890432044,13.11,4.06,449382.19
AT,2022,6,1,2.2984774167310586e-05,0.6736767774083422,17.41,6.21,449382.19
AT,2022,7,1,2.1789524395897658e-05,0.6871270779504631,17.9,4.21,449382.19
AT,2022,8,1,2.214595521563212e-05,0.6688446776133411,17.49,4.65,449382.19
AT,2022,9,1,2.6755150843360264e-05,0.6427998729317629,11.09,4.77,449382.19
AT,2022,10,1,3.282931086287821e-05,0.5836862527999769,10.65,2.43,449382.19
AT,2022,11,1,3.7789571818031856e-05,0.5291544900260812,3.56,2.76,449382.19
AT,2022,12,1,3.0773779929431014e-05,0.4824296303962812,-0.71,2.14,449382.19
AT,2023,1,1,3.3869730055197804e-05,0.3930571751252144,-0.23,2.44,477837.33
AT,2023,2,1,3.349407847670435e-05,0.3715566228826628,-0.04,2.5,477837.33
AT,2023,3,1,3.439220468732774e-05,0.3689244257610565,3.95,2.62,477837.33
AT,2023,4,1,2.5713651397340045e-05,0.43452384692952467,5.04,5.1,477837.33
AT,2023,5,1,2.4765857867117005e-05,0.5324963888984464,11.17,4.69,477837.33
AT,2023,6,1,2.4326447502842786e-05,0.6415962881361019,16.02,3.65,477837.33
AT,2023,7,1,2.3431427053354322e-05,0.6719675995033969,18.07,4.38,477837.33
AT,2023,8,1,2.5093729140847023e-05,0.6845256285253,17.15,6.6,477837.33
AT,2023,9,1,2.8131329177517146e-05,0.683197845083291,15.62,1.91,477837.33
AT,2023,10,1,2.9939436270188055e-05,0.6069732963968646,10.76,3.02,477837.33
AT,2023,11,1,2.9808744665483234e-05,0.5251117361783092,2.53,5.45,477837.33
AT,2023,12,1,3.5946440419863866e-05,0.47910601527168006,0.43,4.83,477837.33
AT,2024,1,1,2.5760015881073604e-05,0.38136716048778746,-1.59,2.42,494087.56
AT,2024,2,1,2.670218494449607e-05,0.3687477231766946,4.31,2.45,494087.56
AT,2024,3,1,2.2910320992312692e-05,0.3992496147324927,5.65,2.92,494087.56
AT,2024,4,1,2.3230684897948352e-05,0.4899228902672717,8.24,3.29,494087.56
AT,2024,5,1,2.2995948681908698e-05,0.5682799912355828,12.12,5.77,494087.56
AT,2024,6,1,2.223303710869273e-05,0.6323179279182914,16.18,5.52,494087.56
AT,2024,7,1,1.964185595144542e-05,0.6826594946488732,18.63,4.37,494087.56
AT,2024,8,1,2.574961665681647e-05,0.6850623250874052,19.36,3.28,494087.56
AT,2024,9,1,2.7453059612154337e-05,0.6504495717295875,12.56,9.03,494087.56
AT,2024,10,1,3.215818728676953e-05,0.5999747039454534,9.53,3.01,494087.56
AT,2024,11,1,3.600760500617405e-05,0.5390880684051664,2.07,1.13,494087.56
AT,2024,12,1,4.058555766215715e-05,0.4740204347819693,-0.85,2.03,494087.56
BE,2019,1,1,8.145256386598215e-05,0.552261028966075,2.62,2.33,479444.9
BE,2019,2,1,9.129434698420348e-05,0.5477198617623996,6.22,2.1,479444.9
BE,2019,3,1,8.522410655427077e-05,0.5512910266894012,7.89,3.16,479444.9
BE,2019,4,1,0.00010806125752354674,0.598988693852615,10.21,1.59,479444.9
BE,2019,5,1,8.797423992309107e-05,0.6363194391897948,11.41,2.15,479444.9
BE,2019,6,1,4.821817169378205e-05,0.6553986170364889,18.04,2.55,479444.9
BE,2019,7,1,4.6858385948002416e-05,0.6524147054828859,18.85,1.66,479444.9
BE,2019,8,1,5.011720131593404e-05,0.6247086992057318,18.62,2.21,479444.9
BE,2019,9,1,6.535745020527492e-05,0.6415159083585246,14.74,1.91,479444.9
BE,2019,10,1,7.517456288985671e-05,0.6251055387847437,11.76,3.89,479444.9
BE,2019,11,1,7.1872268581057e-05,0.6257234364597477,6.26,2.83,479444.9
BE,2019,12,1,7.24032008266234e-05,0.5968899972303288,5.63,3.12,479444.9
BE,2020,1,1,7.065665408321802e-05,0.5910200772196447,5.48,1.62,463750.9
BE,2020,2,1,7.018726823477938e-05,0.5758523986512001,6.69,5.02,463750.9
BE,2020,3,1,8.373484823497908e-05,0.5782007715071315,6.69,2.53,463750.9
BE,2020,4,1,7.082330978648592e-05,0.5846589545341685,11.8,0.89,463750.9
BE,2020,5,1,6.239874202453282e-05,0.620589549177355,13.38,0.73,463750.9
BE,2020,6,1,4.194798589062744e-05,0.6354990029213189,16.89,2.61,463750.9
BE,2020,7,1,4.0485810259573584e-05,0.6701264460572948,17.33,1.81,463750.9
BE,2020,8,1,4.682666876537719e-05,0.6076102905387238,20.35,1.86,463750.9
BE,2020,9,1,7.757799942917822e-05,0.6012386007369629,15.91,2.26,463750.9
BE,2020,10,1,5.383557169816797e-05,0.6213899943078265,11.15,3.64,463750.9
BE,2020,11,1,7.583484518154811e-05,0.6423528667223595,8.59,1.19,463750.9
BE,2020,12,1,5.555195938165826e-05,0.6117587975937975,5.35,3.79,463750.9
BE,2021,1,1,9.114067488025709e-05,0.556343872013594,2.71,4.24,506047.2
BE,2021,2,1,6.89738183082979e-05,0.5220182138110755,4.77,2.28,506047.2
BE,2021,3,1,9.041596840343772e-05,0.5492941062296336,6.51,1.86,506047.2
BE,2021,4,1,9.196787483699509e-05,0.5639253501694053,6.51,1.5,506047.2
BE,2021,5,1,5.335037510612174e-05,0.5950006318964605,11.02,3.54,506047.2
BE,2021,6,1,4.889594927757513e-05,0.6516141854773325,18.08,4.51,506047.2
BE,2021,7,1,3.8638482758295414e-05,0.7022476816427861,17.51,4.39,506047.2
BE,2021,8,1,4.107115382835222e-05,0.6699233457116287,16.54,3.55,506047.2
BE,2021,9,1,6.344305920616105e-05,0.6783889799706208,16.08,1.11,506047.2
BE,2021,10,1,7.329622870501808e-05,0.6596503436127606,11.16,3.82,506047.2
BE,2021,11,1,7.648509193313084e-05,0.6280317335417507,6.14,1.73,506047.2
BE,2021,12,1,7.851896660130451e-05,0.6003611334334998,5.39,3.09,506047.2
BE,2022,1,1,0.00010012028113942592,0.584502226750741,3.94,2.21,561309.1
BE,2022,2,1,6.05825895089527e-05,0.5609309670261563,6.17,3.23,561309.1
BE,2022,3,1,0.0001000113860595728,0.5342648849698604,7.65,0.74,561309.1
BE,2022,4,1,7.192054093191543e-05,0.5359310073675874,9.4,1.76,561309.1
BE,2022,5,1,5.340762826236114e-05,0.6222367563547714,14.59,1.87,561309.1
BE,2022,6,1,4.7690123791467446e-05,0.6603327354519308,17.26,3.49,561309.1
BE,2022,7,1,4.2120976789484275e-05,0.6539205053798456,19.04,0.66,561309.1
BE,2022,8,1,5.270232502473669e-05,0.5760556997384502,20.48,1.32,561309.1
BE,2022,9,1,5.32060245447224e-05,0.5722334302644242,14.61,4.09,561309.1
BE,2022,10,1,5.86027072178045e-05,0.6308452703689286,13.75,2.63,561309.1
BE,2022,11,1,5.89842736436687e-05,0.6555694777509059,8.68,3.14,561309.1
BE,2022,12,1,0.00010516562399780964,0.603334331321765,3.68,2.98,561309.1
BE,2023,1,1,6.469415292431289e-05,0.5903404482795742,4.85,3.12,602376.3
BE,2023,2,1,7.950896188981682e-05,0.5990882797355052,5.24,0.6,602376.3
BE,2023,3,1,7.115045497040633e-05,0.562632961536835,6.99,4.47,602376.3
BE,2023,4,1,7.783042786477378e-05,0.615640309619332,8.39,2.4,602376.3
BE,2023,5,1,5.938233560120203e-05,0.6411795128166213,13.22,1.9,602376.3
BE,2023,6,1,5.5427973294045195e-05,0.637680859072528,19.39,1.92,602376.3
BE,2023,7,1,3.487756893616896e-05,0.6206785654148609,18.01,3.62,602376.3
BE,2023,8,1,4.0654341181859295e-05,0.6887390046177803,17.64,3.27,602376.3
BE,2023,9,1,4.951823007529822e-05,0.6717530791409307,18.05,2.51,602376.3
BE,2023,10,1,5.4441822935183664e-05,0.6397975940147033,13.15,3.88,602376.3
BE,2023,11,1,5.348594181098011e-05,0.6164965520490497,7.52,4.65,602376.3
BE,2023,12,1,5.747142638819737e-05,0.6045281462920851,6.52,3.14,602376.3
BE,2024,1,1,7.952487824358715e-05,0.5402377153111028,3.18,2.5,620271.8
BE,2024,2,1,4.879111445714284e-05,0.5120535888557279,7.92,4.44,620271.8
BE,2024,3,1,5.847702482177592e-05,0.5365007316582853,8.71,2.97,620271.8
BE,2024,4,1,4.5244306190223935e-05,0.5548881355036425,10.42,3.45,620271.8
BE,2024,5,1,4.852889792523101e-05,0.6318434229088759,14.41,4.48,620271.8
BE,2024,6,1,4.1889955892630625e-05,0.6527255079078796,15.68,2.53,620271.8
BE,2024,7,1,3.374817879043951e-05,0.628046075894564,18.3,2.77,620271.8
BE,2024,8,1,4.041864835461437e-05,0.6982970521973512,19.45,2.73,620271.8
BE,2024,9,1,5.261042369889381e-05,0.6997698190691375,15.35,3.6,620271.8
BE,2024,10,1,6.766161318445022e-05,0.6818734257480077,12.27,2.78,620271.8
BE,2024,11,1,7.073983472406849e-05,0.6591584065280554,7.0,2.09,620271.8
BE,2024,12,1,6.22855186570208e-05,0.6149104523125313,4.99,2.27,620271.8
BG,2019,1,1,3.222849792890141e-05,0.36138437492352493,0.4,2.15,61194.42
BG,2019,2,1,2.5205876773406888e-05,0.3430854929869394,3.31,0.95,61194.42
BG,2019,3,1,2.6056051995425966e-05,0.36389782849715974,8.66,0.66,61194.42
BG,2019,4,1,2.3535940254349587e-05,0.4722445225273647,10.61,2.43,61194.42
BG,2019,5,1,1.8979361767364985e-05,0.6418548352627442,15.49,2.82,61194.42
BG,2019,6,1,2.1333410908649653e-05,0.7219502922332792,21.08,3.66,61194.42
BG,2019,7,1,1.9994901349819474e-05,0.6884834628245856,21.68,2.7,61194.42
BG,2019,8,1,2.0329147351023945e-05,0.628678269630604,22.94,0.7,61194.42
BG,2019,9,1,2.1970675045692665e-05,0.5247909054746348,18.61,0.85,61194.42
BG,2019,10,1,2.5648012360673275e-05,0.4950036060209259,13.85,1.12,61194.42
BG,2019,11,1,2.9855154327793835e-05,0.41872494825817264,10.6,2.55,61194.42
BG,2019,12,1,3.449413092533992e-05,0.42653873305473744,3.85,1.24,61194.42
BG,2020,1,1,2.7624792462328792e-05,0.4015076085675106,1.59,0.43,61855.55
BG,2020,2,1,2.9198233195137917e-05,0.39275415839523187,4.77,2.31,61855.55
BG,2020,3,1,2.0821110478289734e-05,0.4285176122971688,7.16,3.0,61855.55
BG,2020,4,1,2.2884316639107125e-05,0.478357539333793,10.08,1.75,61855.55
BG,2020,5,1,1.9565145955777215e-05,0.6367532957840875,15.43,2.49,61855.55
BG,2020,6,1,2.0132654679994962e-05,0.6689724264568019,19.24,3.61,61855.55
BG,2020,7,1,2.0222736620262993e-05,0.667566483489639,22.32,1.34,61855.55
BG,2020,8,1,1.97095255127912e-05,0.5953508170254738,22.78,1.36,61855.55
BG,2020,9,1,2.2694944815933467e-05,0.5438418396587318,19.68,1.03,61855.55
BG,2020,10,1,2.4551375722831895e-05,0.5151663925291806,13.99,2.15,61855.55
BG,2020,11,1,2.9001684779645913e-05,0.492956240213336,5.76,0.86,61855.55
BG,2020,12,1,3.1333601161298035e-05,0.450372294509103,4.55,2.69,61855.55
BG,2021,1,1,2.7301922484344048e-05,0.43751709751300727,2.19,4.63,71343.94
BG,2021,2,1,2.0354675835945545e-05,0.4230286247824197,3.91,1.12,71343.94
BG,2021,3,1,2.417556242745558e-05,0.4149160727431968,4.28,2.81,71343.94
BG,2021,4,1,1.88305635967585e-05,0.4630336478331689,8.96,2.53,71343.94
BG,2021,5,1,1.9123247877308323e-05,0.6419521726336137,15.98,2.19,71343.94
BG,2021,6,1,1.7612156780013434e-05,0.7088653612539721,19.3,3.51,71343.94
BG,2021,7,1,1.9240210852670514e-05,0.6882300268840782,23.76,0.86,71343.94
BG,2021,8,1,1.825746266998308e-05,0.6082540396727023,23.42,1.47,71343.94
BG,2021,9,1,2.1292097317984802e-05,0.5521561018767599,17.08,0.71,71343.94
BG,2021,10,1,2.225781048665015e-05,0.508941436226225,9.71,3.72,71343.94
BG,2021,11,1,3.359933517677243e-05,0.43685062227245675,7.6,1.53,71343.94
BG,2021,12,1,3.84350212701832e-05,0.42622334391913375,2.94,3.45,71343.94
BG,2022,1,1,2.7857987487949166e-05,0.4005565367989581,1.15,1.04,86078.19
BG,2022,2,1,2.9800016329124904e-05,0.37488749029653956,3.93,1.93,86078.19
BG,2022,3,1,2.3233705841661116e-05,0.3609943489655239,3.17,0.86,86078.19
BG,2022,4,1,2.2771087385913165e-05,0.450723972765323,10.7,2.4,86078.19
BG,2022,5,1,1.808253010895247e-05,0.648261146514511,16.26,1.55,86078.19
BG,2022,6,1,2.0196924421971132e-05,0.7061013904686876,20.54,3.39,86078.19
BG,2022,7,1,2.1504980392072117e-05,0.6613872282937302,23.15,0.91,86078.19
BG,2022,8,1,2.4190813538431578e-05,0.5757797112337331,23.31,1.92,86078.19
BG,2022,9,1,1.934356708041639e-05,0.5657632067729926,17.49,1.44,86078.19
BG,2022,10,1,2.4158225305585855e-05,0.516272126945668,13.09,0.39,86078.19
BG,2022,11,1,3.187267219083975e-05,0.41329282721425536,8.99,1.88,86078.19
BG,2022,12,1,2.9460574052705083e-05,0.40645399246842967,4.48,1.35,86078.19
BG,2023,1,1,2.8616376192757052e-05,0.41021237419513545,4.47,2.38,94525.11
BG,2023,2,1,2.998089112486949e-05,0.3875130569712968,3.31,0.94,94525.11
BG,2023,3,1,2.2654938351773423e-05,0.41076768924362655,7.35,1.51,94525.11
BG,2023,4,1,1.8298007199463007e-05,0.5087727731171607,9.64,3.47,94525.11
BG,2023,5,1,1.9299347067716048e-05,0.6411507037238733,14.53,2.94,94525.11
BG,2023,6,1,1.9230662105366926e-05,0.6954813933678352,19.64,2.8,94525.11
BG,2023,7,1,1.9831384646188785e-05,0.6735286348066643,24.1,1.32,94525.11
BG,2023,8,1,2.0147284078090057e-05,0.6068976723149287,23.79,1.12,94525.11
BG,2023,9,1,2.04434560863147e-05,0.5450344674068538,20.06,1.04,94525.11
BG,2023,10,1,2.536392548155928e-05,0.4902286403750708,15.62,0.34,94525.11
BG,2023,11,1,2.8052012094271106e-05,0.428178772826314,8.23,4.03,94525.11
BG,2023,12,1,3.666651266231944e-05,0.4042004909625708,4.39,1.93,94525.11
BG,2024,1,1,2.2528243881672698e-05,0.3780970484181848,1.62,1.45,104767.22
BG,2024,2,1,2.4510083633880533e-05,0.37310468295473503,7.55,0.75,104767.22
BG,2024,3,1,2.4172420067135158e-05,0.4281566121795665,8.56,1.93,104767.22
BG,2024,4,1,2.3394670953263286e-05,0.5819492236239349,14.05,2.23,104767.22
BG,2024,5,1,1.9331188133342067e-05,0.6798183199910836,14.98,3.17,104767.22
BG,2024,6,1,1.752712324633409e-05,0.6745371427984419,23.42,1.41,104767.22
BG,2024,7,1,2.165787516409963e-05,0.6046897807992375,25.15,1.35,104767.22
BG,2024,8,1,2.152999947460513e-05,0.5406608881871314,24.41,1.06,104767.22
BG,2024,9,1,2.0979052419983807e-05,0.5000598454268455,18.7,2.18,104767.22
BG,2024,10,1,2.446419139944089e-05,0.5204115791661255,12.58,0.57,104767.22
BG,2024,11,1,3.109239259661894e-05,0.43765294415674216,4.84,1.78,104767.22
BG,2024,12,1,3.791867749173466e-05,0.4137659477978288,3.56,3.87,104767.22
CY,2019,1,1,3.068777096455195e-05,0.5592195861174117,11.69,5.28,23400.85
CY,2019,2,1,2.5072229559664907e-05,0.5916903893340942,12.69,5.29,23400.85
CY,2019,3,1,2.1757098666443297e-05,0.5922196869679317,14.2,2.72,23400.85
CY,2019,4,1,2.168074175221149e-05,0.5195790756592363,16.3,1.76,23400.85
CY,2019,5,1,2.2384209724413676e-05,0.3881447690277333,22.38,0.08,23400.85
CY,2019,6,1,2.2935408377172204e-05,0.32173844297368964,25.69,0.68,23400.85
CY,2019,7,1,2.4977980859806725e-05,0.3167402674308059,28.1,0.07,23400.85
CY,2019,8,1,2.603041670727476e-05,0.313797445699273,28.8,0.11,23400.85
CY,2019,9,1,2.4562392689143213e-05,0.3161538928495649,26.27,0.46,23400.85
CY,2019,10,1,2.403125090074665e-05,0.3193643554079813,23.37,1.27,23400.85
CY,2019,11,1,3.5116212083166554e-05,0.37168004861981835,19.12,1.29,23400.85
CY,2019,12,1,2.669708823433496e-05,0.4203710461844331,13.92,4.38,23400.85
CY,2020,1,1,2.4526874013375927e-05,0.5306210461974206,11.54,3.6,22373.64
CY,2020,2,1,2.1095393282432717e-05,0.5725620440530317,11.96,2.35,22373.64
CY,2020,3,1,1.7410089170455532e-05,0.5848515818582124,14.25,2.43,22373.64
CY,2020,4,1,1.4624958289942246e-05,0.5025139900712967,16.81,1.44,22373.64
CY,2020,5,1,1.946666116142567e-05,0.37386982981965394,21.82,0.49,22373.64
CY,2020,6,1,1.7881555370263704e-05,0.3182001214739553,23.72,0.06,22373.64
CY,2020,7,1,2.5840951040767765e-05,0.3026064477544822,28.12,0.01,22373.64
CY,2020,8,1,2.7122985263785796e-05,0.29914172743888984,28.57,0.04,22373.64
CY,2020,9,1,2.4148791812617497e-05,0.30001520707414736,27.85,0.09,22373.64
CY,2020,10,1,2.4630006952064856e-05,0.29956812659502824,23.95,0.13,22373.64
CY,2020,11,1,3.332059591180325e-05,0.32664720203139436,17.91,3.07,22373.64
CY,2020,12,1,3.1630971867755605e-05,0.4266989052696763,14.79,2.3,22373.64
CY,2021,1,1,3.042844071161123e-05,0.5085930662131085,13.44,2.82,25679.89
CY,2021,2,1,2.3753519748900122e-05,0.5692639909463731,13.28,0.66,25679.89
CY,2021,3,1,2.0407829155573068e-05,0.5478588807393174,13.7,1.64,25679.89
CY,2021,4,1,2.1691932249795487e-05,0.4283351584228883,17.49,0.8,25679.89
CY,2021,5,1,2.142605267287103e-05,0.3254069347303354,22.92,0.0,25679.89
CY,2021,6,1,2.10061185456137e-05,0.2885590024406342,24.65,0.1,25679.89
CY,2021,7,1,2.8715338765983695e-05,0.2814914839899674,29.14,0.01,25679.89
CY,2021,8,1,2.7673011896947153e-05,0.2780766426050276,29.44,0.07,25679.89
CY,2021,9,1,2.4651290217274737e-05,0.28136009755748254,25.52,0.37,25679.89
CY,2021,10,1,2.7117302960864527e-05,0.28962104650996934,22.01,0.29,25679.89
CY,2021,11,1,3.850548685599943e-05,0.29457420943794294,18.96,1.51,25679.89
CY,2021,12,1,2.825647815881173e-05,0.37663807787946857,13.85,3.66,25679.89
CY,2022,1,1,2.2656547039994532e-05,0.5028242089116013,11.07,4.28,29645.4
CY,2022,2,1,2.4858925301717363e-05,0.543623479448572,12.55,1.75,29645.4
CY,2022,3,1,2.040950029283234e-05,0.5479510343560505,10.94,1.99,29645.4
CY,2022,4,1,2.3704680741990354e-05,0.4565152071746085,18.19,0.04,29645.4
CY,2022,5,1,2.3685390765197782e-05,0.3428838199759109,21.45,0.28,29645.4
CY,2022,6,1,2.289705602922131e-05,0.29516545046175247,25.12,0.27,29645.4
CY,2022,7,1,2.942487146071121e-05,0.28096654535318866,28.48,0.0,29645.4
CY,2022,8,1,2.1740593796300865e-05,0.2779391729774254,27.73,0.04,29645.4
CY,2022,9,1,2.3054930398159743e-05,0.2807828469072767,26.09,0.05,29645.4
CY,2022,10,1,2.3819971454698175e-05,0.289239659199294,22.33,1.69,29645.4
CY,2022,11,1,3.0557096190982736e-05,0.3638540144098827,17.96,1.55,29645.4
CY,2022,12,1,3.0512343264225924e-05,0.4496684915073431,15.3,1.25,29645.4
CY,2023,1,1,2.9101407669796204e-05,0.5025133821730052,13.41,2.78,32439.16
CY,2023,2,1,2.400613177318326e-05,0.5235079069958368,11.11,1.9,32439.16
CY,2023,3,1,1.4140188228344918e-05,0.502392335541642,14.96,1.9,32439.16
CY,2023,4,1,1.924274358138642e-05,0.4465054745979629,16.68,0.97,32439.16
CY,2023,5,1,2.329559141443353e-05,0.3400705596466072,20.36,1.24,32439.16
CY,2023,6,1,2.079177880822927e-05,0.310896593581946,24.49,0.14,32439.16
CY,2023,7,1,2.9679084606081244e-05,0.28655231194445385,29.36,0.0,32439.16
CY,2023,8,1,2.0202293239667697e-05,0.2778333334021105,28.46,0.03,32439.16
CY,2023,9,1,2.3892672435819518e-05,0.28433090043305265,26.65,0.2,32439.16
CY,2023,10,1,2.934601283183378e-05,0.29741119240227076,23.1,1.56,32439.16
CY,2023,11,1,2.8618585656587543e-05,0.3148047441631948,18.95,1.56,32439.16
CY,2023,12,1,3.071764435213741e-05,0.37277311459948426,15.41,2.17,32439.16
CY,2024,1,1,2.2281654773974554e-05,0.46413625338468206,13.14,4.15,34770.17
CY,2024,2,1,2.1369437441036964e-05,0.5531773120130876,13.14,1.76,34770.17
CY,2024,3,1,2.017886904826963e-05,0.5465383210362184,15.1,0.8,34770.17
CY,2024,4,1,2.5065619162575633e-05,0.4028442825044567,19.9,1.48,34770.17
CY,2024,5,1,1.8975548892140843e-05,0.3148740878972157,21.4,0.46,34770.17
CY,2024,6,1,2.4097544912425183e-05,0.28333090019860985,28.68,0.16,34770.17
CY,2024,7,1,2.8610571354691436e-05,0.2717773724401735,29.65,0.13,34770.17
CY,2024,8,1,2.611292350034093e-05,0.2672171536119266,28.67,0.11,34770.17
CY,2024,9,1,2.1969689478586823e-05,0.2679793190034315,25.45,0.5,34770.17
CY,2024,10,1,2.555656380859817e-05,0.2775821170062634,21.63,0.05,34770.17
CY,2024,11,1,3.302524288945828e-05,0.301797445327295,16.8,2.06,34770.17
CY,2024,12,1,3.0346841614654026e-05,0.3767585161152248,13.38,3.59,34770.17
CZ,2019,1,1,7.884459241211621e-05,0.47336318262795674,-1.5,2.75,229406.66
CZ,2019,2,1,7.978112062854558e-05,0.430411556800416,2.0,1.36,229406.66
CZ,2019,3,1,4.889266462814684e-05,0.4283451646092943,5.8,2.13,229406.66
CZ,2019,4,1,4.442327876979248e-05,0.5366174718610522,9.51,0.98,229406.66
CZ,2019,5,1,3.150253333277383e-05,0.6451066846804531,10.75,3.32,229406.66
CZ,2019,6,1,2.8151507632914205e-05,0.7219924495823771,20.79,1.93,229406.66
CZ,2019,7,1,2.955769571483326e-05,0.6251458632921162,19.02,2.19,229406.66
CZ,2019,8,1,3.0157031933373873e-05,0.6098614186574935,19.32,2.81,229406.66
CZ,2019,9,1,3.537524048450661e-05,0.6383429555207474,13.74,2.47,229406.66
CZ,2019,10,1,4.988598351998591e-05,0.6114463887367948,9.9,1.68,229406.66
CZ,2019,11,1,4.361511268496074e-05,0.5692097681582423,5.56,1.81,229406.66
CZ,2019,12,1,5.05815443187416e-05,0.520497789584186,2.09,1.38,229406.66
CZ,2020,1,1,6.346778857885988e-05,0.4853023158670741,0.38,0.84,220310.64
CZ,2020,2,1,4.358524083233903e-05,0.47018838981523153,3.84,3.18,220310.64
CZ,2020,3,1,4.078934677472065e-05,0.4969038375278723,4.23,1.46,220310.64
CZ,2020,4,1,3.599682434631967e-05,0.5470677609160366,9.56,0.6,220310.64
CZ,2020,5,1,2.926019960559762e-05,0.6399715139166089,11.08,3.06,220310.64
CZ,2020,6,1,2.4864215934761118e-05,0.7200551771672546,16.47,5.08,220310.64
CZ,2020,7,1,2.5435320519546806e-05,0.6979149341868558,17.95,2.2,220310.64
CZ,2020,8,1,2.8435014011608993e-05,0.6607471434708321,19.25,4.05,220310.64
CZ,2020,9,1,3.7556575753145854e-05,0.6492665059367441,14.56,2.61,220310.64
CZ,2020,10,1,4.175315089235231e-05,0.6077495020910408,9.25,3.55,220310.64
CZ,2020,11,1,4.915007592511783e-05,0.5807987800961557,4.04,0.97,220310.64
CZ,2020,12,1,3.354682221060976e-05,0.5237884179272912,1.73,1.39,220310.64
CZ,2021,1,1,4.7199302089294673e-05,0.4658833506685989,-1.08,2.41,246012.29
CZ,2021,2,1,5.450315030434069e-05,0.4237230671740414,-0.68,2.04,246012.29
CZ,2021,3,1,5.238283155571683e-05,0.40792311772442524,3.12,1.42,246012.29
CZ,2021,4,1,4.1023714087741585e-05,0.45413180195183517,5.49,1.64,246012.29
CZ,2021,5,1,2.8228113985034466e-05,0.5952820637287287,10.63,4.35,246012.29
CZ,2021,6,1,2.7189236130382547e-05,0.7189280849490723,18.93,2.67,246012.29
CZ,2021,7,1,2.2035635500788398e-05,0.7147019642276711,18.9,3.95,246012.29
CZ,2021,8,1,2.3780424676405945e-05,0.6778832342732799,16.3,4.47,246012.29
CZ,2021,9,1,3.305533362276296e-05,0.6626458621998975,14.7,1.37,246012.29
CZ,2021,10,1,4.751588771679762e-05,0.6224090819794312,8.33,0.97,246012.29
CZ,2021,11,1,5.100824556328888e-05,0.5437426765576584,3.74,1.87,246012.29
CZ,2021,12,1,6.719342579237688e-05,0.5150274437632429,0.45,2.01,246012.29
CZ,2022,1,1,5.5967569860419386e-05,0.461779001721925,0.74,1.9,286976.8
CZ,2022,2,1,4.555161648330622e-05,0.44275283562157725,3.03,2.09,286976.8
CZ,2022,3,1,4.8812880999823976e-05,0.4083060507819241,3.6,0.75,286976.8
CZ,2022,4,1,3.6318378569129055e-05,0.467291006725311,6.51,2.13,286976.8
CZ,2022,5,1,2.7941545865282848e-05,0.6317502774107764,14.43,2.16,286976.8
CZ,2022,6,1,2.8273860268078014e-05,0.7308268651169145,18.74,4.47,286976.8
CZ,2022,7,1,2.6701754549685602e-05,0.6551304451940404,18.9,2.25,286976.8
CZ,2022,8,1,2.9170513442581796e-05,0.616643342009265,19.46,3.83,286976.8
CZ,2022,9,1,3.3785119055834706e-05,0.6352636077853197,12.37,4.11,286976.8
CZ,2022,10,1,4.425411834877889e-05,0.6136830665718088,11.02,0.94,286976.8
CZ,2022,11,1,4.9349761883253865e-05,0.5898940128583928,4.31,1.45,286976.8
CZ,2022,12,1,3.503477071695837e-05,0.551581538270187,0.32,2.01,286976.8
CZ,2023,1,1,3.3931544371667546e-05,0.5334696098885536,2.15,1.56,319099.11
CZ,2023,2,1,5.262331252309683e-05,0.4684277454090191,1.34,1.78,319099.11
CZ,2023,3,1,5.0916044130354466e-05,0.438431214234185,4.86,2.03,319099.11
CZ,2023,4,1,3.6142597284260165e-05,0.5350748635809154,6.62,2.8,319099.11
CZ,2023,5,1,2.8852187388646495e-05,0.6484693491889868,12.55,1.78,319099.11
CZ,2023,6,1,2.59797343431301e-05,0.7153976978811557,17.33,2.11,319099.11
CZ,2023,7,1,2.8316532467734924e-05,0.639893764394811,19.84,2.13,319099.11
CZ,2023,8,1,2.8165272867652324e-05,0.6346350541841969,18.91,5.17,319099.11
CZ,2023,9,1,3.579904418127815e-05,0.6632470935261634,17.11,0.87,319099.11
CZ,2023,10,1,3.877540178434569e-05,0.6096518242931361,11.51,2.17,319099.11
CZ,2023,11,1,3.14132386059391e-05,0.5750493534434464,4.33,3.53,319099.11
CZ,2023,12,1,4.5218850104335945e-05,0.5458609654701071,2.21,3.31,319099.11
CZ,2024,1,1,3.86204887944438e-05,0.49447875798736135,-0.32,2.14,320786.54
CZ,2024,2,1,3.308220619943904e-05,0.46737339894886887,5.88,2.39,320786.54
CZ,2024,3,1,3.4252230868128803e-05,0.48239956649725757,7.24,1.17,320786.54
CZ,2024,4,1,3.1203148402076e-05,0.5665680989591356,10.2,1.81,320786.54
CZ,2024,5,1,2.689611541991993e-05,0.6852538413733299,14.64,3.33,320786.54
CZ,2024,6,1,2.5643069784672637e-05,0.7132324831804854,17.94,3.28,320786.54
CZ,2024,7,1,2.4255018436911002e-05,0.6620648136112467,19.94,2.83,320786.54
CZ,2024,8,1,3.1786796915301324e-05,0.642568563832285,20.54,2.68,320786.54
CZ,2024,9,1,3.4837929507907023e-05,0.6234633251377574,15.38,5.63,320786.54
CZ,2024,10,1,4.180862653243577e-05,0.6175034055825135,9.95,1.66,320786.54
CZ,2024,11,1,5.629701084728612e-05,0.5658072938731017,3.0,1.36,320786.54
CZ,2024,12,1,5.6048017230545444e-05,0.539999020588298,0.99,1.54,320786.54
DE,2019,1,1,6.537080999628144e-05,0.5441187989162546,0.89,2.86,3537280.0
DE,2019,2,1,9.06138543807551e-05,0.524121144627763,4.24,1.29,3537280.0
DE,2019,3,1,6.672713320809653e-05,0.5218057077987498,6.77,2.85,3537280.0
DE,2019,4,1,5.26634983841865e-05,0.5922097897438914,9.81,1.38,3537280.0
DE,2019,5,1,4.144199680041688e-05,0.6613541862924526,11.18,2.8,3537280.0
DE,2019,6,1,3.472501489363027e-05,0.6929447596273205,19.94,1.96,3537280.0
DE,2019,7,1,3.368471818773468e-05,0.6198173789716052,19.05,1.96,3537280.0
DE,2019,8,1,3.817030240755625e-05,0.6106937138812991,19.26,2.4,3537280.0
DE,2019,9,1,4.692948035319933e-05,0.6169116715405727,14.26,2.36,3537280.0
DE,2019,10,1,6.025572480613272e-05,0.6153325283538905,11.01,3.08,3537280.0
DE,2019,11,1,6.775834449096712e-05,0.6038371028306602,5.4,2.31,3537280.0
DE,2019,12,1,6.264090966205964e-05,0.5828455643145851,3.96,2.14,3537280.0
DE,2020,1,1,6.753531475376234e-05,0.5637071758022333,3.72,1.55,3450720.0
DE,2020,2,1,5.707920423914397e-05,0.5425838236075385,5.45,4.71,3450720.0
DE,2020,3,1,5.333557163195887e-05,0.5378986409405409,5.45,1.97,3450720.0
DE,2020,4,1,4.344485770829522e-05,0.5778881420734977,10.54,0.65,3450720.0
DE,2020,5,1,3.871054857905663e-05,0.6468799533642405,12.08,1.53,3450720.0
DE,2020,6,1,2.9270453758792936e-05,0.6804096715082351,17.1,3.27,3450720.0
DE,2020,7,1,2.9463405023598735e-05,0.6557370694535017,17.81,2.06,3450720.0
DE,2020,8,1,3.4467378989963036e-05,0.6177651701735992,20.18,2.79,3450720.0
DE,2020,9,1,4.9264465803309784e-05,0.6207239577672361,15.03,1.66,3450720.0
DE,2020,10,1,4.520406840081213e-05,0.6198939158507033,10.38,2.85,3450720.0
DE,2020,11,1,6.253403314236889e-05,0.621665246919688,6.41,0.91,3450720.0
DE,2020,12,1,6.245705163379614e-05,0.596893976789021,3.26,2.57,3450720.0
DE,2021,1,1,4.258649105651533e-05,0.5559611906687929,0.82,3.24,3682340.0
DE,2021,2,1,5.980627198664542e-05,0.5085275860331645,1.87,2.19,3682340.0
DE,2021,3,1,6.334801890374045e-05,0.5125814057431456,4.95,1.9,3682340.0
DE,2021,4,1,4.790518597210447e-05,0.5528553932220833,6.18,1.67,3682340.0
DE,2021,5,1,3.341286352857017e-05,0.6306243212576301,10.84,3.93,3682340.0
DE,2021,6,1,3.117489451919963e-05,0.699504004794144,19.1,3.57,3682340.0
DE,2021,7,1,2.7317497372556372e-05,0.6879634908979866,18.52,3.89,3682340.0
DE,2021,8,1,2.976565537314513e-05,0.6530523831769871,16.54,3.58,3682340.0
DE,2021,9,1,4.056637264156925e-05,0.6717607371175778,15.35,1.5,3682340.0
DE,2021,10,1,5.664985439135417e-05,0.6481272692623798,9.87,1.98,3682340.0
DE,2021,11,1,6.584946894103158e-05,0.6065355129022223,5.12,1.85,3682340.0
DE,2021,12,1,6.125510278904303e-05,0.5832946115524599,2.73,2.54,3682340.0
DE,2022,1,1,6.292967752969249e-05,0.5508259383539553,2.98,2.23,3989390.0
DE,2022,2,1,5.17823346202504e-05,0.5212956960669395,4.65,3.59,3989390.0
DE,2022,3,1,6.273648246465607e-05,0.4968177251707252,5.3,0.6,3989390.0
DE,2022,4,1,4.0412914884744696e-05,0.5268323381298841,7.88,2.36,3989390.0
DE,2022,5,1,3.431566378836137e-05,0.6391383801579881,14.54,1.84,3989390.0
DE,2022,6,1,3.2865117751425e-05,0.683810302706297,18.4,2.48,3989390.0
DE,2022,7,1,3.1724876473335576e-05,0.6230572800004058,19.24,1.59,3989390.0
DE,2022,8,1,3.357362230856714e-05,0.5754736687584421,20.42,1.85,3989390.0
DE,2022,9,1,4.2003035115729434e-05,0.583790488792206,13.52,3.69,3989390.0
DE,2022,10,1,5.212392737487151e-05,0.6180003872558225,12.67,2.12,3989390.0
DE,2022,11,1,5.619175420262784e-05,0.6358250492645781,6.53,2.0,3989390.0
DE,2022,12,1,7.087090149144955e-05,0.6020709604913312,1.92,2.48,3989390.0
DE,2023,1,1,4.916427990524523e-05,0.5754797611099224,3.77,2.62,4219310.0
DE,2023,2,1,5.720934516089979e-05,0.554269541539005,3.41,1.69,4219310.0
DE,2023,3,1,5.002391277048486e-05,0.5316500530802838,5.82,3.27,4219310.0
DE,2023,4,1,4.2825346917862754e-05,0.5860357852127943,7.65,2.47,4219310.0
DE,2023,5,1,3.363635508883929e-05,0.649922863413872,13.19,1.63,4219310.0
DE,2023,6,1,3.2422427410081586e-05,0.6751085601839724,18.72,1.66,4219310.0
DE,2023,7,1,3.146446672905302e-05,0.6232313598123789,18.79,3.18,4219310.0
DE,2023,8,1,3.2197343759193905e-05,0.6555240004235334,18.33,4.02,4219310.0
DE,2023,9,1,4.136605181172609e-05,0.6612825535906008,17.48,1.16,4219310.0
DE,2023,10,1,4.437361164839751e-05,0.6230082531881741,11.96,3.44,4219310.0
DE,2023,11,1,3.953210686880401e-05,0.6130006273326869,5.79,4.25,4219310.0
DE,2023,12,1,4.116915861301153e-05,0.5868871354185106,4.22,4.1,4219310.0
DE,2024,1,1,5.120358886356828e-05,0.5321675486034535,1.67,2.66,4328970.0
DE,2024,2,1,3.557904514590475e-05,0.5042448882563375,6.69,3.2,4328970.0
DE,2024,3,1,4.3125844353903674e-05,0.5005990940945455,7.58,1.72,4328970.0
DE,2024,4,1,3.7549710610973096e-05,0.5756119544505235,10.17,2.8,4328970.0
DE,2024,5,1,3.144922377190709e-05,0.6744901072878109,15.22,3.93,4328970.0
DE,2024,6,1,3.0196380638186945e-05,0.696714707991977,16.81,3.24,4328970.0
DE,2024,7,1,2.6237350136352495e-05,0.6695012585719862,18.85,3.04,4328970.0
DE,2024,8,1,3.284763985815991e-05,0.6553460893065639,19.92,2.01,4328970.0
DE,2024,9,1,3.7208654859686985e-05,0.6433526920888385,15.56,3.33,4328970.0
DE,2024,10,1,5.375148579726681e-05,0.6397562672831136,11.13,2.4,4328970.0
DE,2024,11,1,5.701624716172433e-05,0.6164898945657781,5.3,2.16,4328970.0
DE,2024,12,1,6.27293694567901e-05,0.6025761390085554,3.23,2.02,4328970.0
DK,2019,1,1,1.0666521431048342e-05,0.5906696318601264,2.37,1.74,308546.19
DK,2019,2,1,6.330195205323641e-05,0.5608728090070155,4.5,1.92,308546.19
DK,2019,3,1,2.492566008209209e-05,0.5561698022417139,5.57,3.5,308546.19
DK,2019,4,1,3.491875945974936e-05,0.5629235066899955,8.15,0.94,308546.19
DK,2019,5,1,2.396971054668328e-05,0.6288243212125558,9.99,2.01,308546.19
DK,2019,6,1,2.404672796620225e-05,0.7207355739087018,16.24,2.34,308546.19
DK,2019,7,1,1.855913012973055e-05,0.6604503854106315,16.84,2.68,308546.19
DK,2019,8,1,2.6421885774091072e-05,0.5462094895844909,17.56,3.15,308546.19
DK,2019,9,1,2.1934791162344592e-05,0.5751785922017307,13.74,4.28,308546.19
DK,2019,10,1,3.402246849721836e-05,0.5918969181307292,9.84,3.81,308546.19
DK,2019,11,1,4.964679090379167e-05,0.6008573419245232,6.19,3.24,308546.19
DK,2019,12,1,3.5828135438067e-05,0.5832062762719215,5.18,2.16,308546.19
DK,2020,1,1,3.056648145010044e-05,0.5515816819585407,5.82,2.47,312118.31
DK,2020,2,1,1.978159676067779e-05,0.5259257416028584,4.95,4.33,312118.31
DK,2020,3,1,2.654172052695769e-05,0.5216524389158613,4.68,1.37,312118.31
DK,2020,4,1,2.783656879946006e-05,0.4919067795764174,7.78,0.93,312118.31
DK,2020,5,1,2.249960495300494e-05,0.591705445082867,10.2,1.34,312118.31
DK,2020,6,1,2.117058178883488e-05,0.7031875737248117,16.43,3.21,312118.31
DK,2020,7,1,1.64856670435193e-05,0.6710057635822121,15.03,3.14,312118.31
DK,2020,8,1,2.692699304158244e-05,0.5720546682017645,18.26,2.2,312118.31
DK,2020,9,1,2.898104684904978e-05,0.5857757037103326,14.34,1.71,312118.31
DK,2020,10,1,2.929356175057561e-05,0.6612768446909651,10.79,2.98,312118.31
DK,2020,11,1,2.77362038411593e-05,0.6604453294984793,8.11,1.69,312118.31
DK,2020,12,1,4.037044408763095e-05,0.6408102559485076,4.65,2.75,312118.31
DK,2021,1,1,1.4258313339448089e-05,0.5438866369736666,1.24,2.27,343318.61
DK,2021,2,1,5.027336617524354e-05,0.4799116540506178,0.42,1.1,343318.61
DK,2021,3,1,3.341661247842948e-05,0.43804164689317193,4.11,1.6,343318.61
DK,2021,4,1,2.3433049678072864e-05,0.4793464792615928,5.7,1.07,343318.61
DK,2021,5,1,2.4104596821087327e-05,0.5923217296911819,9.91,4.0,343318.61
DK,2021,6,1,2.0678252038202524e-05,0.7246921100880533,15.95,1.42,343318.61
DK,2021,7,1,2.177141582329467e-05,0.6811268639849911,18.38,3.03,343318.61
DK,2021,8,1,2.299401341605284e-05,0.5712651141754889,15.97,2.64,343318.61
DK,2021,9,1,2.4885793597335477e-05,0.6217660644418946,14.82,2.36,343318.61
DK,2021,10,1,3.884730951099296e-05,0.656115883645568,11.05,3.27,343318.61
DK,2021,11,1,2.183266125022784e-05,0.6442172345322558,7.2,1.71,343318.61
DK,2021,12,1,2.825885266455182e-05,0.608167988988898,2.54,2.38,343318.61
DK,2022,1,1,3.284541615058457e-05,0.5454121561745403,4.39,1.53,380567.45
DK,2022,2,1,3.0433152889044925e-05,0.518214216989584,4.36,4.08,380567.45
DK,2022,3,1,3.64418183048627e-05,0.48757261758484555,3.97,0.21,380567.45
DK,2022,4,1,2.6869341792060186e-05,0.4640529754415995,6.68,1.36,380567.45
DK,2022,5,1,2.2038566560378227e-05,0.6068934243327379,11.54,2.01,380567.45
DK,2022,6,1,2.209209295571112e-05,0.7230465169083126,15.1,2.2,380567.45
DK,2022,7,1,1.984118432313746e-05,0.6686902627605388,16.52,2.32,380567.45
DK,2022,8,1,2.390977836486418e-05,0.5521341284370442,18.05,2.12,380567.45
DK,2022,9,1,2.2957307802193436e-05,0.574339770138512,13.59,3.29,380567.45
DK,2022,10,1,3.6004926155615195e-05,0.634107933285377,12.03,2.52,380567.45
DK,2022,11,1,3.199674797408176e-05,0.6333771266682873,7.92,2.47,380567.45
DK,2022,12,1,4.086856688590147e-05,0.6070484391123596,1.94,2.44,380567.45
DK,2023,1,1,4.126356460071301e-05,0.556129263499241,4.11,3.6,374173.58
DK,2023,2,1,2.170773593483683e-05,0.517419398430537,4.05,1.51,374173.58
DK,2023,3,1,2.640206108930218e-05,0.4951756775525589,3.77,3.11,374173.58
DK,2023,4,1,2.6765950524253147e-05,0.5142080896586922,7.09,1.51,374173.58
DK,2023,5,1,2.5325294026755277e-05,0.5825922449459129,11.22,0.59,374173.58
DK,2023,6,1,2.362818079642423e-05,0.6735304137316644,16.44,1.04,374173.58
DK,2023,7,1,2.1658710765478413e-05,0.6483521786189335,16.03,4.69,374173.58
DK,2023,8,1,2.208217669574975e-05,0.5981720331920413,16.33,3.92,374173.58
DK,2023,9,1,2.9017011738569034e-05,0.6198516026189368,16.52,2.13,374173.58
DK,2023,10,1,2.4723891154536216e-05,0.6420133668249817,10.36,4.65,374173.58
DK,2023,11,1,2.8720913143204198e-05,0.62667594605753,4.97,3.21,374173.58
DK,2023,12,1,-9.92399523658621e-06,0.5962794167735845,3.32,3.14,374173.58
DK,2024,1,1,2.1047013914764056e-05,0.5110056217599102,1.32,3.07,392400.73
DK,2024,2,1,2.2338976673202774e-05,0.4803663187763808,4.5,3.94,392400.73
DK,2024,3,1,3.1331623091906944e-05,0.4530438625162305,5.22,1.48,392400.73
DK,2024,4,1,2.6148774681720625e-05,0.5242036640341161,7.59,3.59,392400.73
DK,2024,5,1,2.841864872676988e-05,0.6116034057774693,14.37,2.23,392400.73
DK,2024,6,1,2.0067663193733213e-05,0.7155713329424984,14.48,3.67,392400.73
DK,2024,7,1,1.670880275605206e-05,0.6925024589610116,16.32,4.34,392400.73
DK,2024,8,1,2.2648954154301655e-05,0.6082984800328175,17.27,2.88,392400.73
DK,2024,9,1,2.817913126424837e-05,0.5919598842360111,14.98,2.51,392400.73
DK,2024,10,1,3.360629583963246e-05,0.611250174393674,10.96,1.72,392400.73
DK,2024,11,1,2.2006609713221743e-05,0.6127094305496456,6.51,1.78,392400.73
DK,2024,12,1,2.1940569536366656e-05,0.5910147032002192,5.33,2.3,392400.73
ES,2019,1,1,2.75869970137133e-05,0.4719094521033411,5.65,1.63,1253710.0
ES,2019,2,1,2.712060879556595e-05,0.4476777867051462,8.25,0.74,1253710.0
ES,2019,3,1,2.463106250795149e-05,0.4487786216667447,10.64,0.89,1253710.0
ES,2019,4,1,2.334901540499626e-05,0.4494925641061953,11.37,3.31,1253710.0
ES,2019,5,1,2.2418293427065866e-05,0.45940952619823994,16.26,0.96,1253710.0
ES,2019,6,1,2.079009613820166e-05,0.41601798819765007,20.28,0.93,1253710.0
ES,2019,7,1,2.151318569307539e-05,0.3908170421476319,23.84,0.93,1253710.0
ES,2019,8,1,2.1128333769274634e-05,0.37815537172356234,23.38,0.92,1253710.0
ES,2019,9,1,2.15006307572281e-05,0.38481716968195717,19.53,1.69,1253710.0
ES,2019,10,1,2.4033190186087204e-05,0.4022163406011215,15.65,2.33,1253710.0
ES,2019,11,1,2.275495677815981e-05,0.4189804128380306,9.26,3.6,1253710.0
ES,2019,12,1,2.7148624647769902e-05,0.4507913766281154,8.35,3.62,1253710.0
ES,2020,1,1,3.461314633049128e-05,0.46853542218406025,6.35,2.06,1129214.0
ES,2020,2,1,2.8460744605388766e-05,0.4806356525348091,10.05,0.43,1129214.0
ES,2020,3,1,2.127864580950104e-05,0.4744427002625275,9.99,3.08,1129214.0
ES,2020,4,1,1.815722366778031e-05,0.5038718210487677,12.57,3.52,1129214.0
ES,2020,5,1,2.180117527258581e-05,0.5113924205836703,17.61,2.01,1129214.0
ES,2020,6,1,2.0609140251588838e-05,0.456593233655846,19.39,1.59,1129214.0
ES,2020,7,1,2.2892474055870487e-05,0.4207399919711796,24.35,0.51,1129214.0
ES,2020,8,1,2.0761550322774767e-05,0.40224601655189113,23.08,1.02,1129214.0
ES,2020,9,1,2.0453633994144475e-05,0.4007756248194955,19.33,1.46,1129214.0
ES,2020,10,1,2.2191504965595036e-05,0.4075051296064017,13.34,2.45,1129214.0
ES,2020,11,1,3.2048689467156404e-05,0.44803585571677573,11.03,2.39,1129214.0
ES,2020,12,1,2.4628821947979282e-05,0.4736491238020431,6.94,2.61,1129214.0
ES,2021,1,1,2.516245484773086e-05,0.4722240445764206,5.08,2.75,1235474.0
ES,2021,2,1,2.1326120698206054e-05,0.46603300904477807,9.42,2.9,1235474.0
ES,2021,3,1,2.2339773452212204e-05,0.48491917810913765,9.81,0.86,1235474.0
ES,2021,4,1,2.2524790254373116e-05,0.4826380252595031,11.86,2.55,1235474.0
ES,2021,5,1,1.91444429942699e-05,0.48426462404909354,15.73,1.45,1235474.0
ES,2021,6,1,2.1610980607650695e-05,0.4416407100489684,19.79,2.09,1235474.0
ES,2021,7,1,2.0553400075759354e-05,0.41454891249210923,22.78,0.56,1235474.0
ES,2021,8,1,2.105875248913096e-05,0.3962542926115128,23.25,0.63,1235474.0
ES,2021,9,1,2.0834807930725577e-05,0.40161144399375237,19.36,2.61,1235474.0
ES,2021,10,1,2.278978652126868e-05,0.43257511968676793,15.16,2.07,1235474.0
ES,2021,11,1,2.9642318878208813e-05,0.44231909308207273,8.14,2.25,1235474.0
ES,2021,12,1,3.2656814623265e-05,0.44634299008939465,8.37,2.22,1235474.0
ES,2022,1,1,2.453320925724131e-05,0.46169681964809134,5.92,0.66,1375863.0
ES,2022,2,1,2.9080956248304616e-05,0.4394425149963835,8.59,0.64,1375863.0
ES,2022,3,1,2.3885597898027308e-05,0.43128086305606617,9.28,4.15,1375863.0
ES,2022,4,1,2.1320211666659212e-05,0.4602300656534707,11.18,2.75,1375863.0
ES,2022,5,1,2.0430822016859528e-05,0.47425158324814665,18.22,0.98,1375863.0
ES,2022,6,1,1.9735945312419695e-05,0.4215998835293383,21.83,1.14,1375863.0
ES,2022,7,1,2.2445916637434477e-05,0.3921203418634299,25.56,0.52,1375863.0
ES,2022,8,1,2.1295832602119677e-05,0.37848519771245176,24.46,0.92,1375863.0
ES,2022,9,1,2.0058452924693048e-05,0.3806026263731257,19.57,1.66,1375863.0
ES,2022,10,1,2.3201246348165968e-05,0.38736374039405136,17.6,2.07,1375863.0
ES,2022,11,1,2.5323319099276314e-05,0.422838232183831,11.29,2.36,1375863.0
ES,2022,12,1,2.720955511080753e-05,0.4549002561738278,9.45,3.79,1375863.0
ES,2023,1,1,2.55523622724136e-05,0.4787476255386172,5.83,2.18,1497761.0
ES,2023,2,1,3.094099487218326e-05,0.4507727239874835,6.39,0.84,1497761.0
ES,2023,3,1,2.3594996605765908e-05,0.42579300808890924,11.59,0.8,1497761.0
ES,2023,4,1,1.9843568696153266e-05,0.4237962884039431,15.0,0.68,1497761.0
ES,2023,5,1,2.103890080522873e-05,0.40251865422810007,16.09,2.33,1497761.0
ES,2023,6,1,2.3394451148575813e-05,0.4090219440455678,20.95,2.68,1497761.0
ES,2023,7,1,1.950486142175476e-05,0.40956662516986997,24.23,0.58,1497761.0
ES,2023,8,1,2.0184158952635788e-05,0.38513513166533364,24.64,0.57,1497761.0
ES,2023,9,1,2.1674987681978372e-05,0.3906680519405361,19.93,2.44,1497761.0
ES,2023,10,1,2.1768709572809295e-05,0.4155036576273052,17.12,3.57,1497761.0
ES,2023,11,1,2.6073740054577697e-05,0.44949279268941456,11.35,2.33,1497761.0
ES,2023,12,1,3.167661498838661e-05,0.46985355726450095,7.23,1.39,1497761.0
ES,2024,1,1,2.5215887768073926e-05,0.474367220227807,8.23,2.14,1594330.0
ES,2024,2,1,2.3203245623602137e-05,0.4676128336588367,9.42,2.48,1594330.0
ES,2024,3,1,1.99536596341579e-05,0.4714909782854856,10.33,4.05,1594330.0
ES,2024,4,1,1.9272978478479953e-05,0.4924871456830797,13.17,1.39,1594330.0
ES,2024,5,1,1.8503317369585228e-05,0.47140893485626295,15.78,1.67,1594330.0
ES,2024,6,1,1.9439999265745438e-05,0.42632585860297206,19.78,2.03,1594330.0
ES,2024,7,1,2.0435691536962395e-05,0.41135978333152456,24.29,0.5,1594330.0
ES,2024,8,1,2.0947181484931647e-05,0.39143349936302996,24.6,0.81,1594330.0
ES,2024,9,1,1.9120912002052108e-05,0.39665782441154523,18.28,2.13,1594330.0
ES,2024,10,1,2.1316669491292625e-05,0.42037964847245124,15.39,4.63,1594330.0
ES,2024,11,1,2.7081546353013087e-05,0.45876040387112205,12.02,1.5,1594330.0
ES,2024,12,1,2.6504302951213567e-05,0.4850976717174047,7.07,0.85,1594330.0
EE,2019,1,1,-9.44049603805645e-06,0.3504836722121698,-4.72,2.31,28472.06
EE,2019,2,1,2.6326850024766366e-05,0.3481638197792825,0.05,1.9,28472.06
EE,2019,3,1,2.2035258921796277e-05,0.37479850487597516,1.08,2.47,28472.06
EE,2019,4,1,2.0467003092246662e-05,0.44646699639605847,6.74,0.32,28472.06
EE,2019,5,1,1.7537454860812686e-05,0.5630753337963651,10.58,2.38,28472.06
EE,2019,6,1,1.7753497780735686e-05,0.7395500722749551,17.57,1.78,28472.06
EE,2019,7,1,1.405903224888087e-05,0.7562498892114077,16.33,2.29,28472.06
EE,2019,8,1,1.5342002565629082e-05,0.7079351579127847,16.46,2.16,28472.06
EE,2019,9,1,1.5838463284097896e-05,0.6946357481996439,11.99,2.73,28472.06
EE,2019,10,1,2.0821084328258267e-05,0.6278487158147511,7.21,3.36,28472.06
EE,2019,11,1,2.531533014610915e-05,0.5496336827572147,3.04,2.16,28472.06
EE,2019,12,1,1.3873661304033805e-05,0.550300518884797,2.37,1.95,28472.06
EE,2020,1,1,1.9529821224312337e-05,0.5240380072492278,2.88,1.6,27859.29
EE,2020,2,1,1.1509817500189634e-05,0.48701740213535727,1.41,3.13,27859.29
EE,2020,3,1,1.3009288244216907e-05,0.47958241318881945,2.21,1.73,27859.29
EE,2020,4,1,2.2808665605786317e-05,0.4706308863522285,4.71,1.73,27859.29
EE,2020,5,1,1.7013688880471318e-05,0.5481067195741265,9.08,1.47,27859.29
EE,2020,6,1,1.8034567425580274e-05,0.7281640884364049,17.45,3.39,27859.29
EE,2020,7,1,1.1164094753964036e-05,0.7588964070568299,16.27,3.13,27859.29
EE,2020,8,1,1.4661054879052956e-05,0.7523553550267726,16.75,2.26,27859.29
EE,2020,9,1,1.863495758589112e-05,0.6844609282157008,13.86,1.91,27859.29
EE,2020,10,1,2.4834613993688096e-05,0.6625627775662909,9.26,2.47,27859.29
EE,2020,11,1,1.2284161682852524e-05,0.618924149646355,5.05,2.02,27859.29
EE,2020,12,1,2.50103528666069e-05,0.5046400012865507,0.32,1.4,27859.29
EE,2021,1,1,1.0722172485418077e-05,0.3592423216963844,-3.26,1.89,31453.31
EE,2021,2,1,1.4559787242337905e-05,0.3611780894501988,-6.28,0.94,31453.31
EE,2021,3,1,1.85421876750661e-05,0.37836914905221936,0.12,1.47,31453.31
EE,2021,4,1,1.918190455768473e-05,0.4351852836614198,4.73,1.27,31453.31
EE,2021,5,1,1.78685002005456e-05,0.5472105984059294,10.17,3.54,31453.31
EE,2021,6,1,1.7295594275050136e-05,0.7546852510206785,18.88,1.44,31453.31
EE,2021,7,1,1.4846975528642993e-05,0.7495414247040078,21.15,1.67,31453.31
EE,2021,8,1,1.5884146806233446e-05,0.7155668283016814,15.74,4.78,31453.31
EE,2021,9,1,1.737836846466758e-05,0.7203754706947794,10.46,1.4,31453.31
EE,2021,10,1,2.2366226586618198e-05,0.6490350595910299,8.22,2.14,31453.31
EE,2021,11,1,1.6193137587936916e-05,0.5849755813549672,3.02,2.83,31453.31
EE,2021,12,1,1.8339152726791024e-06,0.5314083051606756,-4.98,1.57,31453.31
EE,2022,1,1,2.071817053470738e-05,0.3228351348447923,-2.05,2.66,36300.93
EE,2022,2,1,2.6738757000913374e-05,0.3090194965541784,-0.65,2.62,36300.93
EE,2022,3,1,2.147207792967379e-05,0.3075317995821913,0.21,0.42,36300.93
EE,2022,4,1,1.9871408803463493e-05,0.3692025033148856,4.02,1.5,36300.93
EE,2022,5,1,1.4491873933129478e-05,0.512215326871623,9.71,1.99,36300.93
EE,2022,6,1,1.4442191757090346e-05,0.7248264781579148,16.87,1.86,36300.93
EE,2022,7,1,1.1332936047467189e-05,0.7641284256260249,17.88,2.65,36300.93
EE,2022,8,1,1.5993560955929864e-05,0.7338535786501548,19.5,1.76,36300.93
EE,2022,9,1,1.8150752612044054e-05,0.7035869263215393,9.91,1.48,36300.93
EE,2022,10,1,2.1772110306969133e-05,0.6403739505812713,8.53,1.84,36300.93
EE,2022,11,1,3.0368550856711365e-05,0.6170196507076894,2.42,1.5,36300.93
EE,2022,12,1,5.24925380886998e-05,0.5607427065808297,-2.97,2.14,36300.93
EE,2023,1,1,1.899850216008115e-05,0.3614400025748151,-1.39,2.65,38353.42
EE,2023,2,1,1.1511048536018065e-05,0.36686896705909827,-1.65,1.53,38353.42
EE,2023,3,1,2.1569313749715075e-05,0.37590443946510144,0.13,2.08,38353.42
EE,2023,4,1,2.5139760125590073e-05,0.4469054817468958,6.39,0.9,38353.42
EE,2023,5,1,1.6440609763393663e-05,0.5694488651651497,10.78,0.6,38353.42
EE,2023,6,1,1.626613711444679e-05,0.7207131079008847,16.42,0.87,38353.42
EE,2023,7,1,1.195515925502841e-05,0.7499441885157434,16.54,2.76,38353.42
EE,2023,8,1,1.4024162881815837e-05,0.7225433640585481,18.12,4.02,38353.42
EE,2023,9,1,1.8764532908311638e-05,0.7155834799027502,15.33,2.36,38353.42
EE,2023,10,1,1.763563701187414e-05,0.6569368456645138,5.94,4.16,38353.42
EE,2023,11,1,1.946760817741195e-05,0.5347529009938736,0.97,2.54,38353.42
EE,2023,12,1,,0.4536520220164983,-2.87,1.75,38353.42
EE,2024,1,1,1.399066503140246e-06,0.38438188886024266,-6.71,1.52,39847.74
EE,2024,2,1,1.2498146982453758e-05,0.38046638869984467,-1.36,1.63,39847.74
EE,2024,3,1,1.68344493591671e-05,0.37521663851131504,2.21,0.94,39847.74
EE,2024,4,1,1.9655400865181978e-05,0.4278457976158258,5.36,2.19,39847.74
EE,2024,5,1,1.80832560983269e-05,0.6031170181610725,13.62,0.42,39847.74
EE,2024,6,1,1.5819222719896523e-05,0.7539098583956308,16.77,2.27,39847.74
EE,2024,7,1,1.291238065171132e-05,0.7611631737341704,18.87,4.35,39847.74
EE,2024,8,1,1.608434891355818e-05,0.7350974652522033,17.71,2.66,39847.74
EE,2024,9,1,1.933025016436838e-05,0.7033771617189022,15.56,1.96,39847.74
EE,2024,10,1,1.855486582839606e-05,0.6790308352069427,8.5,1.44,39847.74
EE,2024,11,1,1.499163185857398e-05,0.5790573475128068,4.34,2.32,39847.74
EE,2024,12,1,2.1563192220989885e-05,0.517034843972907,1.31,2.13,39847.74
FI,2019,1,1,-1.1950785055980341e-06,0.3400248430484202,-11.2,1.57,238518.0
FI,2019,2,1,2.759384273650021e-05,0.17902455536274203,-6.43,1.89,238518.0
FI,2019,3,1,1.3652072141517094e-05,0.15499355640883808,-4.09,1.8,238518.0
FI,2019,4,1,1.8901299153551046e-05,0.2166096955790236,3.4,0.52,238518.0
FI,2019,5,1,2.4848809948383607e-05,0.4067237839828068,7.08,2.89,238518.0
FI,2019,6,1,2.223240205318432e-05,0.6399699339552545,13.93,2.41,238518.0
FI,2019,7,1,1.531766993487215e-05,0.7187202019504462,14.38,1.59,238518.0
FI,2019,8,1,1.8238942884210166e-05,0.699587498238074,13.56,2.42,238518.0
FI,2019,9,1,1.7254694094932962e-05,0.6789193164741393,8.46,2.49,238518.0
FI,2019,10,1,1.915756728724888e-05,0.5946230078725107,0.9,2.58,238518.0
FI,2019,11,1,1.9003559574501235e-05,0.5727748592527556,-3.56,2.52,238518.0
FI,2019,12,1,,NaN,-2.65,2.39,238518.0
FI,2020,1,1,2.2396187944281066e-05,0.560524999530753,-3.57,2.07,236387.0
FI,2020,2,1,1.31101446898709e-05,0.26212895226003435,-4.47,2.28,236387.0
FI,2020,3,1,1.192623860381887e-05,0.23693674526143782,-2.41,1.55,236387.0
FI,2020,4,1,1.6332519954589938e-05,0.26862942225605585,0.31,1.34,236387.0
FI,2020,5,1,1.708684036437998e-05,0.372157796280593,6.14,1.46,236387.0
FI,2020,6,1,2.2003550850953023e-05,0.5973082087905848,15.97,2.1,236387.0
FI,2020,7,1,1.4968861484154898e-05,0.7108898214658053,14.68,4.38,236387.0
FI,2020,8,1,1.7707588700281752e-05,0.7375942239524469,13.92,1.9,236387.0
FI,2020,9,1,1.995822510150242e-05,0.6883093513207653,9.76,2.62,236387.0
FI,2020,10,1,2.5319117902331384e-05,0.6045615862324206,4.71,2.9,236387.0
FI,2020,11,1,2.5446671426094136e-05,0.6059160031933034,1.12,2.49,236387.0
FI,2020,12,1,,NaN,-2.88,1.99,236387.0
FI,2021,1,1,8.471790207766259e-06,0.3760251570141541,-9.39,1.76,248764.0
FI,2021,2,1,1.1120202993070565e-05,0.1910747745768713,-11.35,1.32,248764.0
FI,2021,3,1,1.716156657277073e-05,0.17823666909937738,-3.75,1.08,248764.0
FI,2021,4,1,1.4761865870613177e-05,0.23103657190574572,1.71,1.65,248764.0
FI,2021,5,1,2.3106936297010496e-05,0.3566154662441302,6.78,2.74,248764.0
FI,2021,6,1,2.148729175952613e-05,0.6384107348497297,16.39,2.21,248764.0
FI,2021,7,1,1.7051170226308208e-05,0.7343735709292005,18.04,1.85,248764.0
FI,2021,8,1,1.5384350725248242e-05,0.7249026982676579,13.06,4.16,248764.0
FI,2021,9,1,1.9320355108739663e-05,0.6948684419263554,6.93,1.82,248764.0
FI,2021,10,1,1.8280740863531623e-05,0.6296770933656314,4.17,3.73,248764.0
FI,2021,11,1,1.0153982372504293e-05,0.6175623972510479,-3.17,1.64,248764.0
FI,2021,12,1,,NaN,-9.6,1.19,248764.0
FI,2022,1,1,1.591851497053135e-05,0.31337579834470686,-7.81,1.55,266135.0
FI,2022,2,1,4.538537500643034e-05,0.17882251927923168,-6.63,2.19,266135.0
FI,2022,3,1,3.277650938351366e-05,0.16491756563497836,-2.51,0.73,266135.0
FI,2022,4,1,1.3320535355792727e-05,0.17679581747782466,0.76,1.56,266135.0
FI,2022,5,1,1.746367187934726e-05,0.35490680430008115,7.41,1.61,266135.0
FI,2022,6,1,1.9024516742051536e-05,0.6315570783350632,14.6,2.21,266135.0
FI,2022,7,1,1.771259884889044e-05,0.729837081767929,16.41,3.83,266135.0
FI,2022,8,1,1.7482315250821117e-05,0.7245809216162201,15.64,3.11,266135.0
FI,2022,9,1,2.011676969666663e-05,0.6888563590546924,7.57,1.57,266135.0
FI,2022,10,1,1.5114528425133699e-05,0.6423347559419503,4.25,2.21,266135.0
FI,2022,11,1,2.782009175977537e-05,0.647868711558422,-1.91,1.32,266135.0
FI,2022,12,1,,NaN,-6.79,1.93,266135.0
FI,2023,1,1,1.4440351072201355e-05,0.4195662662274686,-4.75,2.14,273005.0
FI,2023,2,1,1.535568301753169e-05,0.18594887432748625,-5.73,1.12,273005.0
FI,2023,3,1,1.6880057720649408e-05,0.17269367132609914,-6.68,1.79,273005.0
FI,2023,4,1,1.5164276406447803e-05,0.23615816634055922,1.59,1.07,273005.0
FI,2023,5,1,2.2407856815723668e-05,0.4071829565390572,8.78,1.48,273005.0
FI,2023,6,1,1.719615491152944e-05,0.6380489810495295,14.16,1.7,273005.0
FI,2023,7,1,1.675330518061547e-05,0.7254987799120893,14.96,3.94,273005.0
FI,2023,8,1,1.6054867768049816e-05,0.7363677365452062,15.52,3.8,273005.0
FI,2023,9,1,1.7940175586252966e-05,0.6969250350120555,11.79,3.74,273005.0
FI,2023,10,1,1.3890699505067689e-05,0.62251879700621,-0.02,2.53,273005.0
FI,2023,11,1,3.080926809311984e-05,0.5960961838351528,-5.66,1.93,273005.0
FI,2023,12,1,,NaN,-8.85,1.37,273005.0
FI,2024,1,1,2.5164974405501793e-05,0.3457500014919788,-12.48,1.31,275993.0
FI,2024,2,1,1.807327317668824e-05,0.20629767144787725,-7.82,1.95,275993.0
FI,2024,3,1,1.1793140347763856e-05,0.1954461677711878,-2.42,1.21,275993.0
FI,2024,4,1,1.0424149882332782e-05,0.2344064394106427,-0.45,2.11,275993.0
FI,2024,5,1,1.980717811318057e-05,0.3972684594966136,9.9,0.67,275993.0
FI,2024,6,1,1.8809173909763952e-05,0.6618287481546433,15.39,3.1,275993.0
FI,2024,7,1,1.4595255507770844e-05,0.7443843081471577,17.25,3.6,275993.0
FI,2024,8,1,1.683309268177858e-05,0.7287084021288899,15.9,2.74,275993.0
FI,2024,9,1,2.0179739207540673e-05,0.6986487762687965,11.83,2.59,275993.0
FI,2024,10,1,1.730025235094275e-05,0.6809817777949467,4.28,1.94,275993.0
FI,2024,11,1,1.8166185220703916e-05,0.6775730785576288,-0.88,2.0,275993.0
FI,2024,12,1,,NaN,-5.18,1.9,275993.0
FR,2019,1,1,2.7107013867897248e-05,0.5343361080783544,3.24,2.31,2432206.8
FR,2019,2,1,3.926957797185834e-05,0.5145316899549586,6.57,1.56,2432206.8
FR,2019,3,1,3.1987057431617375e-05,0.5303884195801999,8.68,1.98,2432206.8
FR,2019,4,1,3.7989124949229096e-05,0.5846704625800928,10.25,2.59,2432206.8
FR,2019,5,1,2.928232704985017e-05,0.6584981758066196,12.43,2.48,2432206.8
FR,2019,6,1,2.6348745110502804e-05,0.6797129579546262,18.77,2.47,2432206.8
FR,2019,7,1,2.537189860154903e-05,0.6062871789140922,21.44,1.38,2432206.8
FR,2019,8,1,2.4160144481970552e-05,0.5725568579116638,20.15,1.91,2432206.8
FR,2019,9,1,2.7932109455197957e-05,0.5691688002431778,16.78,1.65,2432206.8
FR,2019,10,1,2.88473824552357e-05,0.5914430907766604,13.45,4.29,2432206.8
FR,2019,11,1,3.1133961045199376e-05,0.5877469082807093,7.28,5.42,2432206.8
FR,2019,12,1,3.461424782545196e-05,0.562669907963409,6.72,4.29,2432206.8
FR,2020,1,1,3.923920763813672e-05,0.5549802485204255,5.85,1.9,2318276.2
FR,2020,2,1,2.9976539390019173e-05,0.5451710759395817,7.93,3.23,2318276.2
FR,2020,3,1,3.0748588472855986e-05,0.5543386395082378,7.96,2.64,2318276.2
FR,2020,4,1,2.883980531141598e-05,0.5980421271875247,12.97,1.99,2318276.2
FR,2020,5,1,2.7700629531479557e-05,0.666752269438794,15.39,2.5,2318276.2
FR,2020,6,1,2.421325481097887e-05,0.6500511362185017,17.04,3.07,2318276.2
FR,2020,7,1,2.379992076086871e-05,0.6247201159716094,20.19,0.74,2318276.2
FR,2020,8,1,2.5290362456135794e-05,0.5605255759340939,20.84,1.91,2318276.2
FR,2020,9,1,3.030480108787534e-05,0.5626796279908417,17.3,2.09,2318276.2
FR,2020,10,1,2.6023759589444642e-05,0.5699204023637937,11.46,4.41,2318276.2
FR,2020,11,1,3.7564145825612966e-05,0.6070409043697648,9.05,1.13,2318276.2
FR,2020,12,1,3.07261498363137e-05,0.5855247817852908,5.78,4.83,2318276.2
FR,2021,1,1,3.489803061714681e-05,0.5442624743605481,3.53,3.95,2508102.3
FR,2021,2,1,3.421079990903322e-05,0.5226246955675683,6.96,2.47,2508102.3
FR,2021,3,1,3.5699123114675286e-05,0.5398151085172348,7.51,1.45,2508102.3
FR,2021,4,1,3.2633503504757945e-05,0.5870232751775438,9.05,1.47,2508102.3
FR,2021,5,1,2.4066355462581546e-05,0.6357061097719884,12.24,3.7,2508102.3
FR,2021,6,1,2.7147855012300587e-05,0.6776830873388331,18.61,3.94,2508102.3
FR,2021,7,1,2.503677311338806e-05,0.663641218633852,18.94,3.37,2508102.3
FR,2021,8,1,2.4146294506360565e-05,0.6487738908977266,18.32,1.54,2508102.3
FR,2021,9,1,2.8382849477413562e-05,0.6296117224260239,17.46,2.63,2508102.3
FR,2021,10,1,3.1046727409039606e-05,0.6230312718626582,11.79,2.74,2508102.3
FR,2021,11,1,4.274317680156239e-05,0.5796648514218645,6.26,2.19,2508102.3
FR,2021,12,1,4.1104483486173736e-05,0.5558325617053425,5.7,3.72,2508102.3
FR,2022,1,1,3.7709114775414177e-05,0.5440228478987961,3.65,1.8,2653997.2
FR,2022,2,1,3.014451926953238e-05,0.527581868651834,6.74,1.81,2653997.2
FR,2022,3,1,3.678398467813901e-05,0.5252076845465801,8.68,1.82,2653997.2
FR,2022,4,1,2.9393354628660728e-05,0.569331778466787,10.44,2.49,2653997.2
FR,2022,5,1,2.5704259554513956e-05,0.6477689410834413,16.32,1.48,2653997.2
FR,2022,6,1,2.670184830518445e-05,0.6394160752698891,19.51,3.63,2653997.2
FR,2022,7,1,2.5433942887714583e-05,0.6046210224867,21.81,0.59,2653997.2
FR,2022,8,1,2.7501085108377045e-05,0.5355274142002352,22.02,1.72,2653997.2
FR,2022,9,1,2.4530885336454685e-05,0.5570860596101951,16.32,3.43,2653997.2
FR,2022,10,1,2.861650142675046e-05,0.5992159728252621,15.69,2.58,2653997.2
FR,2022,11,1,2.9594796151747317e-05,0.6214445583698444,9.37,3.63,2653997.2
FR,2022,12,1,3.798091744605053e-05,0.5919637465262676,5.42,2.95,2653997.2
FR,2023,1,1,3.4549396203164614e-05,0.5731731956982207,4.99,2.79,2826541.5
FR,2023,2,1,3.869197452151411e-05,0.5571450499981841,5.3,0.75,2826541.5
FR,2023,3,1,3.4793711565749916e-05,0.5318918534442932,8.69,3.29,2826541.5
FR,2023,4,1,2.7616220476079072e-05,0.6038088227726547,10.17,2.55,2826541.5
FR,2023,5,1,3.091522177405343e-05,0.6608115337013832,14.52,2.38,2826541.5
FR,2023,6,1,2.9901440466176123e-05,0.6520955152083558,19.96,2.67,2826541.5
FR,2023,7,1,2.228749606872229e-05,0.6054066539226183,20.16,2.19,2826541.5
FR,2023,8,1,2.4623366757935312e-05,0.6087922485811422,20.14,2.24,2826541.5
FR,2023,9,1,2.7573416804485127e-05,0.5903013946210109,19.48,1.95,2826541.5
FR,2023,10,1,2.5593006675841785e-05,0.5903959754802777,14.69,4.29,2826541.5
FR,2023,11,1,2.6312223387790208e-05,0.5925892535340254,8.53,4.87,2826541.5
FR,2023,12,1,3.329590499568566e-05,0.5756257235422632,6.68,3.16,2826541.5
FR,2024,1,1,3.170098661747301e-05,0.5355600444307573,4.71,2.36,2919899.9
FR,2024,2,1,2.43024223477942e-05,0.5240036885181726,8.01,3.66,2919899.9
FR,2024,3,1,2.3926370533401465e-05,0.5551869698250411,8.94,4.26,2919899.9
FR,2024,4,1,2.276606206222046e-05,0.6135135040200522,10.79,2.82,2919899.9
FR,2024,5,1,2.5272605802901856e-05,0.6681128811925389,13.75,4.53,2919899.9
FR,2024,6,1,2.5296954889206212e-05,0.65600233396247,17.12,3.23,2919899.9
FR,2024,7,1,2.1513368994275523e-05,0.6285860766094299,19.89,2.1,2919899.9
FR,2024,8,1,2.339228559610051e-05,0.6305140061476584,20.47,1.61,2919899.9
FR,2024,9,1,2.4549869531329394e-05,0.6324010862903345,15.09,4.08,2919899.9
FR,2024,10,1,2.9278855170125414e-05,0.6438151571130992,13.52,4.34,2919899.9
FR,2024,11,1,3.433516973883469e-05,0.6195546198723196,8.51,2.29,2919899.9
FR,2024,12,1,3.272721143364303e-05,0.5835373470110579,5.04,2.26,2919899.9
EL,2019,1,1,2.5707293112737034e-05,0.48063928242829157,4.53,6.16,185181.21
EL,2019,2,1,2.1811333180302102e-05,0.46007357382718944,7.18,2.51,185181.21
EL,2019,3,1,2.0553904497922806e-05,0.4746142581453815,10.67,1.66,185181.21
EL,2019,4,1,2.0357483228217147e-05,0.5160602191065193,12.64,2.94,185181.21
EL,2019,5,1,1.7898244324890564e-05,0.5628503525783702,16.35,1.57,185181.21
EL,2019,6,1,1.9071842222695964e-05,0.5750390355043317,22.91,1.33,185181.21
EL,2019,7,1,1.794700248714651e-05,0.5579236058795352,24.22,1.5,185181.21
EL,2019,8,1,1.885558059975291e-05,0.5463471170700688,25.49,0.28,185181.21
EL,2019,9,1,1.9328887917717398e-05,0.5160663172587728,21.45,0.88,185181.21
EL,2019,10,1,2.0331095464515086e-05,0.5318606270192782,17.53,1.55,185181.21
EL,2019,11,1,2.2050388066649487e-05,0.5223970752494689,14.04,5.14,185181.21
EL,2019,12,1,2.4847722905751625e-05,0.5346712923611051,8.49,3.77,185181.21
EL,2020,1,1,2.625483229188522e-05,0.5162057008441432,5.71,1.06,167539.52
EL,2020,2,1,2.4946120459593633e-05,0.506804208040958,8.15,1.91,167539.52
EL,2020,3,1,1.810440006150967e-05,0.5229346725662182,10.14,3.57,167539.52
EL,2020,4,1,1.835369973130546e-05,0.525915793158401,12.14,3.18,167539.52
EL,2020,5,1,1.8102331167495943e-05,0.5599136299576382,17.73,1.55,167539.52
EL,2020,6,1,1.677494720683596e-05,0.553787192404398,20.81,1.39,167539.52
EL,2020,7,1,2.056806286576361e-05,0.551966968933254,24.51,0.81,167539.52
EL,2020,8,1,1.979082157242275e-05,0.544988820252401,24.55,1.16,167539.52
EL,2020,9,1,2.041348496024386e-05,0.5259787739403751,22.11,2.16,167539.52
EL,2020,10,1,2.0647666604810417e-05,0.541092613220887,16.88,1.51,167539.52
EL,2020,11,1,2.469805111114812e-05,0.5266334509015083,11.06,1.12,167539.52
EL,2020,12,1,2.290593956735543e-05,0.5132030327548457,9.8,4.97,167539.52
EL,2021,1,1,2.0125429897138038e-05,0.5101961914313995,7.73,5.75,184574.58
EL,2021,2,1,2.030286405929603e-05,0.505269548503893,7.98,2.61,184574.58
EL,2021,3,1,1.9816175979013918e-05,0.5014247572289641,8.41,2.57,184574.58
EL,2021,4,1,1.5793593818058547e-05,0.5065451079966684,12.14,1.57,184574.58
EL,2021,5,1,1.739038573259809e-05,0.5635902840410725,18.34,0.66,184574.58
EL,2021,6,1,1.5998194593856797e-05,0.5571744674019087,21.75,1.55,184574.58
EL,2021,7,1,1.885020734265965e-05,0.538344944628071,25.97,0.38,184574.58
EL,2021,8,1,1.8407296050577013e-05,0.5109694359515211,26.04,0.37,184574.58
EL,2021,9,1,1.960435549777222e-05,0.5092730811027177,20.58,1.05,184574.58
EL,2021,10,1,1.89812805246887e-05,0.5155056928083291,14.17,5.17,184574.58
EL,2021,11,1,2.5581975662859024e-05,0.509877275895564,12.29,3.72,184574.58
EL,2021,12,1,2.623778182500018e-05,0.5255476127264429,7.58,5.53,184574.58
EL,2022,1,1,2.093700386325601e-05,0.5078284342467125,5.23,2.58,207008.66
EL,2022,2,1,2.4353612674013128e-05,0.48827464298590867,7.46,3.03,207008.66
EL,2022,3,1,1.9543410331468323e-05,0.4807610540917492,6.45,2.46,207008.66
EL,2022,4,1,2.0103190843006133e-05,0.4986640875221436,13.08,1.88,207008.66
EL,2022,5,1,1.700085361772895e-05,0.5632649522464817,17.89,1.27,207008.66
EL,2022,6,1,1.7478494818380742e-05,0.5484808317713294,22.97,2.25,207008.66
EL,2022,7,1,2.0731071487627756e-05,0.5470337465068753,24.96,1.04,207008.66
EL,2022,8,1,2.2555507632358325e-05,0.5260043107404049,24.41,2.21,207008.66
EL,2022,9,1,1.714442181950121e-05,0.5441650451663064,20.48,1.33,207008.66
EL,2022,10,1,2.022855005040355e-05,0.5225279980786777,16.36,1.41,207008.66
EL,2022,11,1,2.5031043159134488e-05,0.5036870929961829,12.77,3.8,207008.66
EL,2022,12,1,2.7074254535947375e-05,0.5070167740213782,10.06,2.35,207008.66
EL,2023,1,1,2.2056040962436077e-05,0.5229023338082827,7.91,4.07,224686.24
EL,2023,2,1,2.5988360162406893e-05,0.5009941061057935,6.63,0.91,224686.24
EL,2023,3,1,1.7527145181040516e-05,0.4966218735253942,10.17,2.24,224686.24
EL,2023,4,1,1.5151124064826473e-05,0.5332402050894491,11.95,2.88,224686.24
EL,2023,5,1,1.8210436773653646e-05,0.5754844533548356,16.04,3.4,224686.24
EL,2023,6,1,1.8280175627849162e-05,0.5690528416333493,21.04,2.4,224686.24
EL,2023,7,1,1.9048001993237218e-05,0.5598818885765658,26.26,0.33,224686.24
EL,2023,8,1,1.8954556106123094e-05,0.5282650950783073,25.18,0.53,224686.24
EL,2023,9,1,1.812649290007575e-05,0.5108806710805112,21.46,4.73,224686.24
EL,2023,10,1,2.1231720862651256e-05,0.5220109874741051,18.01,0.89,224686.24
EL,2023,11,1,2.3149653459738182e-05,0.5300692983932009,13.29,3.98,224686.24
EL,2023,12,1,2.9858910565347472e-05,0.5206043166162139,9.37,2.32,224686.24
EL,2024,1,1,1.9182839164172026e-05,0.5116011318918365,7.27,2.88,236735.95
EL,2024,2,1,2.0493023960411724e-05,0.5069513630660023,9.88,2.15,236735.95
EL,2024,3,1,1.7726959007356264e-05,0.5298594001256217,11.28,2.62,236735.95
EL,2024,4,1,2.2869113432467636e-05,0.5554518652657422,15.69,1.57,236735.95
EL,2024,5,1,1.6666971552635522e-05,0.5600587057538369,17.48,1.79,236735.95
EL,2024,6,1,1.578727645854046e-05,0.5164640596064694,25.22,0.36,236735.95
EL,2024,7,1,2.0599022348106656e-05,0.4999569933046065,26.82,0.62,236735.95
EL,2024,8,1,2.102667596231758e-05,0.4852643947897328,26.01,1.05,236735.95
EL,2024,9,1,1.9280065221311484e-05,0.49709024544152397,21.14,1.86,236735.95
EL,2024,10,1,2.1132726541386536e-05,0.507506888460913,16.74,0.48,236735.95
EL,2024,11,1,2.5503161027053616e-05,0.47109803363434744,10.71,3.54,236735.95
EL,2024,12,1,3.028328071789496e-05,0.47605420618414834,8.31,5.13,236735.95
HR,2019,1,1,3.239100823201761e-05,0.41240883186863986,1.38,2.6,55767.81
HR,2019,2,1,3.094258641042179e-05,0.3904838045026631,5.14,1.8,55767.81
HR,2019,3,1,2.4910123094604812e-05,0.3946665431267724,9.33,1.71,55767.81
HR,2019,4,1,2.7270117896204638e-05,0.5020528104815972,12.0,4.15,55767.81
HR,2019,5,1,2.08339263881454e-05,0.6621127769560624,13.24,6.41,55767.81
HR,2019,6,1,2.023402124124568e-05,0.7187061506413203,22.75,2.29,55767.81
HR,2019,7,1,1.986425830125245e-05,0.7297915973615464,22.57,2.77,55767.81
HR,2019,8,1,2.0617888966293362e-05,0.726665145132705,23.2,2.12,55767.81
HR,2019,9,1,2.137840103709856e-05,0.6815228342331889,17.66,3.23,55767.81
HR,2019,10,1,2.333515020729723e-05,0.6379238097203295,13.74,1.78,55767.81
HR,2019,11,1,2.8009321101436035e-05,0.5475278670536361,10.28,7.39,55767.81
HR,2019,12,1,3.106189302629262e-05,0.48554580084730947,5.4,4.27,55767.81
HR,2020,1,1,3.675337826357614e-05,0.45466275643738185,2.37,0.78,50717.77
HR,2020,2,1,3.141901103706654e-05,0.44342436224190573,7.21,1.83,50717.77
HR,2020,3,1,2.3872181812664294e-05,0.442375828037043,7.79,2.03,50717.77
HR,2020,4,1,2.31202295646897e-05,0.5047638906431416,12.3,0.93,50717.77
HR,2020,5,1,2.1332607221112403e-05,0.6709807528915444,15.37,2.69,50717.77
HR,2020,6,1,1.911947786686436e-05,0.7140385769376567,19.54,3.6,50717.77
HR,2020,7,1,2.065293734404573e-05,0.7274894513416181,21.86,2.24,50717.77
HR,2020,8,1,2.1113779501359486e-05,0.7261476458276022,22.92,4.19,50717.77
HR,2020,9,1,2.3522818176728824e-05,0.6825917245834515,18.31,3.14,50717.77
HR,2020,10,1,2.419655021311671e-05,0.642437821587042,12.74,5.55,50717.77
HR,2020,11,1,2.8377291827835673e-05,0.5409742893809169,7.08,1.41,50717.77
HR,2020,12,1,2.7930492386440847e-05,0.4812200948191027,5.06,5.29,50717.77
HR,2021,1,1,3.7255302520806184e-05,0.4327420988997696,2.99,4.43,58390.36
HR,2021,2,1,2.2744480070666184e-05,0.41448379012041814,5.85,1.99,58390.36
HR,2021,3,1,2.636853251599425e-05,0.4035627686102937,6.64,1.47,58390.36
HR,2021,4,1,2.051193771784981e-05,0.4761112072503352,9.29,3.15,58390.36
HR,2021,5,1,1.9291631329460703e-05,0.6527962574006797,14.74,3.7,58390.36
HR,2021,6,1,2.1135920733235873e-05,0.7215374872953698,22.37,0.66,58390.36
HR,2021,7,1,1.9486039064922503e-05,0.7067926796060143,23.85,3.19,58390.36
HR,2021,8,1,1.8823298677088944e-05,0.7141690727050951,21.73,2.15,58390.36
HR,2021,9,1,2.1877197536822986e-05,0.6799235539977658,17.87,2.05,58390.36
HR,2021,10,1,2.7526688309329042e-05,0.6413162223654449,10.72,3.15,58390.36
HR,2021,11,1,3.686879116123089e-05,0.513958748565498,7.69,5.14,58390.36
HR,2021,12,1,4.2489034114434685e-05,0.4636390966572819,4.18,4.34,58390.36
HR,2022,1,1,3.54427642156137e-05,0.4339124638737818,2.35,1.33,67609.45
HR,2022,2,1,3.5043607915604733e-05,0.41230088687316296,5.69,1.79,67609.45
HR,2022,3,1,2.6664296585718872e-05,0.38252967199056637,6.07,1.29,67609.45
HR,2022,4,1,2.0910915270505705e-05,0.46315890362041867,10.52,2.74,67609.45
HR,2022,5,1,2.197474812882334e-05,0.6507279907065222,17.89,2.01,67609.45
HR,2022,6,1,2.185150089750821e-05,0.711397371734913,22.7,2.05,67609.45
HR,2022,7,1,2.169599117451798e-05,0.6901804347864401,23.69,1.1,67609.45
HR,2022,8,1,2.259833584306258e-05,0.653511300261913,22.91,2.08,67609.45
HR,2022,9,1,2.0963497277428934e-05,0.648915868816771,16.95,6.12,67609.45
HR,2022,10,1,2.5200813430054297e-05,0.603015231115206,14.6,0.72,67609.45
HR,2022,11,1,3.20501011664315e-05,0.5525242065632348,8.56,5.26,67609.45
HR,2022,12,1,2.8144042182951502e-05,0.4917561609621429,5.85,4.98,67609.45
HR,2023,1,1,3.249552023230489e-05,0.4603324076056452,4.98,5.2,79186.33
HR,2023,2,1,3.066119257065456e-05,0.41427515846525315,4.07,2.08,79186.33
HR,2023,3,1,2.4204317699336633e-05,0.4103357605739008,8.75,2.56,79186.33
HR,2023,4,1,2.245550275808502e-05,0.4950394588560246,10.35,3.26,79186.33
HR,2023,5,1,2.2366245942583386e-05,0.655861164371556,16.03,5.18,79186.33
HR,2023,6,1,2.3622306813545953e-05,0.719045504298211,20.59,2.66,79186.33
HR,2023,7,1,2.1785097609831868e-05,0.7214343348910657,23.71,2.86,79186.33
HR,2023,8,1,2.0182083915732145e-05,0.7235373923462279,22.54,3.91,79186.33
HR,2023,9,1,2.4165034865624785e-05,0.6807192680366057,20.09,2.4,79186.33
HR,2023,10,1,2.3416775829317223e-05,0.6353859268232892,16.18,4.03,79186.33
HR,2023,11,1,3.200823068145357e-05,0.5849824412236723,8.72,5.64,79186.33
HR,2023,12,1,3.584532644624162e-05,0.49939069037146916,5.88,3.1,79186.33
HR,2024,1,1,2.7060087279505853e-05,0.4485691421178135,3.49,2.84,85905.23
HR,2024,2,1,2.8196133057701354e-05,0.4251338765609954,9.0,2.24,85905.23
HR,2024,3,1,2.2422086547594886e-05,0.4390402452505282,10.53,3.62,85905.23
HR,2024,4,1,2.3440542939527978e-05,0.5613391325178176,13.48,2.09,85905.23
HR,2024,5,1,2.196961984701002e-05,0.689079709871265,17.15,4.21,85905.23
HR,2024,6,1,1.9713312704912202e-05,0.704024424837456,21.84,3.0,85905.23
HR,2024,7,1,1.92738035016435e-05,0.7187204503717385,24.89,0.86,85905.23
HR,2024,8,1,2.210572174577993e-05,0.6841779232574488,25.28,1.68,85905.23
HR,2024,9,1,2.2625184016295292e-05,0.6453883540866653,18.1,5.62,85905.23
HR,2024,10,1,2.5364851691378833e-05,0.6326538811898884,14.17,4.08,85905.23
HR,2024,11,1,3.094266405322561e-05,0.5473256740426894,6.7,2.55,85905.23
HR,2024,12,1,3.892045452784849e-05,0.49428699659276354,3.66,2.81,85905.23
HU,2019,1,1,4.7355957198358515e-05,0.3909575796966858,-0.41,1.58,147373.18
HU,2019,2,1,4.672641487497993e-05,0.3440861459048156,3.86,0.68,147373.18
HU,2019,3,1,3.6389434527137836e-05,0.3461798723671073,8.92,0.61,147373.18
HU,2019,4,1,3.4755915258287496e-05,0.475320894867604,12.87,2.02,147373.18
HU,2019,5,1,2.637267345590002e-05,0.6187947631538283,14.0,4.68,147373.18
HU,2019,6,1,2.4428501072760707e-05,0.6760455684921877,23.2,2.55,147373.18
HU,2019,7,1,2.4371005830480275e-05,0.6503122021130997,22.07,1.97,147373.18
HU,2019,8,1,2.5035728028783797e-05,0.6369654552403441,23.09,1.91,147373.18
HU,2019,9,1,2.7530801134742942e-05,0.5624107678149894,17.1,1.73,147373.18
HU,2019,10,1,3.5137574828470426e-05,0.4987397946710709,12.77,1.03,147373.18
HU,2019,11,1,3.742569571173121e-05,0.45566859358333295,9.11,3.17,147373.18
HU,2019,12,1,4.3946082956705554e-05,0.4457466925687474,3.55,2.25,147373.18
HU,2020,1,1,5.3662545192835575e-05,0.4066027792114164,-0.46,0.7,138954.49
HU,2020,2,1,4.081872826821963e-05,0.39823053407718606,5.71,1.63,138954.49
HU,2020,3,1,3.110031673544854e-05,0.41942279654165326,7.08,1.36,138954.49
HU,2020,4,1,2.852135832410753e-05,0.49852024746824913,12.04,0.51,138954.49
HU,2020,5,1,2.57193985634461e-05,0.5872677134353922,14.65,1.86,138954.49
HU,2020,6,1,2.4684825582056108e-05,0.6317108258075153,19.92,4.87,138954.49
HU,2020,7,1,2.34604255355231e-05,0.6691485132692009,21.5,2.94,138954.49
HU,2020,8,1,2.5021267480992186e-05,0.6718939018369123,22.84,2.62,138954.49
HU,2020,9,1,2.8027606798715158e-05,0.5769106978004921,18.02,1.75,138954.49
HU,2020,10,1,3.2721229149881064e-05,0.5087215665647803,11.95,3.53,138954.49
HU,2020,11,1,4.1355841318358736e-05,0.4954019444243036,5.42,0.75,138954.49
HU,2020,12,1,3.3863988732365855e-05,0.4406562441099533,3.82,1.85,138954.49
HU,2021,1,1,3.699749681299839e-05,0.40170090411617465,1.74,1.68,154971.73
HU,2021,2,1,3.0328490243202264e-05,0.3701546277089357,2.9,1.7,154971.73
HU,2021,3,1,3.5496000954618844e-05,0.363108335407827,5.56,0.68,154971.73
HU,2021,4,1,3.095423958568883e-05,0.45501251501669476,9.01,1.81,154971.73
HU,2021,5,1,2.5722865117454764e-05,0.6008492915855681,14.39,3.28,154971.73
HU,2021,6,1,2.5109745837607315e-05,0.6686503696306837,22.66,0.59,154971.73
HU,2021,7,1,2.387817491227931e-05,0.6176735068569692,24.17,2.43,154971.73
HU,2021,8,1,2.2823926242432828e-05,0.6149209616700887,20.75,1.99,154971.73
HU,2021,9,1,2.896960141544845e-05,0.5515404047912359,17.0,1.5,154971.73
HU,2021,10,1,3.668533295166829e-05,0.5039295164803327,10.02,1.06,154971.73
HU,2021,11,1,4.8845282015279765e-05,0.41450113036344394,5.62,1.64,154971.73
HU,2021,12,1,5.459185521861719e-05,0.3900186812079328,1.81,2.15,154971.73
HU,2022,1,1,4.722858895410383e-05,0.37882895493482993,1.05,0.54,168546.15
HU,2022,2,1,4.397460878960962e-05,0.34363178443306597,4.88,0.85,168546.15
HU,2022,3,1,3.234814462752711e-05,0.32718552363092546,5.52,0.74,168546.15
HU,2022,4,1,3.1952132902463315e-05,0.42400566317174626,9.93,2.09,168546.15
HU,2022,5,1,2.719449284363108e-05,0.5926413021555763,17.86,1.29,168546.15
HU,2022,6,1,2.7432106883234767e-05,0.6402888619623812,22.58,1.82,168546.15
HU,2022,7,1,2.721167818256913e-05,0.5536681183453778,23.61,0.96,168546.15
HU,2022,8,1,2.806908742419e-05,0.4936074668134317,23.66,2.08,168546.15
HU,2022,9,1,2.7333257560655743e-05,0.5210197074461235,15.95,4.12,168546.15
HU,2022,10,1,3.111859012813613e-05,0.5465570836113607,12.84,0.75,168546.15
HU,2022,11,1,4.7951076899649174e-05,0.5015935749703309,6.77,2.04,168546.15
HU,2022,12,1,4.413042785360582e-05,0.45886282786812466,2.85,2.38,168546.15
HU,2023,1,1,4.124695384713434e-05,0.45529340852758493,4.27,2.9,197178.65
HU,2023,2,1,3.767545532496917e-05,0.41743262014424004,3.24,0.93,197178.65
HU,2023,3,1,3.180240045941318e-05,0.42505245885183296,7.9,1.69,197178.65
HU,2023,4,1,3.052071410091782e-05,0.529712968116778,9.83,2.23,197178.65
HU,2023,5,1,2.4941868058821652e-05,0.6454319510481604,16.24,2.92,197178.65
HU,2023,6,1,2.55083358765689e-05,0.6782431916382697,20.34,2.58,197178.65
HU,2023,7,1,2.6344198603382428e-05,0.6372709010306497,23.3,2.32,197178.65
HU,2023,8,1,2.575033818499379e-05,0.6309030435964024,22.68,2.48,197178.65
HU,2023,9,1,2.8327820155214185e-05,0.5495411518903754,20.05,1.78,197178.65
HU,2023,10,1,3.254296396810003e-05,0.494007781611564,14.56,2.34,197178.65
HU,2023,11,1,3.850888378528233e-05,0.47906736124958876,6.51,3.49,197178.65
HU,2023,12,1,4.396375211011954e-05,0.43115174671288947,2.73,2.83,197178.65
HU,2024,1,1,3.261248459399416e-05,0.382569324463957,1.4,1.51,206040.13
HU,2024,2,1,3.643428306945002e-05,0.36384356828526176,8.33,1.1,206040.13
HU,2024,3,1,2.7610101649472522e-05,0.4274235082577965,9.61,1.36,206040.13
HU,2024,4,1,2.9187696903199503e-05,0.5450155923106068,13.37,1.62,206040.13
HU,2024,5,1,2.6137682506811908e-05,0.635898240995837,17.52,2.34,206040.13
HU,2024,6,1,2.3143843048171e-05,0.6496004091445684,21.59,3.53,206040.13
HU,2024,7,1,2.2970244390374313e-05,0.6292400902750835,24.63,1.09,206040.13
HU,2024,8,1,2.858676523663371e-05,0.5499340399489695,24.71,0.88,206040.13
HU,2024,9,1,2.8464529491381296e-05,0.48417195405462604,17.9,3.81,206040.13
HU,2024,10,1,3.3678829297798095e-05,0.5378097380496223,11.6,1.95,206040.13
HU,2024,11,1,4.305783699138918e-05,0.47173863402577393,3.67,0.97,206040.13
HU,2024,12,1,4.92229421154589e-05,0.452485495455625,2.1,0.98,206040.13
IE,2019,1,1,5.29875858132321e-06,0.706073472134088,6.21,1.98,363752.63
IE,2019,2,1,1.956541311957285e-05,0.7224330639915977,7.81,2.58,363752.63
IE,2019,3,1,1.5038742473095686e-05,0.7031731825667854,7.23,4.62,363752.63
IE,2019,4,1,2.6324102082262654e-05,0.6677377875048728,9.01,3.27,363752.63
IE,2019,5,1,2.07026673402585e-05,0.7009857502560687,10.81,1.86,363752.63
IE,2019,6,1,2.0145431490743795e-05,0.7193151704261628,12.63,3.39,363752.63
IE,2019,7,1,1.7928729599746048e-05,0.7224045584406209,15.8,2.37,363752.63
IE,2019,8,1,1.1702638913302661e-05,0.7043193178548435,15.05,5.68,363752.63
IE,2019,9,1,1.9255583229956712e-05,0.7455666156437659,13.36,3.51,363752.63
IE,2019,10,1,1.8657888542256768e-05,0.7327528493694452,9.44,3.63,363752.63
IE,2019,11,1,2.0272387286314118e-05,0.7142752641673076,6.52,3.97,363752.63
IE,2019,12,1,1.063713838856807e-05,0.682906732216353,6.44,3.26,363752.63
IE,2020,1,1,1.2659636320614944e-05,0.6760016956383583,6.38,2.8,381728.69
IE,2020,2,1,9.516106372870954e-06,0.6703167185309824,5.82,7.27,381728.69
IE,2020,3,1,1.742421342468118e-05,0.6663347775610764,6.3,2.46,381728.69
IE,2020,4,1,2.3202598589795236e-05,0.6625650319865373,9.62,1.47,381728.69
IE,2020,5,1,1.9835002283126297e-05,0.6879963914415174,11.98,1.11,381728.69
IE,2020,6,1,1.683186689114208e-05,0.6888309908036494,13.34,3.87,381728.69
IE,2020,7,1,1.2463401985434315e-05,0.7249427324365465,13.95,3.87,381728.69
IE,2020,8,1,1.732896483147472e-05,0.7410173906590343,15.23,5.33,381728.69
IE,2020,9,1,2.004640606470439e-05,0.743276799616885,13.16,2.1,381728.69
IE,2020,10,1,1.6176781777909786e-05,0.730638024231674,9.71,4.54,381728.69
IE,2020,11,1,2.1926195422873867e-05,0.7244103216426991,8.53,4.33,381728.69
IE,2020,12,1,1.0471993108021749e-05,0.6991894627702362,5.53,4.25,381728.69
IE,2021,1,1,7.848031773658345e-06,0.6726735421440571,4.31,3.93,448445.12
IE,2021,2,1,2.0762520181915953e-05,0.6744931544914011,6.07,4.97,448445.12
IE,2021,3,1,2.204838855381643e-05,0.6684173493651483,7.37,2.51,448445.12
IE,2021,4,1,2.297462844933531e-05,0.6755693813394077,7.55,1.15,448445.12
IE,2021,5,1,1.4056488034242297e-05,0.6901071756365897,9.56,4.4,448445.12
IE,2021,6,1,1.8678221576889916e-05,0.7147409703909615,13.43,1.35,448445.12
IE,2021,7,1,1.9897592057697227e-05,0.7388277357336306,16.61,2.48,448445.12
IE,2021,8,1,1.8923534348744585e-05,0.7445799987586171,15.18,3.2,448445.12
IE,2021,9,1,1.5051666017311204e-05,0.7607302502710462,14.65,2.73,448445.12
IE,2021,10,1,1.4201971928512651e-05,0.748529548226578,11.56,5.02,448445.12
IE,2021,11,1,1.4406970779259397e-05,0.7408302232394558,8.51,1.63,448445.12
IE,2021,12,1,1.4441746836944289e-05,0.7194506187349906,7.41,3.69,448445.12
IE,2022,1,1,1.896194995233945e-05,0.7024664912661372,6.41,1.48,520718.39
IE,2022,2,1,1.0183028267934069e-05,0.694060085475857,7.06,4.64,520718.39
IE,2022,3,1,2.097892550446909e-05,0.6707420079974706,7.11,2.24,520718.39
IE,2022,4,1,1.861906685463829e-05,0.6503702734022703,8.8,2.41,520718.39
IE,2022,5,1,1.4475312376061969e-05,0.6860246192341221,11.98,2.61,520718.39
IE,2022,6,1,1.5869961893705627e-05,0.7291977707376391,13.31,3.45,520718.39
IE,2022,7,1,1.5665106758098767e-05,0.7039575675450703,15.74,1.57,520718.39
IE,2022,8,1,1.9159473041825116e-05,0.7193369138145085,15.9,1.63,520718.39
IE,2022,9,1,1.5981741593516144e-05,0.7101759600709188,13.43,3.87,520718.39
IE,2022,10,1,1.552696006677269e-05,0.7427945692311668,11.96,6.21,520718.39
IE,2022,11,1,1.559709035328262e-05,0.7499178430647916,8.94,4.96,520718.39
IE,2022,12,1,1.839747355857285e-05,0.6988239584011205,4.34,3.02,520718.39
IE,2023,1,1,1.555620332638758e-05,0.6685333509868762,6.15,3.15,524728.75
IE,2023,2,1,1.4469928602155688e-05,0.6665719466761063,7.58,1.06,524728.75
IE,2023,3,1,1.739913354378243e-05,0.6710052067161755,7.02,4.96,524728.75
IE,2023,4,1,1.94294353051483e-05,0.6726700718426281,9.14,2.81,524728.75
IE,2023,5,1,2.0929462124088334e-05,0.6849908478934597,12.52,1.87,524728.75
IE,2023,6,1,2.5192402730640678e-05,0.7179824807560767,16.36,3.38,524728.75
IE,2023,7,1,1.2011534941556212e-05,0.7214598921640797,14.55,5.45,524728.75
IE,2023,8,1,1.3605202038357372e-05,0.7195854031187948,15.13,3.83,524728.75
IE,2023,9,1,1.88296199350876e-05,0.7282979559855071,14.61,4.93,524728.75
IE,2023,10,1,1.9848709263632415e-05,0.7158680331795023,11.28,4.51,524728.75
IE,2023,11,1,1.621502283667424e-05,0.7164515978115079,7.94,3.51,524728.75
IE,2023,12,1,9.265524472310495e-06,0.6969008645324352,7.61,4.61,524728.75
IE,2024,1,1,1.234508089948946e-05,0.6834072612552795,4.95,2.84,562794.21
IE,2024,2,1,8.718456586432118e-06,0.6871700938340058,7.57,3.76,562794.21
IE,2024,3,1,1.3199892503053523e-05,0.6775749727183853,7.39,4.29,562794.21
IE,2024,4,1,1.3537197253146206e-05,0.678566687071582,9.04,3.6,562794.21
IE,2024,5,1,1.9297612265609037e-05,0.7090621296255798,12.52,2.6,562794.21
IE,2024,6,1,1.5108462832580435e-05,0.7023438410629326,12.71,2.04,562794.21
IE,2024,7,1,1.3124780317976184e-05,0.7168566482093927,14.22,2.4,562794.21
IE,2024,8,1,1.1556893090046577e-05,0.7185047817312723,14.75,3.52,562794.21
IE,2024,9,1,2.6466631645296055e-05,0.7369092445977745,12.75,1.82,562794.21
IE,2024,10,1,2.2399758878822104e-05,0.7243896487109995,11.21,3.25,562794.21
IE,2024,11,1,1.9917530553544605e-05,0.7156619827059194,8.54,3.16,562794.21
IE,2024,12,1,1.7751042923257356e-05,0.6997510422450971,7.5,2.83,562794.21
IT,2019,1,1,6.372649775962881e-05,0.4534118287943921,2.55,2.25,1804066.8
IT,2019,2,1,6.644906452038953e-05,0.43268521143288863,5.87,1.95,1804066.8
IT,2019,3,1,4.382030952272726e-05,0.4437676930745343,8.91,1.24,1804066.8
IT,2019,4,1,3.645355897860783e-05,0.5049482056737078,10.91,4.36,1804066.8
IT,2019,5,1,3.14874976396141e-05,0.5823736628261589,12.58,4.93,1804066.8
IT,2019,6,1,2.877180642874564e-05,0.5961695681063799,21.83,1.6,1804066.8
IT,2019,7,1,2.887750497182694e-05,0.5774023720679539,23.03,2.71,1804066.8
IT,2019,8,1,2.7813077265810177e-05,0.5826709665141757,23.01,2.15,1804066.8
IT,2019,9,1,3.1657703305383216e-05,0.5700975828440173,18.77,2.87,1804066.8
IT,2019,10,1,3.6764113672791255e-05,0.550819740700668,15.12,3.04,1804066.8
IT,2019,11,1,3.956206747436079e-05,0.5201843785127948,9.73,9.05,1804066.8
IT,2019,12,1,5.404865061192588e-05,0.4994461732015257,6.62,3.49,1804066.8
IT,2020,1,1,6.842051030734183e-05,0.4666167803439971,4.89,0.67,1670011.9
IT,2020,2,1,5.5164990847486236e-05,0.4512963680259666,7.31,0.96,1670011.9
IT,2020,3,1,3.4608939201569535e-05,0.46761146787857033,7.74,3.34,1670011.9
IT,2020,4,1,2.963961306806842e-05,0.5212761758476459,11.7,2.0,1670011.9
IT,2020,5,1,2.96092390455817e-05,0.5848411753362942,16.2,2.68,1670011.9
IT,2020,6,1,2.6163944304602063e-05,0.5918377729765035,18.75,3.77,1670011.9
IT,2020,7,1,2.8457752491034414e-05,0.5932682088076866,22.27,1.73,1670011.9
IT,2020,8,1,2.7295519523088085e-05,0.5810934179997294,22.91,3.19,1670011.9
IT,2020,9,1,3.2272140428050914e-05,0.5516254498493187,18.98,2.97,1670011.9
IT,2020,10,1,3.757296915648997e-05,0.544772910490484,12.66,4.38,1670011.9
IT,2020,11,1,5.349089709583558e-05,0.5194030161787897,9.73,1.64,1670011.9
IT,2020,12,1,4.372619599731566e-05,0.5051698226387609,5.67,5.76,1670011.9
IT,2021,1,1,5.4324585798472654e-05,0.47337521026976626,3.6,4.21,1842507.4
IT,2021,2,1,4.356944289220499e-05,0.46263436297762034,6.76,2.17,1842507.4
IT,2021,3,1,4.495546736938007e-05,0.46841757635230474,7.22,1.5,1842507.4
IT,2021,4,1,3.0508463460232475e-05,0.5016481570487176,9.62,2.78,1842507.4
IT,2021,5,1,2.8202353387468823e-05,0.5667022798039478,14.52,2.81,1842507.4
IT,2021,6,1,2.891169817809876e-05,0.5779392888752927,21.12,1.67,1842507.4
IT,2021,7,1,2.7412786979890117e-05,0.5664844669918361,22.79,3.0,1842507.4
IT,2021,8,1,2.681948754996404e-05,0.5568718149270173,22.57,2.0,1842507.4
IT,2021,9,1,3.290043159673275e-05,0.5372573971925046,19.32,2.1,1842507.4
IT,2021,10,1,4.4931134253795114e-05,0.5266366901733244,12.95,3.11,1842507.4
IT,2021,11,1,5.5455314697349394e-05,0.5021950033149652,9.46,5.29,1842507.4
IT,2021,12,1,6.811049126408582e-05,0.49513441207569503,5.08,2.76,1842507.4
IT,2022,1,1,5.977731057565885e-05,0.46717082609810506,4.22,1.12,1998072.6
IT,2022,2,1,5.5389738752464524e-05,0.44883646042144315,6.17,1.62,1998072.6
IT,2022,3,1,4.508348927557196e-05,0.4442997570570896,6.7,1.38,1998072.6
IT,2022,4,1,3.334040520523154e-05,0.4897626518535406,10.63,2.3,1998072.6
IT,2022,5,1,2.880495950570585e-05,0.5766991452645083,17.23,2.31,1998072.6
IT,2022,6,1,2.807832081236403e-05,0.5704580545416069,22.61,2.04,1998072.6
IT,2022,7,1,2.9179286863048902e-05,0.5504093542396956,24.45,1.42,1998072.6
IT,2022,8,1,2.8329657410015927e-05,0.5360668457881032,23.0,2.67,1998072.6
IT,2022,9,1,2.8840388965855322e-05,0.5486896795182667,18.58,3.57,1998072.6
IT,2022,10,1,3.6482787334467887e-05,0.5376428378896997,16.0,1.74,1998072.6
IT,2022,11,1,4.7189719453725136e-05,0.526782518174196,9.94,4.59,1998072.6
IT,2022,12,1,4.423741021062609e-05,0.5137698792954424,7.14,3.06,1998072.6
IT,2023,1,1,4.937613681948524e-05,0.49271734526980504,5.23,3.16,2142601.7
IT,2023,2,1,5.692372870372053e-05,0.468604245735646,5.53,1.34,2142601.7
IT,2023,3,1,3.967604155636126e-05,0.47346817326124363,9.2,2.02,2142601.7
IT,2023,4,1,3.002904641330053e-05,0.5213912398484613,10.44,2.87,2142601.7
IT,2023,5,1,2.916558798911354e-05,0.5911145902911893,15.08,5.73,2142601.7
IT,2023,6,1,2.927466176566339e-05,0.6056572850057176,20.15,3.58,2142601.7
IT,2023,7,1,2.634169933613629e-05,0.5934695086789441,24.02,2.07,2142601.7
IT,2023,8,1,2.7325209931162064e-05,0.5722541646652022,22.71,2.87,2142601.7
IT,2023,9,1,3.1872217176909956e-05,0.5463316102186374,20.26,1.96,2142601.7
IT,2023,10,1,3.324152283005169e-05,0.5141786018560517,17.08,3.48,2142601.7
IT,2023,11,1,4.6400546563359394e-05,0.5062475439541033,9.67,3.92,2142601.7
IT,2023,12,1,5.1297811212367476e-05,0.4818571917630689,6.81,1.84,2142601.7
IT,2024,1,1,4.921038657898847e-05,0.4595924866057793,5.59,2.22,2199619.4
IT,2024,2,1,4.321740941494599e-05,0.45764287605796716,8.17,4.07,2199619.4
IT,2024,3,1,3.0503684228459267e-05,0.4894980096192756,9.55,4.48,2199619.4
IT,2024,4,1,3.044531219650205e-05,0.5384225040586392,12.08,2.6,2199619.4
IT,2024,5,1,2.5691775623782193e-05,0.5744192103356774,15.39,4.93,2199619.4
IT,2024,6,1,2.3722060447443093e-05,0.5606407562959234,20.31,3.05,2199619.4
IT,2024,7,1,2.597960255792882e-05,0.5601257682764692,24.13,1.82,2199619.4
IT,2024,8,1,2.774473370236928e-05,0.5579405019189162,24.39,1.7,2199619.4
IT,2024,9,1,2.5971113166364462e-05,0.5541352614410728,17.97,4.96,2199619.4
IT,2024,10,1,3.28882616257598e-05,0.5578275908784829,15.26,5.55,2199619.4
IT,2024,11,1,4.7020260536950196e-05,0.5416877091210553,9.16,1.35,2199619.4
IT,2024,12,1,5.5510729233610673e-05,0.5027901966688872,5.3,2.49,2199619.4
LT,2019,1,1,9.810180481822342e-06,0.3585717828649249,-3.99,2.24,49239.23
LT,2019,2,1,3.0158871466549472e-05,0.3819800940884469,1.25,1.55,49239.23
LT,2019,3,1,1.4961188635107625e-05,0.4181487770384459,3.09,1.85,49239.23
LT,2019,4,1,2.1264915411723767e-05,0.4416305425140173,8.59,0.14,49239.23
LT,2019,5,1,1.9779279231501245e-05,0.6043800129995582,12.58,2.06,49239.23
LT,2019,6,1,1.8689180829450748e-05,0.7313818656143939,20.0,1.2,49239.23
LT,2019,7,1,1.5802967489445118e-05,0.6610859301166239,16.77,2.6,49239.23
LT,2019,8,1,1.630985622795657e-05,0.638104386876277,17.68,2.29,49239.23
LT,2019,9,1,2.0721231591119824e-05,0.6366169407363281,12.7,2.15,49239.23
LT,2019,10,1,3.0094299538466368e-05,0.6039742785691444,9.15,1.98,49239.23
LT,2019,11,1,3.284142471452781e-05,0.5475213853360598,4.83,1.76,49239.23
LT,2019,12,1,3.689366497884015e-05,0.4713632995719649,2.55,1.75,49239.23
LT,2020,1,1,2.176325792774378e-05,0.45236024674567044,2.8,1.83,50264.61
LT,2020,2,1,2.0284831893954613e-05,0.4850792968553873,2.33,2.26,50264.61
LT,2020,3,1,1.8328592940703496e-05,0.4856428048051997,3.26,1.56,50264.61
LT,2020,4,1,2.1767447953027326e-05,0.4868436515399854,6.49,0.75,50264.61
LT,2020,5,1,1.544541539556213e-05,0.5981329886997054,10.2,2.25,50264.61
LT,2020,6,1,2.032971957162603e-05,0.7403676811974065,18.79,3.27,50264.61
LT,2020,7,1,1.3801494772012357e-05,0.7050512623226904,17.05,2.2,50264.61
LT,2020,8,1,1.6110441081886954e-05,0.6440917746762579,18.04,2.53,50264.61
LT,2020,9,1,2.0691013250941897e-05,0.6408665447489877,14.74,1.13,50264.61
LT,2020,10,1,2.7524188148456863e-05,0.61483267844459,10.04,2.65,50264.61
LT,2020,11,1,1.620180911404273e-05,0.5943472143741734,5.26,1.56,50264.61
LT,2020,12,1,3.178119132735624e-05,0.483058487442752,0.4,1.39,50264.61
LT,2021,1,1,1.6313385945517283e-05,0.3812822951892235,-3.42,2.33,56709.12
LT,2021,2,1,3.2481500306089935e-05,0.3803622393250386,-5.42,0.56,56709.12
LT,2021,3,1,1.6646812261459268e-05,0.3686024961973294,1.69,1.27,56709.12
LT,2021,4,1,2.272540910604018e-05,0.41622407011510665,5.86,1.75,56709.12
LT,2021,5,1,1.8063457066885177e-05,0.5934273650462772,11.17,4.03,56709.12
LT,2021,6,1,1.86503103039317e-05,0.7544199213237824,19.21,1.42,56709.12
LT,2021,7,1,1.8571258244686454e-05,0.7085740231462071,21.93,2.44,56709.12
LT,2021,8,1,1.6605426244708425e-05,0.6320351529531881,16.04,4.83,56709.12
LT,2021,9,1,2.0659405388263096e-05,0.6626754282843146,11.3,1.94,56709.12
LT,2021,10,1,2.888026597454086e-05,0.6223519464925775,8.23,1.34,56709.12
LT,2021,11,1,1.9815465125401355e-05,0.5791991653108227,3.86,3.1,56709.12
LT,2021,12,1,1.880049233829468e-05,0.4569412837491153,-3.51,1.66,56709.12
LT,2022,1,1,3.379776610318077e-05,0.36896224256616855,-0.31,2.63,67081.12
LT,2022,2,1,2.8412216794383835e-05,0.39493201214367807,1.11,2.99,67081.12
LT,2022,3,1,1.7823178156588744e-05,0.41596927376557047,1.46,0.15,67081.12
LT,2022,4,1,1.818460681147232e-05,0.4027719993352418,5.74,1.93,67081.12
LT,2022,5,1,1.5393687813583307e-05,0.5811708825088966,10.66,2.83,67081.12
LT,2022,6,1,1.6783513022387764e-05,0.7350235497778901,17.35,3.73,67081.12
LT,2022,7,1,1.3854369831069154e-05,0.7191793370021909,17.61,3.95,67081.12
LT,2022,8,1,1.919790639269769e-05,0.6625127406930664,20.27,1.1,67081.12
LT,2022,9,1,1.8081508837125154e-05,0.6224185034623223,10.41,1.22,67081.12
LT,2022,10,1,2.5548746299192448e-05,0.5999282282758783,9.71,1.36,67081.12
LT,2022,11,1,2.873729930074885e-05,0.5511447312484347,2.69,1.17,67081.12
LT,2022,12,1,2.60274114513282e-05,0.42977879966833304,-2.66,2.46,67081.12
LT,2023,1,1,2.7572407777008882e-05,0.3617469675528425,0.2,2.99,74316.97
LT,2023,2,1,1.1492187941170655e-05,0.4080122371669064,-0.19,1.82,74316.97
LT,2023,3,1,1.8505195549939925e-05,0.39590814311727757,2.53,1.98,74316.97
LT,2023,4,1,2.1920023634786094e-05,0.4780961575474397,8.11,1.19,74316.97
LT,2023,5,1,1.6985792918146483e-05,0.6357116343629885,12.18,0.56,74316.97
LT,2023,6,1,1.5868366641820163e-05,0.7154240490858873,17.1,1.83,74316.97
LT,2023,7,1,1.559014681004549e-05,0.6870656602748,17.43,2.4,74316.97
LT,2023,8,1,1.8122445732932535e-05,0.6385278113299446,19.42,4.05,74316.97
LT,2023,9,1,2.2497213719745672e-05,0.6511813878474663,16.46,1.07,74316.97
LT,2023,10,1,2.017300712941767e-05,0.6382022864900806,7.83,4.05,74316.97
LT,2023,11,1,2.1473139972325796e-05,0.5540414205693058,2.04,1.97,74316.97
LT,2023,12,1,-4.228815041926474e-06,0.4288508974120557,0.05,2.54,74316.97
LT,2024,1,1,1.814689427582748e-05,0.39825737084033996,-4.3,1.93,78996.19
LT,2024,2,1,1.7429101909782698e-05,0.43893043787692043,2.12,2.55,78996.19
LT,2024,3,1,2.1120249750753974e-05,0.46224756913751824,4.3,0.87,78996.19
LT,2024,4,1,2.292533985379217e-05,0.5204466945108442,8.44,2.59,78996.19
LT,2024,5,1,1.8836594089786982e-05,0.6699087709172189,15.21,1.27,78996.19
LT,2024,6,1,1.690919073080733e-05,0.745103255993398,17.59,2.08,78996.19
LT,2024,7,1,1.6217208492221487e-05,0.6771885383772839,19.49,5.0,78996.19
LT,2024,8,1,1.8083424449721484e-05,0.6503752001586972,18.87,1.64,78996.19
LT,2024,9,1,2.0019537763674177e-05,0.6329984996392695,16.7,1.4,78996.19
LT,2024,10,1,2.535902483184915e-05,0.6567157955619171,8.53,1.44,78996.19
LT,2024,11,1,3.0765454728047854e-05,0.5729873733244145,3.8,1.61,78996.19
LT,2024,12,1,1.8923312359973897e-05,0.4638761538017835,1.78,1.85,78996.19
LU,2019,1,1,6.392589651557109e-05,0.5620574843292805,0.5,2.56,62415.03
LU,2019,2,1,7.222002347069584e-05,0.5742687565281844,4.47,1.67,62415.03
LU,2019,3,1,7.113238581190354e-05,0.5125539382588021,6.22,3.74,62415.03
LU,2019,4,1,5.514804522653726e-05,0.6170384460373916,8.82,2.41,62415.03
LU,2019,5,1,4.882168439144968e-05,0.704027621703345,10.26,2.79,62415.03
LU,2019,6,1,3.565918064527094e-05,0.7255692430766675,17.88,2.34,62415.03
LU,2019,7,1,3.396236403156983e-05,0.6587846202636087,18.17,1.73,62415.03
LU,2019,8,1,3.301575152095618e-05,0.6495072784596877,17.79,2.36,62415.03
LU,2019,9,1,4.414904260535037e-05,0.6783906736180462,13.33,2.03,62415.03
LU,2019,10,1,4.788119277329866e-05,0.6622169854414177,10.26,4.47,62415.03
LU,2019,11,1,5.87612739858893e-05,0.6445800676391208,4.41,3.96,62415.03
LU,2019,12,1,7.850478499872112e-05,0.6414064953368559,3.87,3.89,62415.03
LU,2020,1,1,6.656260348592014e-05,0.6253318412173097,3.52,2.12,64499.24
LU,2020,2,1,5.5879426489601385e-05,0.583876072676291,4.7,6.14,64499.24
LU,2020,3,1,5.561697892597704e-05,0.5779141474427599,5.28,3.19,64499.24
LU,2020,4,1,4.168498567867334e-05,0.6220082117688885,11.14,0.95,64499.24
LU,2020,5,1,3.776407186051238e-05,0.7123755133832821,12.16,1.32,64499.24
LU,2020,6,1,2.7499499447685594e-05,0.7160866008560443,15.63,3.0,64499.24
LU,2020,7,1,2.796554319563536e-05,0.6808495709687175,17.08,1.1,64499.24
LU,2020,8,1,3.417616522659947e-05,0.6023355756996963,19.68,1.74,64499.24
LU,2020,9,1,5.021671996603161e-05,0.5734859707061829,15.22,2.28,64499.24
LU,2020,10,1,3.042035921222531e-05,0.6337977524972367,9.44,3.94,64499.24
LU,2020,11,1,5.466266290494322e-05,0.6468968610843073,6.29,0.98,64499.24
LU,2020,12,1,4.3633298052704215e-05,0.6193587158672088,3.49,4.72,64499.24
LU,2021,1,1,5.5906165077357575e-05,0.5604792835330649,0.53,4.19,73039.5
LU,2021,2,1,5.331155353930129e-05,0.5232370279579178,3.5,2.36,73039.5
LU,2021,3,1,5.949076685050334e-05,0.5573378122950862,4.99,2.32,73039.5
LU,2021,4,1,5.150145152275415e-05,0.5775528188799026,5.68,1.89,73039.5
LU,2021,5,1,3.728693255915332e-05,0.6455871587804818,9.47,3.99,73039.5
LU,2021,6,1,3.3162449758271525e-05,0.7228607688879244,17.57,4.09,73039.5
LU,2021,7,1,2.9435630423297013e-05,0.7311414715240538,16.47,6.08,73039.5
LU,2021,8,1,2.672314258066923e-05,0.6863306972940086,15.41,3.39,73039.5
LU,2021,9,1,3.7165309501455274e-05,0.7221100319140745,14.6,1.69,73039.5
LU,2021,10,1,4.916186122065003e-05,0.699298484953628,9.25,3.02,73039.5
LU,2021,11,1,8.523647551925732e-05,0.6365057996293386,3.96,1.97,73039.5
LU,2021,12,1,6.63444233419772e-05,0.6065874440102701,3.41,2.9,73039.5
LU,2022,1,1,6.941816403580732e-05,0.5836745049942109,1.69,3.14,76731.2
LU,2022,2,1,5.457256993644418e-05,0.561905188730022,4.09,3.45,76731.2
LU,2022,3,1,5.862489860578384e-05,0.5602732373428638,6.2,1.08,76731.2
LU,2022,4,1,4.1425895094431115e-05,0.5645225829583536,7.96,2.2,76731.2
LU,2022,5,1,3.1178966064194704e-05,0.7026218749741293,14.08,1.44,76731.2
LU,2022,6,1,3.370960739754609e-05,0.6998611415036581,16.89,5.43,76731.2
LU,2022,7,1,3.149817463911159e-05,0.6505576702197732,18.46,0.54,76731.2
LU,2022,8,1,3.473550228568138e-05,0.569935051307149,19.92,1.18,76731.2
LU,2022,9,1,4.303073662240327e-05,0.6110424648302583,12.99,3.9,76731.2
LU,2022,10,1,4.4367156345939156e-05,0.6956235828498976,12.25,4.01,76731.2
LU,2022,11,1,4.242088325952098e-05,0.6693438317027488,6.95,3.1,76731.2
LU,2022,12,1,6.74806746019905e-05,0.622747474171297,2.02,3.13,76731.2
LU,2023,1,1,5.595114513076064e-05,0.6168913775580451,2.7,3.89,82115.47
LU,2023,2,1,5.749297066000564e-05,0.630554683890282,3.52,0.58,82115.47
LU,2023,3,1,5.215058822246272e-05,0.5848742064009309,5.5,4.6,82115.47
LU,2023,4,1,5.204946179200883e-05,0.638821948215382,7.19,3.02,82115.47
LU,2023,5,1,3.87151959368263e-05,0.7053661809322677,12.79,1.62,82115.47
LU,2023,6,1,3.9447407543323704e-05,0.6970317289066343,18.73,1.47,82115.47
LU,2023,7,1,2.955891502436208e-05,0.6081179546699143,17.3,3.17,82115.47
LU,2023,8,1,3.008739832420774e-05,0.7269566524230915,16.87,3.91,82115.47
LU,2023,9,1,3.865323640214543e-05,0.7395832390785219,16.87,1.89,82115.47
LU,2023,10,1,3.886762728212288e-05,0.6876840903085065,11.39,4.61,82115.47
LU,2023,11,1,2.9934815813625525e-05,0.6564986940644347,5.7,5.15,82115.47
LU,2023,12,1,5.7553683783655256e-05,0.6270235162082336,4.39,3.37,82115.47
LU,2024,1,1,4.3769933421795966e-05,0.5696095559841968,1.13,3.39,86180.28
LU,2024,2,1,2.6744533243618536e-05,0.5357028747025422,6.33,4.31,86180.28
LU,2024,3,1,3.666258459848228e-05,0.5329346776442458,7.37,3.2,86180.28
LU,2024,4,1,3.658040716914002e-05,0.5949443819007572,8.86,3.38,86180.28
LU,2024,5,1,3.2456986136940683e-05,0.6887383355705889,13.3,5.65,86180.28
LU,2024,6,1,3.357174464475915e-05,0.725345277923085,15.05,3.12,86180.28
LU,2024,7,1,2.3177522431153665e-05,0.7014408373051754,17.41,3.51,86180.28
LU,2024,8,1,2.9478594075663372e-05,0.7267457627538735,18.56,2.53,86180.28
LU,2024,9,1,3.6405521248238855e-05,0.7286988141445006,14.05,3.92,86180.28
LU,2024,10,1,4.907852952704789e-05,0.7042827144667453,10.97,3.58,86180.28
LU,2024,11,1,5.8632210822032e-05,0.6632667422612369,5.33,1.92,86180.28
LU,2024,12,1,4.788431365443557e-05,0.6187280903287814,2.43,2.42,86180.28
LV,2019,1,1,6.143473719833871e-06,0.346468689860334,-4.24,2.04,29567.0
LV,2019,2,1,2.5675640729542418e-05,0.3682366930083819,0.63,1.73,29567.0
LV,2019,3,1,1.533660282700665e-05,0.4064417101338429,2.21,2.24,29567.0
LV,2019,4,1,1.7700413162947224e-05,0.45779231150371386,7.76,0.18,29567.0
LV,2019,5,1,1.609678959495038e-05,0.5859452765810305,11.77,2.0,29567.0
LV,2019,6,1,1.6961834511396678e-05,0.7497261809492437,18.74,1.61,29567.0
LV,2019,7,1,1.2499267405194946e-05,0.7453194957453754,16.08,3.3,29567.0
LV,2019,8,1,1.3066552576423773e-05,0.7041683182725873,16.8,2.17,29567.0
LV,2019,9,1,1.568741277311873e-05,0.6961537193564813,12.18,2.64,29567.0
LV,2019,10,1,2.3363219133170587e-05,0.6353989616731366,8.36,2.59,29567.0
LV,2019,11,1,2.9696806933861224e-05,0.5523199835127196,3.96,2.88,29567.0
LV,2019,12,1,2.590338762577785e-05,0.4975836739324231,2.55,1.86,29567.0
LV,2020,1,1,1.3837199498999594e-05,0.44666996193490327,2.89,1.31,29224.34
LV,2020,2,1,1.1343443580640148e-05,0.4544647502967991,2.09,2.35,29224.34
LV,2020,3,1,1.6663858570171585e-05,0.4797655825433977,2.79,1.83,29224.34
LV,2020,4,1,1.989278798672136e-05,0.4776705460296127,5.56,1.19,29224.34
LV,2020,5,1,1.4875271510360302e-05,0.5865006882629196,9.57,1.88,29224.34
LV,2020,6,1,1.8170882271314597e-05,0.7394259716556536,18.23,3.07,29224.34
LV,2020,7,1,1.139732424082902e-05,0.7495427041562659,16.5,2.97,29224.34
LV,2020,8,1,1.3642205405729532e-05,0.7236558822605199,17.06,2.3,29224.34
LV,2020,9,1,1.9508414094431942e-05,0.7009830027127888,14.28,1.83,29224.34
LV,2020,10,1,2.4340512886446798e-05,0.6576234092386386,9.7,2.86,29224.34
LV,2020,11,1,1.312840714588743e-05,0.5827518988811261,5.19,1.8,29224.34
LV,2020,12,1,3.3752933857365825e-05,0.4884483648535201,0.26,1.23,29224.34
LV,2021,1,1,7.672548122539616e-06,0.35648136153793963,-3.29,1.81,32283.78
LV,2021,2,1,2.369296683164628e-05,0.3765789407856297,-5.64,0.62,32283.78
LV,2021,3,1,1.3477065688701808e-05,0.3908511657243558,1.19,1.49,32283.78
LV,2021,4,1,1.8029709388349918e-05,0.431843348420618,5.39,1.59,32283.78
LV,2021,5,1,1.63651905706342e-05,0.5924290602420029,10.61,3.82,32283.78
LV,2021,6,1,1.6446061808786077e-05,0.7685092797226984,19.03,1.58,32283.78
LV,2021,7,1,1.5511854451235678e-05,0.7552096466113067,21.46,1.97,32283.78
LV,2021,8,1,1.4653537435834805e-05,0.7018109780625048,15.88,5.03,32283.78
LV,2021,9,1,1.6980839877870722e-05,0.726201355233596,10.79,1.53,32283.78
LV,2021,10,1,2.4775186372611746e-05,0.6662197519279353,8.13,1.63,32283.78
LV,2021,11,1,1.6928701520813843e-05,0.5988944090198818,3.46,2.67,32283.78
LV,2021,12,1,1.4290182712163911e-05,0.5147387971030505,-4.11,1.85,32283.78
LV,2022,1,1,2.2393456159236513e-05,0.32403372269840286,-1.05,2.63,36088.74
LV,2022,2,1,2.4558527859352018e-05,0.3350981047786591,0.26,2.79,36088.74
LV,2022,3,1,1.587929939591052e-05,0.34769397178097355,0.86,0.24,36088.74
LV,2022,4,1,1.5131597562699744e-05,0.4004041053463655,5.06,1.61,36088.74
LV,2022,5,1,1.3348632021310882e-05,0.5510564107460737,10.03,2.52,36088.74
LV,2022,6,1,1.395579576100174e-05,0.7400725605763221,17.04,2.61,36088.74
LV,2022,7,1,1.1088463448380703e-05,0.7569369769422702,17.67,2.86,36088.74
LV,2022,8,1,1.642556323181994e-05,0.7231782853592077,19.8,2.2,36088.74
LV,2022,9,1,1.65513343211144e-05,0.7057021579812544,10.04,1.33,36088.74
LV,2022,10,1,2.208957772515346e-05,0.6504283785692323,9.03,1.95,36088.74
LV,2022,11,1,2.7691132032107625e-05,0.5815487909120804,2.43,1.35,36088.74
LV,2022,12,1,4.655638203578054e-05,0.48812054761270596,-3.09,2.25,36088.74
LV,2023,1,1,2.0197854658649644e-05,0.3392901467282123,-0.75,2.93,39564.22
LV,2023,2,1,1.1048479522025833e-05,0.37150739032987323,-1.1,1.95,39564.22
LV,2023,3,1,1.4021755148610906e-05,0.3806325521429005,1.48,2.03,39564.22
LV,2023,4,1,2.008589941702258e-05,0.46424065506812995,7.51,0.98,39564.22
LV,2023,5,1,1.4970981782575886e-05,0.6295062163589623,11.47,0.52,39564.22
LV,2023,6,1,1.4164781714118367e-05,0.7341532257802017,16.72,1.39,39564.22
LV,2023,7,1,1.2961550918553499e-05,0.7297604753517972,16.81,2.46,39564.22
LV,2023,8,1,1.609081669890205e-05,0.7115960864067482,18.66,4.79,39564.22
LV,2023,9,1,1.94996876575798e-05,0.7164798860296702,15.79,1.57,39564.22
LV,2023,10,1,1.7659731086784537e-05,0.6616142741855888,6.87,4.37,39564.22
LV,2023,11,1,1.721045820601021e-05,0.5468848757244483,1.5,2.41,39564.22
LV,2023,12,1,-6.455838623635465e-06,0.4581244856152136,-1.38,2.3,39564.22
LV,2024,1,1,5.0151688362116616e-06,0.3848042533247199,-5.46,1.76,40359.43
LV,2024,2,1,8.856590054785866e-06,0.4140969820828725,0.41,2.1,40359.43
LV,2024,3,1,1.661557451902358e-05,0.4318091585402434,3.35,0.84,40359.43
LV,2024,4,1,2.163391794006063e-05,0.48104401270113645,7.34,2.44,40359.43
LV,2024,5,1,1.645075827320329e-05,0.6692196683667004,14.45,0.76,40359.43
LV,2024,6,1,1.4502844032712897e-05,0.7613819795130891,17.11,2.33,40359.43
LV,2024,7,1,1.3682357274061864e-05,0.7266611310945198,19.1,4.99,40359.43
LV,2024,8,1,1.605222209742837e-05,0.720009608480558,18.03,1.99,40359.43
LV,2024,9,1,1.8178827539981427e-05,0.6904068425340328,16.06,1.66,40359.43
LV,2024,10,1,2.1324326669915562e-05,0.6880931379591534,8.39,1.34,40359.43
LV,2024,11,1,2.3714096485453237e-05,0.5774516525996821,4.17,1.79,40359.43
LV,2024,12,1,1.9535256140400297e-05,0.5129643362410599,1.56,1.75,40359.43
MT,2019,1,1,3.0003215060594117e-05,0.47694686206354614,13.13,1.91,14594.16
MT,2019,2,1,2.6170160635956565e-05,0.49754589428936236,13.41,2.48,14594.16
MT,2019,3,1,2.6359082837979124e-05,0.470009659835394,14.71,1.15,14594.16
MT,2019,4,1,2.2016942635261216e-05,0.4016038672863573,15.62,0.45,14594.16
MT,2019,5,1,2.8593254055250774e-05,0.2972173931050128,17.2,0.56,14594.16
MT,2019,6,1,2.9853025401255366e-05,0.24378744091676627,23.3,0.0,14594.16
MT,2019,7,1,3.14302864396831e-05,0.22369082315244537,25.89,0.02,14594.16
MT,2019,8,1,3.0947547031032356e-05,0.21530434759198752,26.93,0.01,14594.16
MT,2019,9,1,2.6600923235233875e-05,0.22073430044279588,25.16,0.94,14594.16
MT,2019,10,1,2.116039846649137e-05,0.2708212573459183,22.78,2.59,14594.16
MT,2019,11,1,1.737608294417856e-05,0.3891207711852115,19.36,5.68,14594.16
MT,2019,12,1,2.678607975168696e-05,0.45460869620243705,16.69,2.69,14594.16
MT,2020,1,1,3.260872280252249e-05,0.4554202888106953,14.46,0.49,14362.38
MT,2020,2,1,2.9838567684237205e-05,0.46523671348889667,14.8,0.06,14362.38
MT,2020,3,1,2.2463098864338663e-05,0.42450241237014946,14.64,1.72,14362.38
MT,2020,4,1,2.1520520726147468e-05,0.3538550702126129,16.32,0.27,14362.38
MT,2020,5,1,2.3439739478540698e-05,0.25598067703886307,19.7,0.08,14362.38
MT,2020,6,1,2.3462879765729132e-05,0.22794203093086465,21.88,0.0,14362.38
MT,2020,7,1,3.0539139536802855e-05,0.20941062789896264,25.13,0.01,14362.38
MT,2020,8,1,2.590985144237188e-05,0.1997294691053854,26.99,0.0,14362.38
MT,2020,9,1,2.3392389680925737e-05,0.2067439618749895,25.67,1.18,14362.38
MT,2020,10,1,2.0634153979372197e-05,0.2826859905667928,21.98,0.71,14362.38
MT,2020,11,1,2.505605622461969e-05,0.3363091779359872,19.37,2.32,14362.38
MT,2020,12,1,1.8405597721482536e-05,0.4194975847351378,16.64,3.23,14362.38
MT,2021,1,1,2.379937959898705e-05,0.48554589523785374,15.48,1.74,16680.19
MT,2021,2,1,2.7309470480952874e-05,0.4882898550966511,14.97,0.39,16680.19
MT,2021,3,1,2.36551752862613e-05,0.44666666775078,14.4,0.84,16680.19
MT,2021,4,1,1.6682510683742954e-05,0.3229178736607234,15.76,0.23,16680.19
MT,2021,5,1,2.817095827146198e-05,0.23503381694140643,19.04,0.02,16680.19
MT,2021,6,1,2.4969420752994265e-05,0.2091787432630856,23.23,0.05,16680.19
MT,2021,7,1,3.161966081121215e-05,0.1964251205757045,26.07,0.0,16680.19
MT,2021,8,1,2.5611546091526677e-05,0.1876908213548038,27.81,0.0,16680.19
MT,2021,9,1,2.0489993697153225e-05,0.19080193222000982,26.09,0.39,16680.19
MT,2021,10,1,2.5240237791325797e-05,0.22842512160971543,21.6,5.88,16680.19
MT,2021,11,1,2.671145650657265e-05,0.3798454110173211,19.9,4.59,16680.19
MT,2021,12,1,2.6315603800651582e-05,0.45140096847561834,15.55,1.85,16680.19
MT,2022,1,1,2.72803539787517e-05,0.4833236726513809,13.63,1.9,17985.15
MT,2022,2,1,3.7417335831911445e-05,0.4731594213972921,14.07,0.15,17985.15
MT,2022,3,1,2.266205927602035e-05,0.4372367133264958,13.46,0.81,17985.15
MT,2022,4,1,2.4844773871667382e-05,0.3601932378782743,15.51,0.08,17985.15
MT,2022,5,1,2.88766899603769e-05,0.25447343063095346,19.25,0.27,17985.15
MT,2022,6,1,3.1689443026765875e-05,0.2182801933824153,24.13,0.0,17985.15
MT,2022,7,1,3.266090914960016e-05,0.20512077341908988,26.95,0.0,17985.15
MT,2022,8,1,2.9664431043963786e-05,0.2000772944395093,27.51,0.07,17985.15
MT,2022,9,1,2.1337199528639297e-05,0.2000579710887826,26.22,1.41,17985.15
MT,2022,10,1,3.4128354238754055e-05,0.25851207755614014,23.18,0.2,17985.15
MT,2022,11,1,2.706338559850553e-05,0.3236521735139515,19.92,4.72,17985.15
MT,2022,12,1,3.375603685025748e-05,0.4366956506518351,18.12,0.33,17985.15
MT,2023,1,1,2.0954939261069535e-05,0.48069565365279937,15.0,2.16,20923.41
MT,2023,2,1,3.24195758796446e-05,0.4724830934318944,14.05,2.54,20923.41
MT,2023,3,1,2.1174984981150795e-05,0.4434202913788783,15.28,0.33,20923.41
MT,2023,4,1,1.9138948237880305e-05,0.3743574889241784,15.9,0.55,20923.41
MT,2023,5,1,2.663991174948158e-05,0.27389371967402043,18.37,0.64,20923.41
MT,2023,6,1,3.287713366402678e-05,0.23000966196042905,22.31,0.39,20923.41
MT,2023,7,1,2.9399981531752744e-05,0.21250241552142135,27.08,0.0,20923.41
MT,2023,8,1,2.6168742540282504e-05,0.2059323669991631,26.23,0.03,20923.41
MT,2023,9,1,2.6911336091658363e-05,0.20931400925568916,25.19,0.89,20923.41
MT,2023,10,1,2.8137619096924027e-05,0.20991304360222124,24.42,0.02,20923.41
MT,2023,11,1,2.502235275319582e-05,0.2045797107444293,20.85,1.73,20923.41
MT,2023,12,1,3.373675261286735e-05,0.3003478251073672,17.13,1.7,20923.41
MT,2024,1,1,2.6614369944798543e-05,0.42365217791951215,15.62,1.76,23125.03
MT,2024,2,1,2.2555725595965463e-05,0.4606183583753695,15.3,1.68,23125.03
MT,2024,3,1,2.0563295595074567e-05,0.45472463393124984,15.98,0.28,23125.03
MT,2024,4,1,2.50516128869941e-05,0.30687922698216163,16.92,0.41,23125.03
MT,2024,5,1,2.6103738628409992e-05,0.229487922096598,19.31,0.96,23125.03
MT,2024,6,1,2.5628252830612934e-05,0.19729468571966985,23.43,0.11,23125.03
MT,2024,7,1,3.2026936656331436e-05,0.18809661830680963,26.18,0.0,23125.03
MT,2024,8,1,3.271756349370404e-05,0.18672463718963705,27.79,0.08,23125.03
MT,2024,9,1,2.1559104618518175e-05,0.1906666660654372,25.43,1.12,23125.03
MT,2024,10,1,2.6033150739889466e-05,0.19885990347551266,23.27,0.35,23125.03
MT,2024,11,1,2.4611824423678067e-05,0.2611980669308399,20.22,2.38,23125.03
MT,2024,12,1,2.5807111779403596e-05,0.38939130403425387,16.58,1.63,23125.03
NL,2019,1,1,6.841847506692788e-05,0.5755254437029714,3.78,1.74,829767.0
NL,2019,2,1,0.00013743068332023922,0.5669638056354694,6.1,1.82,829767.0
NL,2019,3,1,9.1578408181985e-05,0.5595436787394139,7.73,3.45,829767.0
NL,2019,4,1,9.101339097896282e-05,0.5994808465405961,10.31,1.03,829767.0
NL,2019,5,1,6.678721378744696e-05,0.6107744153485384,11.48,1.4,829767.0
NL,2019,6,1,5.528961168693663e-05,0.622033933982336,17.79,3.02,829767.0
NL,2019,7,1,5.5950118310041015e-05,0.6416007813688692,18.55,1.63,829767.0
NL,2019,8,1,6.52050441923216e-05,0.6392302983835919,18.7,2.68,829767.0
NL,2019,9,1,6.792448816192437e-05,0.6422825315374057,14.99,3.78,829767.0
NL,2019,10,1,8.174537491472261e-05,0.6597289810722973,11.84,4.04,829767.0
NL,2019,11,1,0.00010737780605265271,0.6517526109295116,6.78,2.61,829767.0
NL,2019,12,1,9.3990553090136e-05,0.6052621592988418,6.16,2.46,829767.0
NL,2020,1,1,9.110517750472841e-05,0.5734567685044342,6.25,2.04,816463.0
NL,2020,2,1,9.202739806675877e-05,0.5684367634773209,6.94,4.86,816463.0
NL,2020,3,1,8.047061604140503e-05,0.5686010030891937,6.67,1.65,816463.0
NL,2020,4,1,6.994655185371133e-05,0.5680682822172991,10.45,0.72,816463.0
NL,2020,5,1,5.632570711775207e-05,0.5939765007724547,12.6,0.68,816463.0
NL,2020,6,1,4.7710011588206945e-05,0.6153122248676036,17.04,2.46,816463.0
NL,2020,7,1,4.291715309516057e-05,0.6810670283028869,16.8,2.81,816463.0
NL,2020,8,1,5.3243439839408484e-05,0.6524120874950332,20.15,3.02,816463.0
NL,2020,9,1,7.568455888384697e-05,0.6552735710432447,15.41,2.08,816463.0
NL,2020,10,1,6.317420825226683e-05,0.6495442373491955,11.65,4.1,816463.0
NL,2020,11,1,9.553791255454462e-05,0.6620535270360535,9.06,1.5,816463.0
NL,2020,12,1,6.934470635647535e-05,0.6322526059151671,5.75,3.59,816463.0
NL,2021,1,1,4.6699523705322186e-05,0.5887453452746311,3.47,3.06,891550.0
NL,2021,2,1,8.507464782998016e-05,0.5412092524057119,3.62,2.27,891550.0
NL,2021,3,1,0.000107764354607776,0.544016157965948,6.25,1.93,891550.0
NL,2021,4,1,5.939542051264955e-05,0.5668022045209813,6.48,1.66,891550.0
NL,2021,5,1,5.017296383612751e-05,0.6094194149872451,10.88,4.14,891550.0
NL,2021,6,1,5.3732131508582215e-05,0.6365243053249805,17.5,3.49,891550.0
NL,2021,7,1,3.447563728978272e-05,0.6823457850753132,17.93,3.91,891550.0
NL,2021,8,1,4.133050473216578e-05,0.687636846225443,17.02,3.44,891550.0
NL,2021,9,1,6.810343706729727e-05,0.6779593482046206,16.27,1.14,891550.0
NL,2021,10,1,7.976929183120153e-05,0.6774615051649526,12.09,4.24,891550.0
NL,2021,11,1,6.656905944539309e-05,0.652656743189513,7.87,2.05,891550.0
NL,2021,12,1,7.785278854609768e-05,0.6156006191079538,5.37,2.28,891550.0
NL,2022,1,1,7.523393640717035e-05,0.5733919971296599,5.47,2.01,993820.0
NL,2022,2,1,7.575921805715705e-05,0.552009100557612,6.56,3.92,993820.0
NL,2022,3,1,0.00010484324853509493,0.5318167395808477,6.94,0.89,993820.0
NL,2022,4,1,5.97967283645004e-05,0.548782646958064,9.0,1.76,993820.0
NL,2022,5,1,6.071583618788608e-05,0.6057497886878968,13.67,2.23,993820.0
NL,2022,6,1,4.79907772839909e-05,0.6448564684529408,16.61,3.33,993820.0
NL,2022,7,1,4.402739594877851e-05,0.6515683841898391,18.3,1.1,993820.0
NL,2022,8,1,4.822935202535415e-05,0.6230544768575319,19.95,1.26,993820.0
NL,2022,9,1,6.401757317384218e-05,0.6035955806232344,15.17,3.46,993820.0
NL,2022,10,1,7.380918573677883e-05,0.6566961886006335,13.54,1.91,993820.0
NL,2022,11,1,8.231185718871628e-05,0.6780011102978506,8.95,3.61,993820.0
NL,2022,12,1,0.00010851237629646853,0.6067442909971439,4.18,2.5,993820.0
NL,2023,1,1,7.338914198074579e-05,0.587023697112483,5.78,3.37,1050133.0
NL,2023,2,1,8.746526019688161e-05,0.5736916658305828,5.72,0.92,1050133.0
NL,2023,3,1,5.843320536542216e-05,0.5623235646379464,6.7,3.68,1050133.0
NL,2023,4,1,6.001355058715983e-05,0.6072413107990703,8.46,2.54,1050133.0
NL,2023,5,1,4.937612778808764e-05,0.610112015166737,12.78,1.65,1050133.0
NL,2023,6,1,4.759331416478629e-05,0.6144445613770353,18.52,1.15,1050133.0
NL,2023,7,1,4.131185681742559e-05,0.6349607862533442,17.94,4.05,1050133.0
NL,2023,8,1,4.869107397681718e-05,0.6800206455697779,17.54,3.68,1050133.0
NL,2023,9,1,6.486567618175678e-05,0.6762438043225669,17.91,2.48,1050133.0
NL,2023,10,1,6.364154892068245e-05,0.6608753436541658,13.28,5.41,1050133.0
NL,2023,11,1,5.91579029996801e-05,0.6426919597285262,8.04,4.95,1050133.0
NL,2023,12,1,5.979339732524557e-05,0.6058333042898416,6.73,4.05,1050133.0
NL,2024,1,1,6.433918707344942e-05,0.542110663652291,4.07,2.57,1122459.0
NL,2024,2,1,4.810314962201728e-05,0.5228799441269687,7.75,4.24,1122459.0
NL,2024,3,1,6.613511763038433e-05,0.5322444443676935,8.53,2.02,1122459.0
NL,2024,4,1,5.0046359832556846e-05,0.5767189759816364,10.38,3.5,1122459.0
NL,2024,5,1,4.995525637319349e-05,0.6085013997829226,15.3,4.02,1122459.0
NL,2024,6,1,4.1535788356139004e-05,0.6347554237463634,15.58,2.79,1122459.0
NL,2024,7,1,3.685447387228348e-05,0.6541551786726265,17.9,3.65,1122459.0
NL,2024,8,1,4.8083741203690635e-05,0.6828455883197277,19.22,2.14,1122459.0
NL,2024,9,1,5.244263181714536e-05,0.6830622185378107,16.03,3.91,1122459.0
NL,2024,10,1,8.035814629102985e-05,0.6807769884491007,12.33,2.04,1122459.0
NL,2024,11,1,7.475934441657455e-05,0.6653447801903181,7.42,2.69,1122459.0
NL,2024,12,1,6.305769139774543e-05,0.6196401004359875,6.25,2.25,1122459.0
PL,2019,1,1,5.307991969936811e-05,0.46187615537286775,-1.43,2.23,538423.54
PL,2019,2,1,7.072149931740816e-05,0.46226097491073415,2.86,1.32,538423.54
PL,2019,3,1,3.9010141635378184e-05,0.45509549382474507,5.71,1.76,538423.54
PL,2019,4,1,3.408657157304608e-05,0.5015148357593858,9.82,0.88,538423.54
PL,2019,5,1,2.904323494963577e-05,0.6273625108549689,12.36,3.32,538423.54
PL,2019,6,1,2.706236461038876e-05,0.7017593331080288,21.62,1.31,538423.54
PL,2019,7,1,2.682281954790489e-05,0.6164943716671227,18.58,1.93,538423.54
PL,2019,8,1,3.0060002036441857e-05,0.6005244888790968,19.92,2.09,538423.54
PL,2019,9,1,3.3417559709210866e-05,0.6089374991038696,14.23,2.69,538423.54
PL,2019,10,1,5.449174445353437e-05,0.6029263006083933,10.58,1.44,538423.54
PL,2019,11,1,5.3437559161763824e-05,0.5567839612518916,6.28,1.57,538423.54
PL,2019,12,1,5.121192452379564e-05,0.5415762544677764,3.24,1.41,538423.54
PL,2020,1,1,5.620247296044004e-05,0.5218541253317089,2.41,1.47,531827.37
PL,2020,2,1,3.926749044300074e-05,0.49570170802177826,4.03,2.72,531827.37
PL,2020,3,1,3.939430229372627e-05,0.4895120477975743,4.57,1.26,531827.37
PL,2020,4,1,3.22381017177447e-05,0.5093726978827819,8.78,0.42,531827.37
PL,2020,5,1,2.7083846181653977e-05,0.6051550886300353,11.2,2.77,531827.37
PL,2020,6,1,2.5614933087008666e-05,0.6985389564951,18.06,4.13,531827.37
PL,2020,7,1,2.370420851031795e-05,0.687717382000415,18.36,1.98,531827.37
PL,2020,8,1,2.6563424549221905e-05,0.6356440871863627,19.92,2.64,531827.37
PL,2020,9,1,3.5771592095862764e-05,0.6196579893866342,15.15,2.53,531827.37
PL,2020,10,1,4.3507411719937144e-05,0.6112636537953214,10.57,2.97,531827.37
PL,2020,11,1,4.54181532734154e-05,0.5860225994562637,5.71,0.92,531827.37
PL,2020,12,1,4.91870222961713e-05,0.5129288022044186,1.92,1.21,531827.37
PL,2021,1,1,5.252378298995089e-05,0.44661449710672035,-1.16,2.17,583001.4
PL,2021,2,1,6.152381573932888e-05,0.41845364473427255,-1.88,1.54,583001.4
PL,2021,3,1,4.580942821185315e-05,0.41364038808332215,3.31,1.29,583001.4
PL,2021,4,1,3.634190636953799e-05,0.47081720251686426,6.2,1.94,583001.4
PL,2021,5,1,2.6073971277306192e-05,0.5949235847211303,12.08,3.25,583001.4
PL,2021,6,1,2.6139029645513158e-05,0.7078764259626443,19.54,1.63,583001.4
PL,2021,7,1,2.5659005067602797e-05,0.6898635146454123,21.06,3.31,583001.4
PL,2021,8,1,2.3954637020999336e-05,0.6531086339131069,17.0,5.03,583001.4
PL,2021,9,1,3.175779072927723e-05,0.6473701125567188,13.96,1.77,583001.4
PL,2021,10,1,4.883901902626303e-05,0.6096050271026081,9.38,0.96,583001.4
PL,2021,11,1,5.0059347630346936e-05,0.5637015590344168,5.24,1.99,583001.4
PL,2021,12,1,4.146798310837204e-05,0.5096558521443056,-0.72,1.51,583001.4
PL,2022,1,1,5.1969557245007526e-05,0.47480075218625634,1.07,1.99,661712.3
PL,2022,2,1,4.424367529250297e-05,0.46707645940594067,3.3,2.73,661712.3
PL,2022,3,1,3.939016692922445e-05,0.44124398421840005,3.24,0.39,661712.3
PL,2022,4,1,2.8697980303066648e-05,0.4348275499234195,6.82,2.07,661712.3
PL,2022,5,1,2.6804956586365285e-05,0.5886441746951073,13.54,1.76,661712.3
PL,2022,6,1,2.6464456159311624e-05,0.6954997996266187,18.84,2.36,661712.3
PL,2022,7,1,2.466675002472476e-05,0.6587875277248844,18.97,3.07,661712.3
PL,2022,8,1,2.5882510777907485e-05,0.6142788267429304,20.77,2.52,661712.3
PL,2022,9,1,2.9671544664521128e-05,0.6036835433283005,12.31,2.67,661712.3
PL,2022,10,1,4.576145455948789e-05,0.5990358408315172,11.24,1.32,661712.3
PL,2022,11,1,5.3777986910932944e-05,0.5747911624205148,4.3,1.02,661712.3
PL,2022,12,1,4.206642421637256e-05,0.5148580987960564,0.46,2.23,661712.3
PL,2023,1,1,4.305407377294827e-05,0.4673730628798242,2.92,2.27,751931.75
PL,2023,2,1,3.5980076116494236e-05,0.4438484484595707,1.47,2.07,751931.75
PL,2023,3,1,3.7930093700516006e-05,0.4467600912499616,4.51,2.03,751931.75
PL,2023,4,1,3.0178402429330743e-05,0.5262298537453102,7.91,1.97,751931.75
PL,2023,5,1,2.542282172936498e-05,0.6350496142575047,12.96,1.28,751931.75
PL,2023,6,1,2.408084863950225e-05,0.6850831005651532,17.86,2.16,751931.75
PL,2023,7,1,2.541216649664417e-05,0.6508680258751014,19.5,2.34,751931.75
PL,2023,8,1,2.8260842010573187e-05,0.642996978414294,19.81,3.71,751931.75
PL,2023,9,1,3.4617629158220555e-05,0.6330938195174464,17.77,1.05,751931.75
PL,2023,10,1,4.18314681054403e-05,0.6131382236396,10.84,2.93,751931.75
PL,2023,11,1,3.68378491079767e-05,0.5809916929109982,4.08,2.97,751931.75
PL,2023,12,1,3.0086636215751756e-05,0.521956869958111,2.0,2.71,751931.75
PL,2024,1,1,4.8361617596636396e-05,0.47428640145183937,-0.42,2.61,848490.87
PL,2024,2,1,3.348217777830108e-05,0.4720275705849532,5.67,3.06,848490.87
PL,2024,3,1,3.786961445098736e-05,0.47150856640079064,6.68,1.28,848490.87
PL,2024,4,1,3.249807456282447e-05,0.5429978875464345,10.56,1.87,848490.87
PL,2024,5,1,2.6584721054171484e-05,0.6509537561475811,16.27,1.38,848490.87
PL,2024,6,1,2.5389450781977596e-05,0.6877900365744657,18.51,2.8,848490.87
PL,2024,7,1,2.30014464896728e-05,0.6446283632509637,20.42,3.18,848490.87
PL,2024,8,1,2.8784983406270798e-05,0.6374834022099991,20.25,2.01,848490.87
PL,2024,9,1,3.094021024603677e-05,0.6052098413408629,17.06,2.26,848490.87
PL,2024,10,1,4.789453776389694e-05,0.604460016488304,9.99,1.34,848490.87
PL,2024,11,1,5.1804252680436186e-05,0.5721903364526723,3.81,1.37,848490.87
PL,2024,12,1,6.11290354112067e-05,0.548380610020835,2.6,1.35,848490.87
PT,2019,1,1,2.8719505649640673e-05,0.6016024346791955,8.17,1.58,214489.9
PT,2019,2,1,2.3433770635352906e-05,0.5724075292256033,10.37,1.15,214489.9
PT,2019,3,1,2.2494888457796762e-05,0.5585238492458723,12.65,1.33,214489.9
PT,2019,4,1,2.0056797479784607e-05,0.5254747995791382,12.7,4.08,214489.9
PT,2019,5,1,2.3455960288576662e-05,0.5202813713786358,17.96,0.49,214489.9
PT,2019,6,1,2.0137340287591207e-05,0.4521230932705548,17.92,0.89,214489.9
PT,2019,7,1,2.08770464226974e-05,0.44641782520269957,21.43,0.34,214489.9
PT,2019,8,1,2.16397740856091e-05,0.43198769086467165,21.64,0.59,214489.9
PT,2019,9,1,2.176387498219445e-05,0.4304271074209787,20.29,0.64,214489.9
PT,2019,10,1,2.392106617931809e-05,0.4411775370595121,16.27,2.62,214489.9
PT,2019,11,1,2.1084587324286153e-05,0.4936587493275813,12.04,4.88,214489.9
PT,2019,12,1,2.9974818223411996e-05,0.5452166655980201,10.76,5.73,214489.9
PT,2020,1,1,3.1201753425845985e-05,0.5848334652323607,9.13,2.27,201032.71
PT,2020,2,1,2.53682692846796e-05,0.5831064989903285,12.11,0.52,201032.71
PT,2020,3,1,2.2412964814970875e-05,0.5774197932573887,12.19,2.53,201032.71
PT,2020,4,1,1.8807379848651866e-05,0.5682680388006386,13.65,4.06,201032.71
PT,2020,5,1,2.2876191323019184e-05,0.5610839489812062,18.53,1.9,201032.71
PT,2020,6,1,1.9544025879333505e-05,0.5083630128742849,18.9,0.54,201032.71
PT,2020,7,1,2.56929809359202e-05,0.47300141082531044,24.24,0.12,201032.71
PT,2020,8,1,2.143038417798026e-05,0.45269050985368303,21.67,0.39,201032.71
PT,2020,9,1,2.340992033911492e-05,0.4464343845591144,20.52,1.36,201032.71
PT,2020,10,1,2.4151143347204986e-05,0.470554623554925,15.03,3.59,201032.71
PT,2020,11,1,3.2905062285672995e-05,0.5556311786792362,13.22,3.34,201032.71
PT,2020,12,1,2.482343489354184e-05,0.6115379879494077,9.7,3.36,201032.71
PT,2021,1,1,2.5624095090876576e-05,0.6160268139795801,7.64,2.76,216493.75
PT,2021,2,1,1.7517101838245036e-05,0.5808820179140743,11.38,6.24,216493.75
PT,2021,3,1,2.1566701604222456e-05,0.5962763782637016,12.33,0.76,216493.75
PT,2021,4,1,2.3578297088037138e-05,0.5523514944771832,14.42,3.3,216493.75
PT,2021,5,1,1.8797713854741208e-05,0.5481106823858977,15.83,1.23,216493.75
PT,2021,6,1,2.1540373058135728e-05,0.490108580087644,18.99,1.11,216493.75
PT,2021,7,1,2.0049152745550807e-05,0.4745870507892868,20.99,0.16,216493.75
PT,2021,8,1,2.285526447473607e-05,0.4591768953146256,21.75,0.14,216493.75
PT,2021,9,1,1.9711811207962035e-05,0.4620196706586671,19.62,2.9,216493.75
PT,2021,10,1,2.505826303703139e-05,0.5095155194618117,17.26,2.95,216493.75
PT,2021,11,1,3.300499060046594e-05,0.546955208297347,10.68,0.54,216493.75
PT,2021,12,1,3.314302012359479e-05,0.5636010088630548,11.33,2.9,216493.75
PT,2022,1,1,2.4521012171311195e-05,0.5827758294465576,9.09,0.4,243957.09
PT,2022,2,1,2.7424626295729562e-05,0.5512862224735803,10.92,0.49,243957.09
PT,2022,3,1,2.3260747053978348e-05,0.5032230201245147,11.67,4.01,243957.09
PT,2022,4,1,2.3370204129164694e-05,0.5246870843297501,12.97,2.24,243957.09
PT,2022,5,1,2.3155914643802263e-05,0.5026149867573168,19.01,0.53,243957.09
PT,2022,6,1,1.93932101891002e-05,0.46091314276112294,19.87,1.0,243957.09
PT,2022,7,1,2.485778689354702e-05,0.44137245326396807,24.6,0.16,243957.09
PT,2022,8,1,2.5668465758956402e-05,0.42480134475212283,22.58,0.12,243957.09
PT,2022,9,1,2.093210537113511e-05,0.4291438255255352,19.67,2.09,243957.09
PT,2022,10,1,2.572212128169465e-05,0.46651950281685123,18.13,4.3,243957.09
PT,2022,11,1,2.2094814620814427e-05,0.5555853875482843,13.04,3.93,243957.09
PT,2022,12,1,2.9054458025697112e-05,0.6091485346488046,12.36,7.74,243957.09
PT,2023,1,1,2.552670294084909e-05,0.6314440195642125,8.69,2.73,270352.62
PT,2023,2,1,3.063081659724961e-05,0.5853161748256313,9.38,0.53,270352.62
PT,2023,3,1,2.3656986779352466e-05,0.5349102832429685,12.75,1.73,270352.62
PT,2023,4,1,2.09578282493709e-05,0.5078932272197766,16.34,0.65,270352.62
PT,2023,5,1,2.2660506458008882e-05,0.45926868874612037,17.72,1.56,270352.62
PT,2023,6,1,2.4978355912785e-05,0.46391607555631637,21.34,1.88,270352.62
PT,2023,7,1,2.057826963643097e-05,0.46286544145964376,21.86,0.12,270352.62
PT,2023,8,1,2.125304546883452e-05,0.43947637030939973,23.42,0.09,270352.62
PT,2023,9,1,2.361019657272768e-05,0.4357244309518054,19.85,2.78,270352.62
PT,2023,10,1,2.8047481789689437e-05,0.4718380392066744,18.51,6.35,270352.62
PT,2023,11,1,2.6906977493663543e-05,0.5588296168880567,13.37,3.86,270352.62
PT,2023,12,1,3.3271135609481944e-05,0.6273039106449892,9.44,2.19,270352.62
PT,2024,1,1,2.7171082491635713e-05,0.6252873612480696,10.83,4.09,289427.97
PT,2024,2,1,2.2133550656945738e-05,0.5970013571447037,11.98,3.59,289427.97
PT,2024,3,1,1.7594141020983825e-05,0.578154876769579,12.0,5.3,289427.97
PT,2024,4,1,1.9044523600074843e-05,0.5803678810871409,15.16,1.86,289427.97
PT,2024,5,1,2.1225081540873996e-05,0.5506792797579257,16.15,1.23,289427.97
PT,2024,6,1,1.984612864385892e-05,0.4976800819645422,19.3,1.61,289427.97
PT,2024,7,1,2.229087842620356e-05,0.4932034684751048,22.51,0.31,289427.97
PT,2024,8,1,2.305367480831675e-05,0.4703927639479469,22.9,0.05,289427.97
PT,2024,9,1,2.323995675219826e-05,0.44939478202276484,18.95,1.12,289427.97
PT,2024,10,1,2.2202534516188626e-05,0.48166655611337644,16.93,4.65,289427.97
PT,2024,11,1,2.5795747728768807e-05,0.5638088233488205,14.55,2.06,289427.97
PT,2024,12,1,2.7253096107513178e-05,0.6179020360097025,9.49,0.39,289427.97
RO,2019,1,1,4.232035443819592e-05,0.37546170652399447,-2.08,2.33,223341.43
RO,2019,2,1,2.8483263910224252e-05,0.3165209819215234,1.83,1.01,223341.43
RO,2019,3,1,2.83240817097061e-05,0.30943776592365585,7.01,0.87,223341.43
RO,2019,4,1,2.4124277313856467e-05,0.439022779957649,10.33,2.34,223341.43
RO,2019,5,1,1.9678997298122456e-05,0.6292594841305034,14.49,4.46,223341.43
RO,2019,6,1,2.146828312153151e-05,0.7306748282917563,21.06,3.31,223341.43
RO,2019,7,1,1.9717586759504097e-05,0.7137645936633601,20.23,2.22,223341.43
RO,2019,8,1,2.1986410212758726e-05,0.6691461619677216,21.91,1.52,223341.43
RO,2019,9,1,2.2767330193884666e-05,0.5633073973933144,16.79,1.11,223341.43
RO,2019,10,1,2.8895343373922364e-05,0.5033585647136418,11.73,1.15,223341.43
RO,2019,11,1,3.2020360631239425e-05,0.4436109102974443,8.86,1.89,223341.43
RO,2019,12,1,3.546701304423914e-05,0.42900514747266316,2.43,1.18,223341.43
RO,2020,1,1,3.2073998972986956e-05,0.389456381214888,-0.67,0.52,219839.76
RO,2020,2,1,2.9000284801654818e-05,0.3685795480241103,3.37,2.23,219839.76
RO,2020,3,1,2.3131894363218768e-05,0.4005248849687563,6.31,1.76,219839.76
RO,2020,4,1,2.3569043467449215e-05,0.46082157679744395,9.98,0.66,219839.76
RO,2020,5,1,2.06281790535529e-05,0.5931278076266677,13.62,3.03,219839.76
RO,2020,6,1,2.1774632511354973e-05,0.6539585880776678,19.04,5.05,219839.76
RO,2020,7,1,2.0974605643592043e-05,0.6916045582744379,20.68,2.92,219839.76
RO,2020,8,1,2.06910470701113e-05,0.6515517106253373,21.61,1.7,219839.76
RO,2020,9,1,2.27223146712171e-05,0.5895758909710019,17.94,1.92,219839.76
RO,2020,10,1,2.579337356206851e-05,0.542633315125724,12.19,2.83,219839.76
RO,2020,11,1,2.799276069042625e-05,0.5120245171217757,4.23,0.67,219839.76
RO,2020,12,1,3.042050720610995e-05,0.45905849311121777,2.9,2.38,219839.76
RO,2021,1,1,2.829511922650482e-05,0.43561133172311817,0.11,2.79,240986.57
RO,2021,2,1,1.839419730730594e-05,0.3920539022236944,1.59,1.67,240986.57
RO,2021,3,1,2.4061396244180566e-05,0.37456637950197963,3.12,2.23,240986.57
RO,2021,4,1,1.9359678099052565e-05,0.4429846190282303,7.5,2.21,240986.57
RO,2021,5,1,1.9243440879354517e-05,0.6200266181317048,14.28,3.12,240986.57
RO,2021,6,1,1.9671770569020842e-05,0.7158952395459489,19.02,3.36,240986.57
RO,2021,7,1,1.9403750681002406e-05,0.7037326046598332,22.6,2.28,240986.57
RO,2021,8,1,1.7575792719102803e-05,0.6710736662661927,20.61,2.37,240986.57
RO,2021,9,1,2.2060968349229946e-05,0.6167395420476366,14.93,1.22,240986.57
RO,2021,10,1,2.6589658048038605e-05,0.5336220886300913,8.6,1.04,240986.57
RO,2021,11,1,3.314197663066646e-05,0.4386431256449265,5.78,1.46,240986.57
RO,2021,12,1,4.168520225009738e-05,0.40348253348422886,1.06,3.39,240986.57
RO,2022,1,1,3.276354890686462e-05,0.36577335337569705,-0.54,1.13,280777.44
RO,2022,2,1,3.136859000648026e-05,0.34140139628991384,2.58,0.96,280777.44
RO,2022,3,1,2.341535343438406e-05,0.3163207097236383,2.73,0.73,280777.44
RO,2022,4,1,2.308154307895177e-05,0.41480223372226205,9.03,2.72,280777.44
RO,2022,5,1,2.0568589806600797e-05,0.6107128146575862,15.71,1.86,280777.44
RO,2022,6,1,2.139295243522559e-05,0.6884578544907429,20.4,1.64,280777.44
RO,2022,7,1,2.1724265565320725e-05,0.6320069224799599,22.02,2.12,280777.44
RO,2022,8,1,2.330374979966295e-05,0.5818775355208088,22.02,2.6,280777.44
RO,2022,9,1,2.1589173461390982e-05,0.6050230234919951,14.91,3.56,280777.44
RO,2022,10,1,2.611212292809275e-05,0.5629401599672859,11.63,0.81,280777.44
RO,2022,11,1,3.366040967236261e-05,0.4743233411785835,6.44,2.32,280777.44
RO,2022,12,1,2.9963178068172787e-05,0.4285786425518757,2.31,1.77,280777.44
RO,2023,1,1,2.8184078306925217e-05,0.4258629020167083,3.26,2.52,321577.9
RO,2023,2,1,2.558408809886569e-05,0.40078703405172006,0.94,1.98,321577.9
RO,2023,3,1,2.2976404381184718e-05,0.3911949550382721,6.12,1.4,321577.9
RO,2023,4,1,1.8489958685306313e-05,0.5023184888394623,8.37,3.14,321577.9
RO,2023,5,1,1.942055492911256e-05,0.6455571185533812,14.72,1.99,321577.9
RO,2023,6,1,2.117780151648427e-05,0.6929377112857487,18.78,3.34,321577.9
RO,2023,7,1,2.2933177474796485e-05,0.6739905270331294,22.1,2.75,321577.9
RO,2023,8,1,2.1892884271518767e-05,0.6533870169858395,22.42,1.88,321577.9
RO,2023,9,1,2.231277316956054e-05,0.590384132218232,18.8,1.19,321577.9
RO,2023,10,1,2.6099023089778118e-05,0.5241848175285498,13.35,0.86,321577.9
RO,2023,11,1,3.2355375111031833e-05,0.4389403345592698,5.87,3.73,321577.9
RO,2023,12,1,3.574578994814664e-05,0.4015461449602396,2.58,1.78,321577.9
RO,2024,1,1,2.3415782078499505e-05,0.3824111431761001,-0.11,1.69,353633.12
RO,2024,2,1,2.605593567583661e-05,0.36503502141733546,6.4,1.05,353633.12
RO,2024,3,1,2.365516302638694e-05,0.40280245875338216,7.42,1.85,353633.12
RO,2024,4,1,2.340995345568878e-05,0.5644369107601351,12.8,2.11,353633.12
RO,2024,5,1,2.169334766948969e-05,0.6649307389334876,15.15,2.11,353633.12
RO,2024,6,1,1.9538506583558862e-05,0.6705931689453656,21.85,2.16,353633.12
RO,2024,7,1,2.128474892637311e-05,0.6304433514922955,23.81,2.39,353633.12
RO,2024,8,1,2.306149991683484e-05,0.5903392681849974,23.21,1.52,353633.12
RO,2024,9,1,2.2084971849838605e-05,0.5328050400772324,17.51,3.07,353633.12
RO,2024,10,1,2.4728421067642804e-05,0.5687028657044353,10.76,1.04,353633.12
RO,2024,11,1,3.143701007948056e-05,0.47774878661094355,3.14,1.78,353633.12
RO,2024,12,1,3.607112293104582e-05,0.4449965719436745,1.79,2.0,353633.12
SK,2019,1,1,6.179480372401395e-05,0.3926743350608685,-3.41,2.42,94547.48
SK,2019,2,1,5.155058546454688e-05,0.3562055483340212,1.67,1.14,94547.48
SK,2019,3,1,3.4726956422433404e-05,0.360197609505676,5.76,1.43,94547.48
SK,2019,4,1,2.9194056061158166e-05,0.4888285778055761,10.06,1.8,94547.48
SK,2019,5,1,2.892135258957718e-05,0.6578283426601284,11.47,5.11,94547.48
SK,2019,6,1,2.3137606104515456e-05,0.7467208833573752,20.97,2.16,94547.48
SK,2019,7,1,2.2651873479585117e-05,0.6905845619652812,18.87,2.82,94547.48
SK,2019,8,1,2.4811950542139754e-05,0.6874484789749377,20.05,2.62,94547.48
SK,2019,9,1,2.5355973594358888e-05,0.703207877960934,14.02,2.22,94547.48
SK,2019,10,1,3.524568183546532e-05,0.6173665380225256,10.12,1.35,94547.48
SK,2019,11,1,3.71061295821937e-05,0.5194931666850863,6.98,3.33,94547.48
SK,2019,12,1,4.672948822939198e-05,0.4716743402456833,1.5,2.29,94547.48
SK,2020,1,1,5.2554614699202474e-05,0.4133895641850982,-1.26,0.81,94320.58
SK,2020,2,1,4.091646057376883e-05,0.4060645190711481,3.01,2.7,94320.58
SK,2020,3,1,2.9470973742674293e-05,0.41988837634541915,4.45,1.63,94320.58
SK,2020,4,1,2.7365379975529404e-05,0.4904895319497465,9.14,0.55,94320.58
SK,2020,5,1,2.4632348551523507e-05,0.6314212348651266,11.17,2.97,94320.58
SK,2020,6,1,2.2368121343596453e-05,0.7184538411188994,17.37,5.76,94320.58
SK,2020,7,1,2.1535199788228668e-05,0.7335107819612487,18.64,3.79,94320.58
SK,2020,8,1,2.347184975695694e-05,0.7347024073499868,19.85,3.12,94320.58
SK,2020,9,1,2.6624504572587066e-05,0.7030364104279309,15.03,3.35,94320.58
SK,2020,10,1,3.418777719951493e-05,0.6353563008418479,9.61,4.94,94320.58
SK,2020,11,1,3.676109941406408e-05,0.5536836411629139,3.57,0.97,94320.58
SK,2020,12,1,3.0263701485059532e-05,0.47309505883387815,1.87,1.92,94320.58
SK,2021,1,1,3.7867933889461926e-05,0.4071532832198596,-1.16,2.07,101891.57
SK,2021,2,1,2.8566518622734046e-05,0.37742963549836717,-0.41,2.13,101891.57
SK,2021,3,1,3.7294868683259486e-05,0.3551306834478554,3.0,1.13,101891.57
SK,2021,4,1,3.288151571848893e-05,0.42832993249034323,6.11,2.47,101891.57
SK,2021,5,1,2.2773383968474922e-05,0.6039890853015513,11.66,4.15,101891.57
SK,2021,6,1,2.3271153810883824e-05,0.7436534166702637,19.36,1.1,101891.57
SK,2021,7,1,2.161837512003631e-05,0.7109062964716473,21.04,2.99,101891.57
SK,2021,8,1,2.112885869779184e-05,0.7303926723671512,17.18,5.44,101891.57
SK,2021,9,1,2.719532589423031e-05,0.7114334853435349,14.03,1.87,101891.57
SK,2021,10,1,3.472431941284807e-05,0.6487285449970149,7.93,0.62,101891.57
SK,2021,11,1,4.01794338255121e-05,0.5172424302246607,3.88,1.95,101891.57
SK,2021,12,1,5.8284180375628286e-05,0.45270737708801195,-0.78,2.03,101891.57
SK,2022,1,1,4.710198862836239e-05,0.37518690320543824,-0.8,1.58,109959.76
SK,2022,2,1,3.961872274655366e-05,0.36909224751148395,2.23,1.74,109959.76
SK,2022,3,1,2.873841934916675e-05,0.34856158359642647,3.18,1.06,109959.76
SK,2022,4,1,3.0574981600327336e-05,0.4229409118224241,6.81,2.37,109959.76
SK,2022,5,1,2.5233220246044564e-05,0.6433788833875312,14.47,1.48,109959.76
SK,2022,6,1,2.4345606338495747e-05,0.7344111190842584,19.48,1.82,109959.76
SK,2022,7,1,2.3215478251302822e-05,0.659439024730783,19.94,2.71,109959.76
SK,2022,8,1,2.2777909608303103e-05,0.6340387956902985,20.49,2.56,109959.76
SK,2022,9,1,2.7276440090222065e-05,0.644024837910858,12.96,4.37,109959.76
SK,2022,10,1,3.058338821273442e-05,0.6225981915481881,10.66,1.17,109959.76
SK,2022,11,1,4.516357835350303e-05,0.5394142890579575,4.52,1.22,109959.76
SK,2022,12,1,3.9993786994633336e-05,0.4780961550295391,0.39,2.6,109959.76
SK,2023,1,1,4.138864727511311e-05,0.4158656012701208,1.93,2.99,123538.7
SK,2023,2,1,4.0695587538486066e-05,0.40461252251464247,0.32,1.88,123538.7
SK,2023,3,1,3.368651514679054e-05,0.3944134122028563,5.04,1.95,123538.7
SK,2023,4,1,3.32541873681903e-05,0.4830802687094928,7.25,2.44,123538.7
SK,2023,5,1,2.2678544499421177e-05,0.6665950184688891,13.28,2.82,123538.7
SK,2023,6,1,2.2736221303134313e-05,0.7599797773033062,17.35,2.93,123538.7
SK,2023,7,1,2.3384259281039356e-05,0.7133674570169034,20.03,2.8,123538.7
SK,2023,8,1,2.4401929669336094e-05,0.7200589921045798,19.85,4.25,123538.7
SK,2023,9,1,2.7108951990925634e-05,0.6998999011678454,17.37,2.5,123538.7
SK,2023,10,1,3.395523934918932e-05,0.6431780763556713,11.44,3.19,123538.7
SK,2023,11,1,3.4281141893128065e-05,0.5498962202538863,3.98,3.74,123538.7
SK,2023,12,1,4.8051447473237315e-05,0.4748761955252457,0.68,3.03,123538.7
SK,2024,1,1,2.6157533303680077e-05,0.4064450509518855,-0.45,2.6,130207.52
SK,2024,2,1,3.042840627621281e-05,0.402921867809767,6.05,2.32,130207.52
SK,2024,3,1,2.747303754234714e-05,0.4300130820831779,7.25,1.77,130207.52
SK,2024,4,1,2.7702305391968146e-05,0.5538203199064932,10.76,2.65,130207.52
SK,2024,5,1,2.305861593281804e-05,0.7188041828151569,15.12,2.64,130207.52
SK,2024,6,1,2.1428669919913528e-05,0.7394535730839028,18.73,4.46,130207.52
SK,2024,7,1,2.017895314566325e-05,0.7036981231761602,21.28,2.47,130207.52
SK,2024,8,1,2.6549986536577042e-05,0.6798977724801161,21.25,1.92,130207.52
SK,2024,9,1,2.6984142441156432e-05,0.6433119902139598,15.89,4.41,130207.52
SK,2024,10,1,3.3039123762542966e-05,0.6403838872502018,9.35,1.64,130207.52
SK,2024,11,1,4.018106313665589e-05,0.5357167583704007,2.15,1.14,130207.52
SK,2024,12,1,5.020412800337922e-05,0.48849666174061396,0.65,1.08,130207.52
SI,2019,1,1,4.120187749902579e-05,0.49644645628009904,-0.78,1.84,48156.45
SI,2019,2,1,4.773551890638521e-05,0.4661989345998724,3.32,2.87,48156.45
SI,2019,3,1,3.106531679044537e-05,0.47604915534305164,6.96,2.02,48156.45
SI,2019,4,1,2.840387468668746e-05,0.5579060011310852,10.02,4.63,48156.45
SI,2019,5,1,2.5487741480012774e-05,0.7038249821332994,11.27,7.02,48156.45
SI,2019,6,1,2.129937275957782e-05,0.7588800170682378,21.14,3.06,48156.45
SI,2019,7,1,2.2269499156348304e-05,0.7696853403221737,20.44,4.52,48156.45
SI,2019,8,1,2.1623581001628704e-05,0.7911928151320289,20.49,3.99,48156.45
SI,2019,9,1,2.5754068340519954e-05,0.77295278113044,15.28,4.15,48156.45
SI,2019,10,1,2.81429878162233e-05,0.7068859607236041,11.65,2.23,48156.45
SI,2019,11,1,4.1625606679292166e-05,0.6197639329206175,7.02,8.01,48156.45
SI,2019,12,1,4.040255342786291e-05,0.5608702877667726,2.49,3.87,48156.45
SI,2020,1,1,5.589436659553769e-05,0.514470246240516,0.74,0.59,46738.7
SI,2020,2,1,4.112302141752348e-05,0.5040483474106201,4.68,1.48,46738.7
SI,2020,3,1,2.7471341370024484e-05,0.4984625091071893,5.48,2.96,46738.7
SI,2020,4,1,2.377268339059953e-05,0.5616382117585476,10.78,1.15,46738.7
SI,2020,5,1,2.291414766871142e-05,0.7085255778293171,13.44,3.73,46738.7
SI,2020,6,1,2.1591738984561187e-05,0.7553688248952587,17.34,5.36,46738.7
SI,2020,7,1,2.109338960960941e-05,0.7841803048006789,19.39,4.69,46738.7
SI,2020,8,1,2.216830237500563e-05,0.7962421953526345,20.22,6.2,46738.7
SI,2020,9,1,2.6853371668700894e-05,0.7631325636402447,15.71,4.76,46738.7
SI,2020,10,1,3.0484014223717725e-05,0.7179494052972473,10.03,4.97,46738.7
SI,2020,11,1,3.663244998083883e-05,0.6113834749171547,4.28,1.26,46738.7
SI,2020,12,1,4.3142743166688915e-05,0.5635416393391048,1.49,6.14,46738.7
SI,2021,1,1,5.339852541956533e-05,0.4874773502769549,-0.6,3.68,52032.4
SI,2021,2,1,3.176673954667788e-05,0.4627788010159301,3.36,2.56,52032.4
SI,2021,3,1,3.500670860782019e-05,0.4521611769555137,4.68,1.34,52032.4
SI,2021,4,1,2.5637080866814346e-05,0.524345024487255,7.2,3.25,52032.4
SI,2021,5,1,1.9418838907480652e-05,0.6750908094129433,11.79,7.89,52032.4
SI,2021,6,1,2.2198139822004584e-05,0.7621382410621826,20.27,1.37,52032.4
SI,2021,7,1,2.025236396644735e-05,0.7730783216628929,20.9,4.9,52032.4
SI,2021,8,1,2.0806974341195244e-05,0.8006319427985787,18.61,4.21,52032.4
SI,2021,9,1,2.499050854696962e-05,0.769885692009909,15.74,2.61,52032.4
SI,2021,10,1,3.144214900043043e-05,0.7183412808991858,8.7,2.65,52032.4
SI,2021,11,1,4.441847833542853e-05,0.5808704504503704,4.78,4.72,52032.4
SI,2021,12,1,5.693459401888318e-05,0.5335831402373854,0.2,2.59,52032.4
SI,2022,1,1,5.00513176084869e-05,0.47500619844171593,0.01,1.22,56881.63
SI,2022,2,1,4.5874962050309495e-05,0.4692925643931405,3.16,1.25,56881.63
SI,2022,3,1,3.214453975517991e-05,0.4390236133874108,4.32,1.06,56881.63
SI,2022,4,1,2.408245839979047e-05,0.5060480036390272,8.4,3.2,56881.63
SI,2022,5,1,2.3727748760608588e-05,0.6977295879086323,15.84,3.19,56881.63
SI,2022,6,1,2.454249714058841e-05,0.7498459007957606,20.42,4.23,56881.63
SI,2022,7,1,2.2003748375735964e-05,0.7432368435084944,21.54,2.94,56881.63
SI,2022,8,1,2.350868857068469e-05,0.7246167239096465,20.74,3.1,56881.63
SI,2022,9,1,2.5089395235394654e-05,0.7388444963597448,14.36,6.83,56881.63
SI,2022,10,1,3.168709183569076e-05,0.6756512411019071,12.95,1.64,56881.63
SI,2022,11,1,3.8282876381185426e-05,0.6239012226332061,6.1,3.84,56881.63
SI,2022,12,1,3.37011851623268e-05,0.5672434842982478,1.89,3.72,56881.63
SI,2023,1,1,4.4870328698283173e-05,0.4896087003813628,2.09,4.74,64050.01
SI,2023,2,1,4.110572222563988e-05,0.4449181729417923,1.5,0.98,64050.01
SI,2023,3,1,3.569707959106213e-05,0.4438047337805859,6.43,2.87,64050.01
SI,2023,4,1,2.8105924989510747e-05,0.527921736834714,8.07,4.1,64050.01
SI,2023,5,1,2.371271459786554e-05,0.6843646023598731,13.88,5.43,64050.01
SI,2023,6,1,2.6278837245773357e-05,0.7561075515189515,18.55,4.77,64050.01
SI,2023,7,1,2.2801499453416116e-05,0.7761274849883055,20.48,6.57,64050.01
SI,2023,8,1,2.2021048316099092e-05,0.7854405565991215,19.87,8.08,64050.01
SI,2023,9,1,2.5953553072003147e-05,0.7636547879899762,17.48,2.45,64050.01
SI,2023,10,1,2.6848750310665636e-05,0.7101527172283177,13.5,5.87,64050.01
SI,2023,11,1,3.7241252369209065e-05,0.6375817863508589,5.33,4.83,64050.01
SI,2023,12,1,4.178101319201264e-05,0.5616309625838393,2.36,3.82,64050.01
SI,2024,1,1,3.149476453564748e-05,0.5052479310295451,0.43,2.72,67418.08
SI,2024,2,1,3.6772723303633194e-05,0.48385667358850515,5.85,3.13,67418.08
SI,2024,3,1,2.5539213453826616e-05,0.5064902188561138,7.62,4.32,67418.08
SI,2024,4,1,2.4812244228288356e-05,0.5814310762835936,10.52,3.44,67418.08
SI,2024,5,1,2.2560226664012613e-05,0.7226617382935727,14.05,7.65,67418.08
SI,2024,6,1,2.0896307821038906e-05,0.7240236567460931,18.65,4.61,67418.08
SI,2024,7,1,1.8112129098518458e-05,0.7715102128757331,21.5,3.03,67418.08
SI,2024,8,1,2.2268651191497007e-05,0.7711162588613235,22.1,2.69,67418.08
SI,2024,9,1,2.3714020091594377e-05,0.7559636242884675,15.09,7.82,67418.08
SI,2024,10,1,2.948348346506247e-05,0.7046652217125435,11.49,6.21,67418.08
SI,2024,11,1,3.925449778013126e-05,0.610748013063674,3.67,1.37,67418.08
SI,2024,12,1,4.3275296001408587e-05,0.5595103343505656,0.94,1.37,67418.08
SE,2019,1,1,-5.914593437100757e-06,0.5735881404956565,-8.18,1.5,474202.91
SE,2019,2,1,3.1038061114249495e-05,0.25997755810509293,-4.17,2.27,474202.91
SE,2019,3,1,1.1987863134585542e-05,0.23391508035109895,-2.67,2.65,474202.91
SE,2019,4,1,1.3140418733158474e-05,0.2732273639419809,3.66,0.5,474202.91
SE,2019,5,1,1.4324084934061107e-05,0.42228606833948545,6.72,3.24,474202.91
SE,2019,6,1,1.6572781480373025e-05,0.5933605507113887,13.45,2.99,474202.91
SE,2019,7,1,1.1859862225153362e-05,0.6836169592575313,14.79,1.96,474202.91
SE,2019,8,1,1.393478526385304e-05,0.6837177881801857,14.14,3.11,474202.91
SE,2019,9,1,1.0634655461811116e-05,0.6590347143694765,8.23,3.06,474202.91
SE,2019,10,1,1.5049426567591411e-05,0.5926260687428662,1.67,2.53,474202.91
SE,2019,11,1,2.1141375902138087e-05,0.570428512342459,-3.35,2.19,474202.91
SE,2019,12,1,1.6397445555315156e-05,0.6385172186976632,-2.26,2.46,474202.91
SE,2020,1,1,2.7799744695088187e-05,0.6143033871173091,-1.12,2.72,478106.88
SE,2020,2,1,1.4387879951875246e-05,0.29977774444532834,-3.24,2.29,478106.88
SE,2020,3,1,1.1872060889567311e-05,0.2690024301261873,-1.32,1.77,478106.88
SE,2020,4,1,1.1492358325362257e-05,0.29476718403412816,2.18,1.27,478106.88
SE,2020,5,1,1.2464250562798482e-05,0.37644826526245645,5.64,1.47,478106.88
SE,2020,6,1,1.6157863506259624e-05,0.5850875990298349,15.52,2.03,478106.88
SE,2020,7,1,1.2002151676081588e-05,0.6727944029929854,12.84,4.62,478106.88
SE,2020,8,1,1.296304913781675e-05,0.7077446965110435,14.04,1.72,478106.88
SE,2020,9,1,1.2833132803329464e-05,0.679344339545163,9.38,2.52,478106.88
SE,2020,10,1,1.6777050962604185e-05,0.5953560984764048,4.67,3.41,478106.88
SE,2020,11,1,1.900518688718672e-05,0.5813842454192534,1.97,2.31,478106.88
SE,2020,12,1,1.6688100840014023e-05,0.6685674837990535,-1.08,2.78,478106.88
SE,2021,1,1,2.451525233228507e-06,0.5850032359246179,-9.07,2.16,533953.58
SE,2021,2,1,2.093443738124182e-05,0.26610075638921993,-7.27,1.17,533953.58
SE,2021,3,1,1.1111921450037853e-05,0.2470245502114139,-0.95,1.48,533953.58
SE,2021,4,1,1.0468314405693993e-05,0.2834157119187935,1.47,1.49,533953.58
SE,2021,5,1,1.3218287144931113e-05,0.3645195748655922,6.51,2.48,533953.58
SE,2021,6,1,1.44309996291298e-05,0.5980493967803522,14.53,2.39,533953.58
SE,2021,7,1,1.2483254662569396e-05,0.7052764570412133,17.13,2.66,533953.58
SE,2021,8,1,1.0928587669811578e-05,0.713897779669848,12.39,3.68,533953.58
SE,2021,9,1,1.2098551170975295e-05,0.685122438699557,8.48,2.61,533953.58
SE,2021,10,1,1.720281997280135e-05,0.62595333725494,4.66,3.85,533953.58
SE,2021,11,1,1.2723627661278033e-05,0.5960671723021049,-2.17,1.69,533953.58
SE,2021,12,1,2.496264846151271e-05,0.6488449851856685,-7.36,1.4,533953.58
SE,2022,1,1,1.771042895969102e-05,0.595305919447197,-4.61,2.16,547190.39
SE,2022,2,1,2.5549738029282564e-05,0.2666373370903062,-5.14,2.25,547190.39
SE,2022,3,1,1.4686375252301366e-05,0.2433108745424379,-0.58,1.07,547190.39
SE,2022,4,1,9.564722124118408e-06,0.26463577578058,1.41,1.59,547190.39
SE,2022,5,1,1.0404154101380884e-05,0.3892858617606215,7.75,2.01,547190.39
SE,2022,6,1,1.4991851926184055e-05,0.5900633652124476,14.03,2.49,547190.39
SE,2022,7,1,1.2341967220707316e-05,0.7029506015179727,14.5,3.51,547190.39
SE,2022,8,1,1.2140126165630368e-05,0.7087519530069262,14.44,3.46,547190.39
SE,2022,9,1,1.101583654409184e-05,0.6770305026903454,8.43,2.2,547190.39
SE,2022,10,1,1.38552582637371e-05,0.6281652415148742,5.14,2.15,547190.39
SE,2022,11,1,2.6820344875472212e-05,0.6099203892814511,0.09,1.61,547190.39
SE,2022,12,1,2.9988984561229428e-05,0.6475402302285437,-7.18,1.81,547190.39
SE,2023,1,1,2.508439915013999e-05,0.5873526666396763,-4.19,2.68,535176.76
SE,2023,2,1,9.067433028297976e-06,0.2635091391627251,-3.47,1.5,535176.76
SE,2023,3,1,8.881131995354137e-06,0.23393245180516783,-5.45,1.93,535176.76
SE,2023,4,1,1.1203419402522886e-05,0.3015137502280319,1.96,1.49,535176.76
SE,2023,5,1,1.2960538877131707e-05,0.40784950264588227,8.21,1.41,535176.76
SE,2023,6,1,1.452275353813672e-05,0.5795588377562096,14.56,1.61,535176.76
SE,2023,7,1,1.3369740441739284e-05,0.6926239269160009,14.38,3.87,535176.76
SE,2023,8,1,1.2655753703193552e-05,0.7053474253274774,14.0,4.97,535176.76
SE,2023,9,1,1.2787182155828203e-05,0.6579833433398226,11.16,3.02,535176.76
SE,2023,10,1,1.108061211804465e-05,0.5888178607567374,0.99,2.25,535176.76
SE,2023,11,1,1.0772634961664368e-05,0.5666885569946983,-5.3,2.23,535176.76
SE,2023,12,1,-8.27818046757685e-06,0.6379879580781862,-8.02,1.78,535176.76
SE,2024,1,1,2.1357039317338646e-05,0.5634699638139175,-8.7,2.04,558672.82
SE,2024,2,1,1.0243549297025734e-05,0.25533248754268156,-5.36,1.95,558672.82
SE,2024,3,1,9.435288537345006e-06,0.23889513751494537,-1.44,1.56,558672.82
SE,2024,4,1,8.8524564266463e-06,0.2708735482444414,0.58,2.02,558672.82
SE,2024,5,1,1.3898165198321851e-05,0.42351671004723235,11.14,0.9,558672.82
SE,2024,6,1,1.4426023843369127e-05,0.6368094983998596,13.44,3.25,558672.82
SE,2024,7,1,1.2305413987610568e-05,0.7164699509313385,15.2,4.58,558672.82
SE,2024,8,1,1.3185951274523109e-05,0.6941644152151877,14.59,3.29,558672.82
SE,2024,9,1,1.2712812145964898e-05,0.6725850960631161,10.43,2.59,558672.82
SE,2024,10,1,1.5664266964686856e-05,0.6211918618996447,4.81,2.74,558672.82
SE,2024,11,1,1.0470923451483048e-05,0.6145829783686215,-0.41,1.74,558672.82
SE,2024,12,1,1.9992390729354905e-05,0.631805282269955,-3.45,2.37,558672.82
UK,2019,1,0,3.43137159522507e-05,0.5874281457843955,4.22,1.85,2567598.29
UK,2019,2,0,7.287389269301835e-05,0.5654024882470318,6.57,2.25,2567598.29
UK,2019,3,0,3.555756970012954e-05,0.5830785867434042,6.97,3.78,2567598.29
UK,2019,4,0,5.210471347436695e-05,0.5981292733004197,8.41,1.83,2567598.29
UK,2019,5,0,3.762083991816047e-05,0.64888412321862,10.15,2.4,2567598.29
UK,2019,6,0,3.222282614907037e-05,0.6877584935655251,13.13,4.04,2567598.29
UK,2019,7,0,3.2601618008144776e-05,0.6860666849700381,16.26,3.1,2567598.29
UK,2019,8,0,3.362985149651803e-05,0.6418353304536599,15.69,4.14,2567598.29
UK,2019,9,0,4.263880811963718e-05,0.647705011318883,13.26,3.85,2567598.29
UK,2019,10,0,3.9577131361619286e-05,0.6382241215874468,9.34,4.07,2567598.29
UK,2019,11,0,4.228118213035208e-05,0.6109548551385111,5.97,3.61,2567598.29
UK,2019,12,0,3.923749615941917e-05,0.5880848270193861,5.85,3.6,2567598.29
UK,2020,1,0,3.938030046734792e-05,0.5645638262542825,6.28,3.33,2389474.98
UK,2020,2,0,3.101697328146047e-05,0.5498776482419295,5.44,6.03,2389474.98
UK,2020,3,0,4.197775764872543e-05,0.5355399339241277,5.83,2.41,2389474.98
UK,2020,4,0,3.9682962364239484e-05,0.5509558546555525,9.02,1.1,2389474.98
UK,2020,5,0,3.3132985382630324e-05,0.6155626596597005,11.45,1.2,2389474.98
UK,2020,6,0,3.1090117685860645e-05,0.661373135153818,13.83,3.73,2389474.98
UK,2020,7,0,2.865073453360248e-05,0.6808882025991834,14.26,3.03,2389474.98
UK,2020,8,0,3.2233331964528004e-05,0.6560452721561234,15.68,3.8,2389474.98
UK,2020,9,0,3.944004409147027e-05,0.6499860124813874,12.99,2.42,2389474.98
UK,2020,10,0,2.8849225536333632e-05,0.6410575802254566,9.79,5.24,2389474.98
UK,2020,11,0,4.688910836297856e-05,0.6281729116687764,8.35,3.21,2389474.98
UK,2020,12,0,3.451277302326907e-05,0.62234055191267,5.15,4.6,2389474.98
UK,2021,1,0,2.3522256541920285e-05,0.5667272645949141,2.95,4.02,2707253.55
UK,2021,2,0,4.5980771397935265e-05,0.535994097964253,4.51,3.69,2707253.55
UK,2021,3,0,3.6139426513242585e-05,0.5367472763088181,6.56,2.49,2707253.55
UK,2021,4,0,3.947941134230762e-05,0.5617125141923621,5.97,1.02,2707253.55
UK,2021,5,0,2.992772070534567e-05,0.6028985601552965,9.16,4.07,2707253.55
UK,2021,6,0,3.2357209419093e-05,0.6857226984167147,14.18,1.93,2707253.55
UK,2021,7,0,2.8202638944043313e-05,0.7036676255167217,16.36,2.73,2707253.55
UK,2021,8,0,2.7959996329302472e-05,0.660509651545313,14.97,2.46,2707253.55
UK,2021,9,0,3.8238155280075076e-05,0.6551482407909007,14.7,2.67,2707253.55
UK,2021,10,0,3.672150396132955e-05,0.6519911238551946,11.32,4.94,2707253.55
UK,2021,11,0,3.460721296400476e-05,0.633514079540828,7.74,2.42,2707253.55
UK,2021,12,0,3.362247224452893e-05,0.6334102917574375,5.97,3.29,2707253.55
UK,2022,1,0,4.841950614651892e-05,0.595308583201923,5.34,1.74,3029756.52
UK,2022,2,0,3.30815745839472e-05,0.5561810604401424,6.13,4.72,3029756.52
UK,2022,3,0,4.786371743805093e-05,0.5599641694312067,6.87,1.72,3029756.52
UK,2022,4,0,3.634249594138789e-05,0.5690260821921174,8.25,1.91,3029756.52
UK,2022,5,0,3.168100706722466e-05,0.6336461375054172,11.72,2.98,3029756.52
UK,2022,6,0,2.9053490892521444e-05,0.6877727054499561,13.94,2.58,3029756.52
UK,2022,7,0,3.023401723761915e-05,0.654656140884164,16.39,1.9,3029756.52
UK,2022,8,0,3.3370559543417304e-05,0.6051330765334092,16.58,1.9,3029756.52
UK,2022,9,0,3.073798033822387e-05,0.6139130932058748,13.56,3.33,3029756.52
UK,2022,10,0,4.095580029742723e-05,0.6431456805750997,11.93,4.46,3029756.52
UK,2022,11,0,4.393180499232279e-05,0.6471102424560026,8.81,4.87,3029756.52
UK,2022,12,0,4.419405775349092e-05,0.6262630364186798,3.79,2.98,3029756.52
UK,2023,1,0,4.579029285481898e-05,0.5790035801927375,5.09,3.35,3167404.31
UK,2023,2,0,3.842819631261069e-05,0.5564136113977752,6.34,1.5,3167404.31
UK,2023,3,0,3.0008634610958277e-05,0.5682857223358472,5.95,4.0,3167404.31
UK,2023,4,0,3.665385899909644e-05,0.6002882211667112,7.96,2.67,3167404.31
UK,2023,5,0,3.321533203130018e-05,0.6349183488947661,11.61,1.47,3167404.31
UK,2023,6,0,3.512703825033842e-05,0.6873307671735669,15.77,2.09,3167404.31
UK,2023,7,0,2.3890111956474222e-05,0.6626021409885472,14.89,4.54,3167404.31
UK,2023,8,0,2.6460011320420266e-05,0.6546333262330504,15.25,2.85,3167404.31
UK,2023,9,0,3.8411867874044e-05,0.6471136742427206,15.15,3.64,3167404.31
UK,2023,10,0,3.854322846833655e-05,0.6445612942049724,11.02,4.73,3167404.31
UK,2023,11,0,3.6769115815789826e-05,0.6326636956299821,6.93,3.41,3167404.31
UK,2023,12,0,3.178899838241142e-05,0.6080820743120683,6.49,5.2,3167404.31
UK,2024,1,0,2.6618048918252432e-05,0.5652625823615531,4.57,3.42,3421795.85
UK,2024,2,0,2.3987924001665267e-05,0.5539089694117648,6.76,4.12,3421795.85
UK,2024,3,0,3.130707335009168e-05,0.5533241980799182,6.92,3.19,3421795.85
UK,2024,4,0,2.2323870682103143e-05,0.5663511234653896,8.43,3.61,3421795.85
UK,2024,5,0,3.1229820628723404e-05,0.6290223300953229,12.87,2.93,3421795.85
UK,2024,6,0,2.6138906415462577e-05,0.6968252923657939,13.01,2.04,3421795.85
UK,2024,7,0,2.366472237968921e-05,0.6812777125467205,14.81,2.88,3421795.85
UK,2024,8,0,2.7752557323545662e-05,0.6494451471992719,15.4,3.31,3421795.85
UK,2024,9,0,3.515883649401565e-05,0.6419585162756622,12.7,3.53,3421795.85
UK,2024,10,0,4.481344262712842e-05,0.6307769289551779,10.88,3.18,3421795.85
UK,2024,11,0,3.9826367095920835e-05,0.6198387210066602,7.28,2.38,3421795.85
UK,2024,12,0,3.474144175525138e-05,0.6134739483930293,6.9,3.93,3421795.85
NO,2019,1,0,2.381354717156839e-07,0.32555801650220667,-6.13,3.49,378790.08
NO,2019,2,0,1.5716693584124924e-05,0.12067848363677923,-3.65,4.2,378790.08
NO,2019,3,0,7.752762741025358e-06,0.09662526265620443,-3.04,4.36,378790.08
NO,2019,4,0,1.1405706468812153e-05,0.17402541769973692,3.03,1.31,378790.08
NO,2019,5,0,1.0540901901289145e-05,0.22261824742256306,4.91,3.76,378790.08
NO,2019,6,0,1.419526982311504e-05,0.4143176530853591,10.11,4.7,378790.08
NO,2019,7,0,1.2939469135455699e-05,0.5672723287147196,12.88,2.56,378790.08
NO,2019,8,0,1.3183712731948954e-05,0.5992856378040098,12.41,4.14,378790.08
NO,2019,9,0,1.1184387473152876e-05,0.5688593124708462,7.41,5.17,378790.08
NO,2019,10,0,1.2786722483979894e-05,0.4433396459175479,1.19,3.49,378790.08
NO,2019,11,0,1.6144531422198035e-05,0.39042987159980064,-3.87,2.24,378790.08
NO,2019,12,0,,0.5786666667235865,-2.35,5.06,378790.08
NO,2020,1,0,2.3377759381208502e-05,0.3892825736984836,-1.62,7.19,335309.23
NO,2020,2,0,1.276815588169858e-05,0.12666313396569615,-2.91,5.34,335309.23
NO,2020,3,0,7.883889559942005e-06,0.09938498371694307,-1.86,4.63,335309.23
NO,2020,4,0,8.528635346098352e-06,0.13281878840820374,0.83,3.42,335309.23
NO,2020,5,0,8.331569130176825e-06,0.18684671519639368,4.03,3.0,335309.23
NO,2020,6,0,1.598318317961654e-05,0.36880149496411685,12.54,2.48,335309.23
NO,2020,7,0,1.1176403587146786e-05,0.5305559881710376,11.16,4.62,335309.23
NO,2020,8,0,1.3038343606824467e-05,0.6190994149005268,12.11,3.47,335309.23
NO,2020,9,0,1.1602187551605872e-05,0.5769173518777192,8.36,5.58,335309.23
NO,2020,10,0,1.4430175886630116e-05,0.45872892774331503,4.08,3.64,335309.23
NO,2020,11,0,2.0843174075555582e-05,0.42315816052692734,1.84,5.6,335309.23
NO,2020,12,0,,0.6165342320406895,-1.54,3.13,335309.23
NO,2021,1,0,1.0520819157344142e-05,0.3546793966195859,-8.38,1.8,442027.29
NO,2021,2,0,1.4882049434524419e-05,0.1172810794929063,-7.13,2.93,442027.29
NO,2021,3,0,8.204388569077538e-06,0.09615325455938639,-1.36,4.39,442027.29
NO,2021,4,0,7.413855888151988e-06,0.12458989611158507,0.25,3.13,442027.29
NO,2021,5,0,1.0363951690487422e-05,0.2047349743838142,5.15,2.26,442027.29
NO,2021,6,0,1.2809752977865444e-05,0.4014514909498994,11.72,3.19,442027.29
NO,2021,7,0,1.287905377522491e-05,0.5975496562127572,14.15,4.19,442027.29
NO,2021,8,0,1.1832454429372163e-05,0.6229987229691291,11.22,2.92,442027.29
NO,2021,9,0,1.2201175048334195e-05,0.575645133835121,8.33,3.82,442027.29
NO,2021,10,0,1.4565978701896251e-05,0.471122754462182,4.27,5.89,442027.29
NO,2021,11,0,1.4458441323188171e-05,0.41117591671323905,-1.71,4.34,442027.29
NO,2021,12,0,,0.6048495582582026,-6.22,2.86,442027.29
NO,2022,1,0,1.906279562110881e-05,0.3588828000477244,-3.74,6.33,587925.56
NO,2022,2,0,1.8398131181017372e-05,0.1207011132572329,-4.6,4.3,587925.56
NO,2022,3,0,1.1282312516180267e-05,0.10874453181206105,-0.66,3.12,587925.56
NO,2022,4,0,7.5003982455665885e-06,0.13990362309969118,0.7,2.04,587925.56
NO,2022,5,0,8.621208769909208e-06,0.2188200196667659,5.58,3.8,587925.56
NO,2022,6,0,1.206384811483412e-05,0.3978431555630281,11.2,3.56,587925.56
NO,2022,7,0,1.1642485914953419e-05,0.5759667185129766,12.53,5.09,587925.56
NO,2022,8,0,1.1621018618882606e-05,0.6216767920776847,12.46,4.91,587925.56
NO,2022,9,0,1.1308791398421137e-05,0.5828345967738894,7.97,3.0,587925.56
NO,2022,10,0,1.3495657817644462e-05,0.47235433093118345,4.29,5.01,587925.56
NO,2022,11,0,2.357146089124256e-05,0.436335887858062,0.64,3.33,587925.56
NO,2022,12,0,5.570915894063196e-06,0.6394180990414178,-6.92,2.7,587925.56
NO,2023,1,0,2.2178714506372098e-05,0.3668852203292128,-3.94,4.54,464997.81
NO,2023,2,0,8.237466708631952e-06,0.10348616241384463,-2.5,4.83,464997.81
NO,2023,3,0,5.335995824628011e-06,0.08220789998084306,-5.89,2.97,464997.81
NO,2023,4,0,8.255707480235404e-06,0.1399616239968067,1.35,2.53,464997.81
NO,2023,5,0,9.995481660978231e-06,0.20548531214520627,5.77,3.09,464997.81
NO,2023,6,0,1.3283426916802385e-05,0.3962203379786283,12.0,2.38,464997.81
NO,2023,7,0,1.3763187608862444e-05,0.5791253903040781,12.72,4.25,464997.81
NO,2023,8,0,1.1940823679192795e-05,0.6265715308535654,12.77,4.99,464997.81
NO,2023,9,0,1.1436724292351361e-05,0.5623095820664797,9.71,5.79,464997.81
NO,2023,10,0,1.081900012228721e-05,0.43355642064229877,0.86,3.54,464997.81
NO,2023,11,0,2.1467031975519976e-05,0.3792351936111473,-5.0,2.32,464997.81
NO,2023,12,0,4.9495353400657824e-05,0.5945733330548845,-7.51,3.21,464997.81
NO,2024,1,0,1.09052919585263e-05,0.3377342114537272,-7.0,4.58,463783.64
NO,2024,2,0,9.40641729958788e-06,0.12230058735429467,-4.61,3.91,463783.64
NO,2024,3,0,8.529376915935906e-06,0.10449097917204157,-1.28,2.44,463783.64
NO,2024,4,0,7.390849577350987e-06,0.1657960296592913,0.29,2.62,463783.64
NO,2024,5,0,1.3502374623133046e-05,0.2762040503049108,9.14,2.06,463783.64
NO,2024,6,0,1.2379463616218718e-05,0.46187659935791026,11.25,4.72,463783.64
NO,2024,7,0,1.1869611916706802e-05,0.6045850954940579,13.7,4.17,463783.64
NO,2024,8,0,1.1354443509175339e-05,0.6183107935793529,13.41,5.39,463783.64
NO,2024,9,0,1.2407286567197177e-05,0.5703887566190954,9.49,4.01,463783.64
NO,2024,10,0,1.6296211291058554e-05,0.45069184376085175,4.29,5.78,463783.64
NO,2024,11,0,1.4068793518796163e-05,0.43684834946564877,-0.23,5.01,463783.64
NO,2024,12,0,,0.5954583805022383,-2.85,6.0,463783.64
CH,2019,1,0,2.7656384761432365e-05,0.27657192080318443,-4.22,4.31,657486.4
CH,2019,2,0,4.135262432766157e-05,0.2796528846371377,-0.32,2.04,657486.4
CH,2019,3,0,2.8801124998184164e-05,0.29504163665123756,2.69,3.98,657486.4
CH,2019,4,0,2.9005785413778944e-05,0.3725202766329647,5.25,4.45,657486.4
CH,2019,5,0,2.4518607574872332e-05,0.45094873073949876,6.89,5.13,657486.4
CH,2019,6,0,2.6724533151090842e-05,0.5755545968527513,15.89,4.55,657486.4
CH,2019,7,0,2.5609778479154876e-05,0.5971836647494533,17.12,4.69,657486.4
CH,2019,8,0,2.5517538554464604e-05,0.6254215423566575,15.75,6.07,657486.4
CH,2019,9,0,2.9383431699899698e-05,0.6224132222974736,12.02,3.21,657486.4
CH,2019,10,0,3.0469499019227666e-05,0.5775838045874678,8.81,5.9,657486.4
CH,2019,11,0,3.521002014629557e-05,0.45185299745701796,1.68,5.59,657486.4
CH,2019,12,0,3.2971357159275537e-05,0.3841977230666429,0.04,4.81,657486.4
CH,2020,1,0,3.9412566205119955e-05,0.3179824145974846,-1.63,1.77,663242.26
CH,2020,2,0,3.2063165188886564e-05,0.30841463098187666,1.63,5.5,663242.26
CH,2020,3,0,2.8004611613875724e-05,0.34271036617480083,2.11,3.09,663242.26
CH,2020,4,0,2.6311482875762548e-05,0.4610065650186534,8.18,1.69,663242.26
CH,2020,5,0,2.4395412526907663e-05,0.5317788097771791,10.48,4.24,663242.26
CH,2020,6,0,2.124132374076988e-05,0.5784531099429902,12.85,6.4,663242.26
CH,2020,7,0,2.2869707198999073e-05,0.6191920195611325,16.23,3.99,663242.26
CH,2020,8,0,2.3443105241986518e-05,0.6236368062889218,15.87,6.94,663242.26
CH,2020,9,0,2.9253519886084055e-05,0.6066230969719907,12.45,3.4,663242.26
CH,2020,10,0,2.3818547891926267e-05,0.5325872585679471,5.82,6.4,663242.26
CH,2020,11,0,3.856817123413493e-05,0.44834924790270414,3.03,1.14,663242.26
CH,2020,12,0,3.375268296155471e-05,0.4013664211911419,-1.43,4.56,663242.26
CH,2021,1,0,2.5716767373746326e-05,0.2762271142860008,-3.66,6.74,712466.12
CH,2021,2,0,2.841280400056288e-05,0.2782619797688386,0.55,2.37,712466.12
CH,2021,3,0,2.6541263632430718e-05,0.2923503666754549,1.32,2.99,712466.12
CH,2021,4,0,2.3625096698479893e-05,0.3684663247035892,3.58,2.51,712466.12
CH,2021,5,0,2.1001486488205163e-05,0.4329357863507939,7.02,6.54,712466.12
CH,2021,6,0,2.5079393618080094e-05,0.5469174111684394,15.17,6.54,712466.12
CH,2021,7,0,2.347236839841277e-05,0.6159334400382562,14.81,9.71,712466.12
CH,2021,8,0,2.4397841113672873e-05,0.6261164182450485,13.99,5.33,712466.12
CH,2021,9,0,3.0400601733201488e-05,0.6264634389768063,12.71,2.97,712466.12
CH,2021,10,0,3.47846023335166e-05,0.5700718107017406,6.42,2.45,712466.12
CH,2021,11,0,4.3379241277109375e-05,0.449460330329708,0.49,2.89,712466.12
CH,2021,12,0,3.998186303754096e-05,0.3827361438456159,-1.94,4.76,712466.12
CH,2022,1,0,3.8662657964472284e-05,0.3093572075810608,-2.73,2.12,817599.08
CH,2022,2,0,2.8711732342199057e-05,0.3133285600757212,-0.1,4.29,817599.08
CH,2022,3,0,3.59007560787835e-05,0.3593252256512033,2.4,0.73,817599.08
CH,2022,4,0,2.491537636246307e-05,0.38066868917620333,5.22,3.83,817599.08
CH,2022,5,0,2.460771203804886e-05,0.4915671737356627,12.07,3.78,817599.08
CH,2022,6,0,2.485928313733676e-05,0.5987506618444114,16.03,6.31,817599.08
CH,2022,7,0,2.539390318654694e-05,0.6249062326836783,17.61,2.72,817599.08
CH,2022,8,0,2.5148880333222444e-05,0.5985401705624461,16.78,3.24,817599.08
CH,2022,9,0,2.685165991008131e-05,0.5962406737782825,10.75,6.1,817599.08
CH,2022,10,0,3.3043881400562916e-05,0.5418218770146189,10.6,3.69,817599.08
CH,2022,11,0,3.316703877295573e-05,0.4593129299281214,3.24,3.49,817599.08
CH,2022,12,0,3.255382348951884e-05,0.4198788910731014,-1.03,3.66,817599.08
CH,2023,1,0,3.061428274134231e-05,0.3286018821121872,-1.84,2.37,859662.29
CH,2023,2,0,3.608757952753281e-05,0.3419170933654461,-0.35,1.2,859662.29
CH,2023,3,0,2.711385178154816e-05,0.3407531962007026,3.05,4.85,859662.29
CH,2023,4,0,2.2206560583207716e-05,0.3874451128976784,4.51,5.04,859662.29
CH,2023,5,0,2.609602502014119e-05,0.45140888597626605,10.18,4.9,859662.29
CH,2023,6,0,2.933731315706997e-05,0.5510144997014296,15.85,3.46,859662.29
CH,2023,7,0,2.5016637095744442e-05,0.5964863261224528,16.66,6.14,859662.29
CH,2023,8,0,2.690155684886917e-05,0.6141978548905236,16.18,6.47,859662.29
CH,2023,9,0,3.129807727917125e-05,0.6146140904766582,14.68,3.68,859662.29
CH,2023,10,0,2.9076261638960583e-05,0.555429313297646,9.83,4.74,859662.29
CH,2023,11,0,2.2659106638849194e-05,0.4738577793771879,1.79,8.27,859662.29
CH,2023,12,0,2.7613668256144934e-05,0.40823960297864076,0.29,6.09,859662.29
CH,2024,1,0,2.3104298150020417e-05,0.3108201866538581,-1.12,3.57,898073.88
CH,2024,2,0,2.0679340478805038e-05,0.319409773246744,3.21,2.94,898073.88
CH,2024,3,0,2.0653262429481212e-05,0.32936858673102093,3.97,5.38,898073.88
CH,2024,4,0,2.015245329258361e-05,0.41703304979412875,5.72,4.74,898073.88
CH,2024,5,0,2.043101964751857e-05,0.48670124273068227,9.65,7.08,898073.88
CH,2024,6,0,2.2108216510957748e-05,0.5493754468176629,13.96,6.49,898073.88
CH,2024,7,0,2.184739258050778e-05,0.6044052549706134,16.85,5.31,898073.88
CH,2024,8,0,2.795714343209705e-05,0.6392440250251264,17.61,3.63,898073.88
CH,2024,9,0,2.3017785994405117e-05,0.6119035039237704,10.71,6.51,898073.88
CH,2024,10,0,3.409250309768127e-05,0.5572414645841818,8.75,4.5,898073.88
CH,2024,11,0,3.3246226378829e-05,0.4779726573406602,2.23,3.06,898073.88
CH,2024,12,0,3.104336754025223e-05,0.3981852243076249,-2.16,3.92,898073.88
IS,2019,1,0,1.3444480373436818e-06,NaN,-3.13,3.67,22308.65
IS,2019,2,0,5.512505079573234e-06,0.03456370456896287,-2.67,4.37,22308.65
IS,2019,3,0,2.810969485439157e-06,0.0315346824156308,-2.53,4.29,22308.65
IS,2019,4,0,6.6846769730595895e-06,0.08447935229659292,2.83,2.99,22308.65
IS,2019,5,0,6.819923836150286e-06,0.1820989954650274,3.55,1.45,22308.65
IS,2019,6,0,8.299605777325727e-06,0.2677969344348381,6.92,1.47,22308.65
IS,2019,7,0,8.031265607374182e-06,0.3086473647539277,9.66,2.76,22308.65
IS,2019,8,0,6.975027410262393e-06,0.3359638260632725,7.26,3.61,22308.65
IS,2019,9,0,5.204100980403624e-06,0.3232545139824437,6.18,4.99,22308.65
IS,2019,10,0,5.432042298564935e-06,0.2694516292776318,1.35,4.02,22308.65
IS,2019,11,0,4.590283418620526e-06,0.19887689785545484,-1.73,2.19,22308.65
IS,2019,12,0,,NaN,-2.43,6.46,22308.65
IS,2020,1,0,,NaN,-2.71,5.68,19328.65
IS,2020,2,0,3.0658830923596775e-06,-0.002099359166141221,-3.34,5.36,19328.65
IS,2020,3,0,1.4642419633017188e-06,0.0037042437993671635,-3.58,4.32,19328.65
IS,2020,4,0,4.670439103588476e-06,0.05296981019269885,-0.05,2.98,19328.65
IS,2020,5,0,4.704932555050112e-06,0.12182003876720744,2.88,2.32,19328.65
IS,2020,6,0,8.764908189612676e-06,0.19103441195336454,7.38,2.64,19328.65
IS,2020,7,0,6.539057561227363e-06,0.3191341972511059,7.52,2.91,19328.65
IS,2020,8,0,6.817446154732459e-06,0.36921710389358375,8.78,3.13,19328.65
IS,2020,9,0,3.580779745949158e-06,0.33459569027858754,4.08,5.89,19328.65
IS,2020,10,0,6.228051979955975e-06,0.26945241687758736,2.22,3.75,19328.65
IS,2020,11,0,1.0094584514127189e-05,0.23921420771448101,-1.25,4.59,19328.65
IS,2020,12,0,,NaN,-2.59,6.23,19328.65
IS,2021,1,0,4.199125532460874e-06,NaN,-4.44,3.46,22232.94
IS,2021,2,0,7.0500421983755314e-06,0.05766555775920868,-1.78,3.63,22232.94
IS,2021,3,0,3.2443042842505768e-06,0.06791807084065288,-1.24,4.18,22232.94
IS,2021,4,0,3.7789153957044587e-06,0.12553226937727405,-0.8,2.81,22232.94
IS,2021,5,0,4.566332126591004e-06,0.13333700108799637,0.81,1.66,22232.94
IS,2021,6,0,6.894629960746994e-06,0.1904649741129199,6.02,3.49,22232.94
IS,2021,7,0,7.974464385038563e-06,0.31240403334990363,10.66,1.75,22232.94
IS,2021,8,0,8.681450479658795e-06,0.3721399891651775,10.72,1.74,22232.94
IS,2021,9,0,4.838529124511445e-06,0.3554302203787906,5.53,6.66,22232.94
IS,2021,10,0,5.301811705177122e-06,0.2597122028872085,1.46,5.41,22232.94
IS,2021,11,0,2.4442732228961576e-06,0.20977861203469958,-1.45,4.93,22232.94
IS,2021,12,0,,NaN,-2.35,2.76,22232.94
IS,2022,1,0,,NaN,-2.52,5.9,27786.88
IS,2022,2,0,4.522801573304035e-06,0.009994421266717818,-5.34,5.04,27786.88
IS,2022,3,0,2.195586386371949e-06,0.01107569717265339,-0.94,6.87,27786.88
IS,2022,4,0,3.807825018189172e-06,0.061565960995072104,1.14,2.19,27786.88
IS,2022,5,0,4.215804413791558e-06,0.13302982597239793,3.43,3.39,27786.88
IS,2022,6,0,6.4379810222571245e-06,0.2234046019218965,6.56,3.1,27786.88
IS,2022,7,0,6.292245039882918e-06,0.32863776928179583,8.1,3.61,27786.88
IS,2022,8,0,3.581385328879181e-06,0.37250720744669863,7.34,4.23,27786.88
IS,2022,9,0,6.448442191484478e-06,0.3405470818885646,6.56,2.69,27786.88
IS,2022,10,0,5.5627754166697245e-06,0.2358552936763804,1.27,4.68,27786.88
IS,2022,11,0,8.966963117189437e-06,0.23006400472842203,2.12,4.85,27786.88
IS,2022,12,0,,NaN,-7.0,1.91,27786.88
IS,2023,1,0,-1.5619754094586824e-06,NaN,-4.25,4.52,29353.7
IS,2023,2,0,4.168954206127109e-06,0.08373650149770247,-1.03,6.05,29353.7
IS,2023,3,0,1.996948694730208e-06,0.07204691758102158,-6.32,2.4,29353.7
IS,2023,4,0,4.244362376258182e-06,0.11880467852110468,1.15,3.5,29353.7
IS,2023,5,0,5.3406059012253475e-06,0.15095943427844233,4.09,4.14,29353.7
IS,2023,6,0,7.998478992528892e-06,0.23934900733856557,8.52,2.91,29353.7
IS,2023,7,0,8.612398015435173e-06,0.3305448684801963,7.54,1.67,29353.7
IS,2023,8,0,5.500831453869496e-06,0.35677955281020257,8.74,1.77,29353.7
IS,2023,9,0,3.294849375183823e-06,0.32861515078183584,5.18,5.04,29353.7
IS,2023,10,0,6.347425981430292e-06,0.23943543028142303,1.29,4.15,29353.7
IS,2023,11,0,1.036152905291853e-05,0.24092118518394265,-0.85,2.55,29353.7
IS,2023,12,0,,NaN,-5.38,2.88,29353.7
IS,2024,1,0,,NaN,-3.52,3.38,30728.35
IS,2024,2,0,3.1382870437914487e-06,0.006448354909162517,-4.52,3.31,30728.35
IS,2024,3,0,3.861057525901972e-06,0.014387740348439895,-2.43,4.24,30728.35
IS,2024,4,0,3.5116851554200134e-06,0.03622168652996303,-1.75,2.28,30728.35
IS,2024,5,0,4.924988334524272e-06,0.11546392097590304,3.98,2.8,30728.35
IS,2024,6,0,6.3791081154932065e-06,0.1916768423198503,5.52,3.84,30728.35
IS,2024,7,0,6.881489003080172e-06,0.30570216470265,8.93,3.13,30728.35
IS,2024,8,0,3.6099237461541065e-06,0.35715269126356414,6.69,4.72,30728.35
IS,2024,9,0,3.964329224554765e-06,0.3447407649853355,3.53,3.26,30728.35
IS,2024,10,0,3.948050710836453e-06,0.23350568015421158,-0.45,3.6,30728.35
IS,2024,11,0,7.68177629394733e-06,0.1985116716207736,-1.57,4.16,30728.35
IS,2024,12,0,,NaN,-4.13,3.77,30728.35
AL,2019,1,0,1.731021892736521e-05,0.3718703464814412,1.64,5.63,13915.28
AL,2019,2,0,1.785094210191104e-05,0.3456762102749722,5.67,1.79,13915.28
AL,2019,3,0,2.014301501251947e-05,0.3435736782391036,9.92,1.29,13915.28
AL,2019,4,0,2.0677323335209703e-05,0.42010137225271954,12.14,4.17,13915.28
AL,2019,5,0,1.6583781951989752e-05,0.5598198922623782,13.75,6.96,13915.28
AL,2019,6,0,1.8016675295786932e-05,0.6393041752987614,21.66,2.14,13915.28
AL,2019,7,0,1.629578939176138e-05,0.6235438233032834,22.55,2.32,13915.28
AL,2019,8,0,1.9657507537784625e-05,0.6045500346344732,24.03,0.41,13915.28
AL,2019,9,0,1.766725462723084e-05,0.5616551040130011,19.63,2.48,13915.28
AL,2019,10,0,1.6064617400392876e-05,0.5645408101482003,15.71,1.37,13915.28
AL,2019,11,0,1.73640029876054e-05,0.49597648813419204,12.17,9.79,13915.28
AL,2019,12,0,2.313438547938593e-05,0.4658652592152374,6.86,5.94,13915.28
AL,2020,1,0,1.8123300316483998e-05,0.4131061791756009,4.02,1.76,13369.7
AL,2020,2,0,2.1775565806356927e-05,0.38947792869724845,6.57,4.11,13369.7
AL,2020,3,0,1.484040482204147e-05,0.40728971551143467,8.68,5.3,13369.7
AL,2020,4,0,2.045866942359155e-05,0.4471224730309173,11.48,2.99,13369.7
AL,2020,5,0,1.6724855184829836e-05,0.5860552534670787,16.23,2.08,13369.7
AL,2020,6,0,1.722118521303473e-05,0.6228401971068782,18.73,2.62,13369.7
AL,2020,7,0,2.0215636429314457e-05,0.6179010620018324,22.73,0.74,13369.7
AL,2020,8,0,1.849226441501145e-05,0.5853771045111754,23.24,1.8,13369.7
AL,2020,9,0,2.0433090375414e-05,0.5495696083219678,20.48,4.4,13369.7
AL,2020,10,0,1.5774079400679006e-05,0.5661202742860872,14.13,6.97,13369.7
AL,2020,11,0,2.128025831891907e-05,0.5168353082085504,9.46,0.34,13369.7
AL,2020,12,0,2.188014986196621e-05,0.45502641642733416,7.82,7.09,13369.7
AL,2021,1,0,2.1227963429940073e-05,0.42269390957934316,4.8,13.9,15281.35
AL,2021,2,0,1.6343719663454205e-05,0.38751918717936035,6.4,4.97,15281.35
AL,2021,3,0,1.911172505853271e-05,0.3826086504759845,6.63,3.74,15281.35
AL,2021,4,0,1.3663539683561776e-05,0.41056620903709684,9.89,4.48,15281.35
AL,2021,5,0,1.5961930328402354e-05,0.5627687217061536,16.05,1.85,15281.35
AL,2021,6,0,1.4791617044232866e-05,0.6214646006083584,20.79,1.35,15281.35
AL,2021,7,0,1.7498408063483158e-05,0.5944026507473558,24.08,1.31,15281.35
AL,2021,8,0,1.6344757567638014e-05,0.5611359238626046,24.07,1.4,15281.35
AL,2021,9,0,1.9469254408370773e-05,0.5408382181589294,18.8,2.13,15281.35
AL,2021,10,0,1.7117008698870345e-05,0.5403073857683043,12.66,4.35,15281.35
AL,2021,11,0,2.0757320536075484e-05,0.48902289894892487,11.33,6.34,15281.35
AL,2021,12,0,2.2724717347403956e-05,0.4569587353049581,5.1,7.29,15281.35
AL,2022,1,0,1.7197251305096638e-05,0.40497700572136125,3.24,1.97,18111.66
AL,2022,2,0,2.1445169591835955e-05,0.37335836270927564,5.72,4.24,18111.66
AL,2022,3,0,1.8368292943803375e-05,0.3609281149021826,5.5,2.31,18111.66
AL,2022,4,0,1.9599310397308872e-05,0.40075085888770345,11.18,4.88,18111.66
AL,2022,5,0,1.5446625026516225e-05,0.5646176102787989,17.21,2.13,18111.66
AL,2022,6,0,1.6398217413769853e-05,0.6159709843898623,22.44,1.9,18111.66
AL,2022,7,0,1.962515304941892e-05,0.5943649397156231,23.96,0.8,18111.66
AL,2022,8,0,2.055749439411181e-05,0.5534910191701001,23.08,2.0,18111.66
AL,2022,9,0,1.4807904006898079e-05,0.5633285820567548,18.48,6.09,18111.66
AL,2022,10,0,1.7105369719892423e-05,0.5622717654906696,14.73,2.42,18111.66
AL,2022,11,0,2.1414451544228646e-05,0.5240638023299673,10.98,7.83,18111.66
AL,2022,12,0,1.9315957088022988e-05,0.46856457717456024,8.69,6.94,18111.66
AL,2023,1,0,1.6902344065851424e-05,0.4518525560950937,5.92,7.84,21751.15
AL,2023,2,0,2.2957135156506582e-05,0.3991540103993189,4.94,1.48,21751.15
AL,2023,3,0,1.751593624976723e-05,0.40799705294439703,8.92,4.63,21751.15
AL,2023,4,0,1.548615476956265e-05,0.456813578411853,10.28,4.72,21751.15
AL,2023,5,0,1.9790205846105144e-05,0.5752026549692686,15.8,4.11,21751.15
AL,2023,6,0,1.8926304310244323e-05,0.631375646207945,20.16,3.56,21751.15
AL,2023,7,0,1.6468785580412735e-05,0.6371172870319256,24.64,0.81,21751.15
AL,2023,8,0,1.7496790987091357e-05,0.6047528660145702,23.01,2.7,21751.15
AL,2023,9,0,1.732701021556693e-05,0.5745362149271556,20.84,1.29,21751.15
AL,2023,10,0,1.84164522554949e-05,0.5580311025550341,17.01,4.06,21751.15
AL,2023,11,0,1.730459298383318e-05,0.5334057294143968,10.54,11.42,21751.15
AL,2023,12,0,2.4431409136650737e-05,0.47270505998951046,7.22,2.89,21751.15
AL,2024,1,0,1.6893378748864705e-05,0.42335780605623424,5.34,5.16,25034.7
AL,2024,2,0,1.660545724971622e-05,0.40993887378443844,8.4,2.42,25034.7
AL,2024,3,0,1.6184693873113615e-05,0.4193790536484537,10.06,5.2,25034.7
AL,2024,4,0,2.141738768560583e-05,0.5140775736000829,13.78,3.29,25034.7
AL,2024,5,0,1.6132911980011793e-05,0.6184800929428607,16.77,3.61,25034.7
AL,2024,6,0,1.4709107685334636e-05,0.6210530850425494,22.96,1.44,25034.7
AL,2024,7,0,1.8265984953180853e-05,0.6040084453146102,25.31,0.9,25034.7
AL,2024,8,0,1.9937479338540176e-05,0.5569639780435023,24.97,0.82,25034.7
AL,2024,9,0,1.722427264986721e-05,0.5588728229129066,19.0,5.39,25034.7
AL,2024,10,0,1.953005809531186e-05,0.5769718395611902,15.19,3.6,25034.7
AL,2024,11,0,2.1418968230779434e-05,0.5277477761798374,8.64,5.39,25034.7
AL,2024,12,0,2.7148876540626044e-05,0.4836820887371246,5.82,5.53,25034.7
BA,2019,1,0,2.436955754464939e-05,0.3959728057524253,-0.99,3.83,18288.04
BA,2019,2,0,2.20806124488962e-05,0.3676948874248298,3.24,2.59,18288.04
BA,2019,3,0,2.1212325620459354e-05,0.36990587047626383,7.62,1.79,18288.04
BA,2019,4,0,2.477981756727662e-05,0.47634957933891636,10.63,4.94,18288.04
BA,2019,5,0,1.774972251095837e-05,0.6609952146440882,11.69,6.56,18288.04
BA,2019,6,0,1.705451507115816e-05,0.7653007809238525,20.66,3.79,18288.04
BA,2019,7,0,1.6512585793726678e-05,0.7744829111408221,20.49,2.58,18288.04
BA,2019,8,0,1.826180357329616e-05,0.770098243711748,21.65,1.88,18288.04
BA,2019,9,0,1.787464587599463e-05,0.7357198827931511,16.18,2.5,18288.04
BA,2019,10,0,1.9725460931516088e-05,0.6855620130129725,12.58,1.24,18288.04
BA,2019,11,0,2.1752136942574716e-05,0.5493578334467987,9.57,5.87,18288.04
BA,2019,12,0,2.5070016416932286e-05,0.4737136079255536,3.72,3.82,18288.04
BA,2020,1,0,2.60016504618573e-05,0.41935701207061193,0.98,0.88,17742.14
BA,2020,2,0,2.529176540251664e-05,0.4203656117306298,5.13,2.34,17742.14
BA,2020,3,0,2.0891627196460926e-05,0.4300140517442343,6.16,2.52,17742.14
BA,2020,4,0,2.249073685411001e-05,0.4751728423797465,10.6,1.26,17742.14
BA,2020,5,0,1.587035772528712e-05,0.6811804945855995,13.69,3.69,17742.14
BA,2020,6,0,1.7695708691314552e-05,0.7563403542696318,17.61,4.32,17742.14
BA,2020,7,0,1.8515201631389704e-05,0.7819654135780911,19.95,2.13,17742.14
BA,2020,8,0,1.8502414901605948e-05,0.7768387854538307,21.1,4.03,17742.14
BA,2020,9,0,1.9638760474720537e-05,0.7450210365623263,17.09,2.68,17742.14
BA,2020,10,0,2.019111268205501e-05,0.6880349286663376,11.39,4.7,17742.14
BA,2020,11,0,2.1003729001691155e-05,0.5521600842361272,6.01,1.2,17742.14
BA,2020,12,0,2.4938529490588372e-05,0.48659447241652287,4.2,5.47,17742.14
BA,2021,1,0,1.934268819660732e-05,0.4318118732966081,0.91,5.18,20061.62
BA,2021,2,0,1.7936076650302447e-05,0.41111352193291906,4.61,2.2,20061.62
BA,2021,3,0,2.152653995974089e-05,0.40031820654034905,4.63,2.44,20061.62
BA,2021,4,0,1.609561880647645e-05,0.4284269922425869,7.63,3.46,20061.62
BA,2021,5,0,1.6427393776953377e-05,0.6445110479585572,13.91,2.98,20061.62
BA,2021,6,0,1.8557503669957028e-05,0.766429993877772,20.17,1.26,20061.62
BA,2021,7,0,1.726045876673779e-05,0.7516799203715662,22.3,4.43,20061.62
BA,2021,8,0,1.6506965511751547e-05,0.7428517693678016,20.46,2.24,20061.62
BA,2021,9,0,1.9017478122232264e-05,0.7225313035415623,16.26,1.2,20061.62
BA,2021,10,0,2.151794249395936e-05,0.6910914558773058,9.01,3.62,20061.62
BA,2021,11,0,2.5463029664512884e-05,0.5456548327856866,6.9,6.16,20061.62
BA,2021,12,0,2.9669012978530055e-05,0.478148465065356,2.74,5.62,20061.62
BA,2022,1,0,2.3961224659957172e-05,0.4082948458827145,0.56,1.76,23366.35
BA,2022,2,0,2.5530159685123934e-05,0.3901969585616648,4.14,2.55,23366.35
BA,2022,3,0,2.3661975077301107e-05,0.36976299617231095,4.49,1.64,23366.35
BA,2022,4,0,1.8840590021576155e-05,0.43610376415456165,9.19,3.18,23366.35
BA,2022,5,0,1.7550580892310676e-05,0.6576657638389906,16.44,2.24,23366.35
BA,2022,6,0,1.749594978486472e-05,0.7575393925324702,21.25,2.47,23366.35
BA,2022,7,0,1.829198119983721e-05,0.7370246059745381,21.84,1.32,23366.35
BA,2022,8,0,1.8974971866065935e-05,0.7152396948042413,20.94,3.22,23366.35
BA,2022,9,0,1.676199970109562e-05,0.7293457752746767,15.37,4.88,23366.35
BA,2022,10,0,2.0788834494891386e-05,0.6407233100444688,13.3,0.74,23366.35
BA,2022,11,0,2.497381774716225e-05,0.5604411737898667,7.39,5.69,23366.35
BA,2022,12,0,2.326717781898617e-05,0.48928834055716236,5.28,4.3,23366.35
BA,2023,1,0,2.2244305960571114e-05,0.44460450851010075,3.23,5.28,25548.48
BA,2023,2,0,2.4613394269557357e-05,0.40165030655673184,2.28,3.06,25548.48
BA,2023,3,0,2.044671497294745e-05,0.3961915671172311,7.1,2.17,25548.48
BA,2023,4,0,1.8093811100480682e-05,0.4663819654247351,8.73,4.14,25548.48
BA,2023,5,0,1.850293906123922e-05,0.6546127140873075,14.57,6.31,25548.48
BA,2023,6,0,2.020414963474646e-05,0.7753490450315271,18.57,4.28,25548.48
BA,2023,7,0,1.914060134389617e-05,0.7811186959006873,22.46,1.98,25548.48
BA,2023,8,0,1.80965435712347e-05,0.7667325388154013,21.08,2.68,25548.48
BA,2023,9,0,2.0678970659975005e-05,0.7378345269349802,18.77,2.42,25548.48
BA,2023,10,0,2.0101124949953327e-05,0.6917663295207255,14.84,2.28,25548.48
BA,2023,11,0,2.2966639380995658e-05,0.5927266788222617,7.26,6.57,25548.48
BA,2023,12,0,2.545233997583284e-05,0.4924016375592934,4.94,2.31,25548.48
BA,2024,1,0,1.9084861080930282e-05,0.44903708744713156,2.23,2.71,27534.6
BA,2024,2,0,2.058624010458119e-05,0.43153693303635615,7.82,2.52,27534.6
BA,2024,3,0,1.8741737892288944e-05,0.4378465674312006,9.41,3.16,27534.6
BA,2024,4,0,2.0825745109162458e-05,0.5351818142182282,12.54,2.21,27534.6
BA,2024,5,0,1.946670694681025e-05,0.7237685673567267,15.87,3.91,27534.6
BA,2024,6,0,1.586151053286588e-05,0.7525944284407287,21.06,3.22,27534.6
BA,2024,7,0,1.675353183913132e-05,0.766268093386616,23.38,1.69,27534.6
BA,2024,8,0,1.8636195365581503e-05,0.728048173752837,23.78,1.59,27534.6
BA,2024,9,0,2.0099876938683438e-05,0.6971555193580409,16.66,5.02,27534.6
BA,2024,10,0,2.0733211768903435e-05,0.6717206997505046,13.35,2.92,27534.6
BA,2024,11,0,2.268798568361793e-05,0.5667429183878953,4.97,3.43,27534.6
BA,2024,12,0,3.029940356508903e-05,0.4925715448852211,2.22,4.08,27534.6
ME,2019,1,0,1.388714215458559e-05,0.2986976665391018,-2.27,4.94,4896.09
ME,2019,2,0,1.5241675051434732e-05,0.2988539030484385,1.94,4.1,4896.09
ME,2019,3,0,1.717246061511292e-05,0.3012889485033658,6.05,1.8,4896.09
ME,2019,4,0,2.0607693837627565e-05,0.3757916559555385,8.81,5.51,4896.09
ME,2019,5,0,1.6348015702500362e-05,0.5450715635377384,10.2,7.9,4896.09
ME,2019,6,0,1.5236713634817719e-05,0.7182971330405005,18.83,2.44,4896.09
ME,2019,7,0,1.4207335398757617e-05,0.7376486092643265,18.97,3.39,4896.09
ME,2019,8,0,1.6525163754234804e-05,0.7397218651089214,20.54,1.11,4896.09
ME,2019,9,0,1.4230915123206955e-05,0.7013652670534649,15.65,2.38,4896.09
ME,2019,10,0,1.4516540415415093e-05,0.6622104170683701,11.83,0.82,4896.09
ME,2019,11,0,1.6071888089261543e-05,0.5041001809858562,8.46,11.82,4896.09
ME,2019,12,0,1.7821296517720172e-05,0.4220312125974831,2.68,5.37,4896.09
ME,2020,1,0,1.534006353725676e-05,0.34335456591333124,0.3,1.49,4152.8
ME,2020,2,0,1.9978609048904213e-05,0.33788900406454064,3.38,3.7,4152.8
ME,2020,3,0,1.7141502904128295e-05,0.34301919271401615,5.02,5.35,4152.8
ME,2020,4,0,1.9675342178931888e-05,0.3971026240899786,8.49,2.64,4152.8
ME,2020,5,0,1.4327598538158015e-05,0.592501373554174,12.45,3.43,4152.8
ME,2020,6,0,1.701690148116861e-05,0.7161977346430218,15.55,4.13,4152.8
ME,2020,7,0,1.684177861393183e-05,0.7490010299210573,18.89,1.7,4152.8
ME,2020,8,0,1.6302967021082737e-05,0.7290822180480998,19.43,3.44,4152.8
ME,2020,9,0,1.695804666619856e-05,0.703430472738176,16.48,5.3,4152.8
ME,2020,10,0,1.3410925912533982e-05,0.655711151510827,10.22,7.63,4152.8
ME,2020,11,0,1.6674551377044777e-05,0.5225254617900791,5.83,0.38,4152.8
ME,2020,12,0,1.7391962328146952e-05,0.448958247169581,3.61,8.63,4152.8
ME,2021,1,0,1.759358789525143e-05,0.33832334195503194,-0.19,11.96,4934.67
ME,2021,2,0,1.4205334709583295e-05,0.30810631294975843,2.61,4.99,4934.67
ME,2021,3,0,1.630417901720948e-05,0.29524780997658473,2.63,3.7,4934.67
ME,2021,4,0,1.3131841970071e-05,0.3170611852796808,5.72,4.68,4934.67
ME,2021,5,0,1.4311335456896831e-05,0.5020554099441589,12.53,2.36,4934.67
ME,2021,6,0,1.4444979774349312e-05,0.6973466389255343,17.82,1.72,4934.67
ME,2021,7,0,1.5113789919397444e-05,0.7119785053120496,21.06,2.0,4934.67
ME,2021,8,0,1.5432576625218776e-05,0.678452405620066,20.14,2.25,4934.67
ME,2021,9,0,1.642196173673666e-05,0.6682646127357916,15.06,1.78,4934.67
ME,2021,10,0,1.3672533525949417e-05,0.6469140230681425,8.56,3.37,4934.67
ME,2021,11,0,1.7842831001190518e-05,0.5107442143508307,7.14,7.92,4934.67
ME,2021,12,0,2.1683784291703738e-05,0.42283087791371937,1.0,8.08,4934.67
ME,2022,1,0,1.5309784439949502e-05,0.2959915329195253,-1.09,2.25,5961.64
ME,2022,2,0,1.6858349587714425e-05,0.27829351933893703,1.84,4.49,5961.64
ME,2022,3,0,1.5450925143486368e-05,0.2733801293893386,2.05,3.13,5961.64
ME,2022,4,0,1.771402664548693e-05,0.32959271844029603,7.33,4.9,5961.64
ME,2022,5,0,1.3461806694507315e-05,0.5510132031795157,14.34,2.5,5961.64
ME,2022,6,0,1.5021178099002686e-05,0.7169077502680484,19.43,2.16,5961.64
ME,2022,7,0,1.5633990607224393e-05,0.7058151574295646,20.61,1.55,5961.64
ME,2022,8,0,1.7407329714614092e-05,0.6715128602399663,19.74,2.69,5961.64
ME,2022,9,0,1.3410489934613779e-05,0.6815301420458655,14.2,8.08,5961.64
ME,2022,10,0,1.5193561189959129e-05,0.617420085361469,11.54,1.34,5961.64
ME,2022,11,0,1.771901930052919e-05,0.5297655833709467,6.99,8.95,5961.64
ME,2022,12,0,1.7710127261347763e-05,0.4462858626133915,5.05,8.22,5961.64
ME,2023,1,0,1.361388642941583e-05,0.393625226271808,2.21,9.12,7077.15
ME,2023,2,0,1.959675231235678e-05,0.34879274610399935,0.03,3.43,7077.15
ME,2023,3,0,1.7582652231132945e-05,0.3350438665317533,5.41,3.4,7077.15
ME,2023,4,0,1.5470657868394925e-05,0.3853424117237109,6.54,5.23,7077.15
ME,2023,5,0,1.7038178478675712e-05,0.5416921763255774,12.79,6.07,7077.15
ME,2023,6,0,1.8041155935298408e-05,0.722724875866215,16.87,5.37,7077.15
ME,2023,7,0,1.545106350412343e-05,0.7484567709344617,21.18,1.43,7077.15
ME,2023,8,0,1.5282760449876355e-05,0.7189695262029673,19.33,3.28,7077.15
ME,2023,9,0,1.505743066758865e-05,0.7107746537696972,17.14,2.42,7077.15
ME,2023,10,0,1.6373392765221365e-05,0.6658403122242933,13.05,4.24,7077.15
ME,2023,11,0,1.622002182429054e-05,0.542620131040461,5.77,11.32,7077.15
ME,2023,12,0,1.725445251745948e-05,0.42988345840209347,3.43,3.4,7077.15
ME,2024,1,0,1.1670921054180337e-05,0.3651325408008864,1.15,4.29,7661.38
ME,2024,2,0,1.4053490888420618e-05,0.3651642998027727,5.37,5.19,7661.38
ME,2024,3,0,1.5024067848907703e-05,0.38253927370227425,6.93,4.7,7661.38
ME,2024,4,0,1.7181199877050533e-05,0.46418619373513365,10.63,2.77,7661.38
ME,2024,5,0,1.541542360441458e-05,0.6522488861861845,13.54,4.48,7661.38
ME,2024,6,0,1.2913221979380749e-05,0.7319359369035193,19.57,2.31,7661.38
ME,2024,7,0,1.4146341454936316e-05,0.7355498453488052,21.76,2.01,7661.38
ME,2024,8,0,1.6734693597532527e-05,0.6942754372359009,21.69,0.99,7661.38
ME,2024,9,0,1.680192717218678e-05,0.6638977933080897,15.08,6.17,7661.38
ME,2024,10,0,1.6531294145110976e-05,0.6310196799963791,11.98,4.24,7661.38
ME,2024,11,0,1.5438267802967878e-05,0.5211083465398834,3.76,4.88,7661.38
ME,2024,12,0,2.079872942762685e-05,0.4519500433857194,1.53,4.49,7661.38
MK,2019,1,0,2.8948786470143555e-05,0.3511396789036113,-2.15,3.8,11255.66
MK,2019,2,0,2.0836941867683193e-05,0.3155523312477883,2.82,0.92,11255.66
MK,2019,3,0,2.1985238232212156e-05,0.3102039539202092,8.36,0.47,11255.66
MK,2019,4,0,2.3783945875238986e-05,0.392059554789153,10.96,2.62,11255.66
MK,2019,5,0,1.6410926677641998e-05,0.5975845104903462,13.61,3.3,11255.66
MK,2019,6,0,1.7882492678523608e-05,0.6891004471454578,20.62,2.56,11255.66
MK,2019,7,0,1.5472602180182445e-05,0.6725395593026425,21.74,1.56,11255.66
MK,2019,8,0,1.8470329426520968e-05,0.6311382046789445,23.57,0.29,11255.66
MK,2019,9,0,1.9178995846503582e-05,0.5851662103813416,18.31,1.02,11255.66
MK,2019,10,0,1.9075213416413254e-05,0.5630469695213404,14.23,0.5,11255.66
MK,2019,11,0,2.272194747055336e-05,0.40971684337715686,10.02,3.33,11255.66
MK,2019,12,0,2.7622183500566854e-05,0.38533033276278783,3.1,2.41,11255.66
MK,2020,1,0,2.3353481996581812e-05,0.34883199925827246,0.59,0.67,10843.01
MK,2020,2,0,2.487445516460961e-05,0.34299272838898026,4.01,2.07,10843.01
MK,2020,3,0,1.8983017452476677e-05,0.3655828736979296,6.35,4.05,10843.01
MK,2020,4,0,2.1629499553998773e-05,0.4004650623592955,9.78,3.28,10843.01
MK,2020,5,0,1.6134196427082555e-05,0.6093746954683273,15.09,2.05,10843.01
MK,2020,6,0,1.7160505357685483e-05,0.6474526435206758,18.36,2.74,10843.01
MK,2020,7,0,1.8795156127816854e-05,0.6503835314378225,21.81,1.27,10843.01
MK,2020,8,0,1.7127360469634746e-05,0.6506187133614117,21.37,3.63,10843.01
MK,2020,9,0,1.8744368893968512e-05,0.6458124372274242,18.88,1.13,10843.01
MK,2020,10,0,1.8534629907819985e-05,0.6111459665879324,12.39,1.99,10843.01
MK,2020,11,0,2.453258176867002e-05,0.48236616305954966,6.04,0.24,10843.01
MK,2020,12,0,2.610183669653461e-05,0.3984708956766962,4.8,2.47,10843.01
MK,2021,1,0,2.141381390983305e-05,0.36575009682153103,1.97,6.75,11864.65
MK,2021,2,0,1.9121767451040098e-05,0.34487606849460084,3.45,1.93,11864.65
MK,2021,3,0,2.1792774459168207e-05,0.3525408000294128,3.87,2.47,11864.65
MK,2021,4,0,1.742185084017174e-05,0.3793968300248098,8.53,2.53,11864.65
MK,2021,5,0,1.6239925718538417e-05,0.5831584969903764,15.52,1.32,11864.65
MK,2021,6,0,1.4909820385487922e-05,0.6641124382104883,19.4,1.81,11864.65
MK,2021,7,0,1.672611291651765e-05,0.6458414160127965,23.33,1.56,11864.65
MK,2021,8,0,1.583951278950473e-05,0.6095336500473473,23.17,0.66,11864.65
MK,2021,9,0,1.93526557757337e-05,0.5748287509921104,17.01,1.33,11864.65
MK,2021,10,0,1.6699338594747598e-05,0.5632733158573087,9.3,3.95,11864.65
MK,2021,11,0,2.750979404983567e-05,0.4478614620697891,7.7,2.33,11864.65
MK,2021,12,0,3.1259064498209325e-05,0.39563952189367185,1.96,3.71,11864.65
MK,2022,1,0,2.2621596391498428e-05,0.3488476661330277,-0.13,1.36,13268.99
MK,2022,2,0,2.4658153493878696e-05,0.33350428839769647,3.09,2.29,13268.99
MK,2022,3,0,2.061444937912423e-05,0.3236569053830373,2.55,1.59,13268.99
MK,2022,4,0,2.166810896678814e-05,0.3941242524432686,9.98,1.89,13268.99
MK,2022,5,0,1.4981068466541897e-05,0.6057533327278274,16.34,2.14,13268.99
MK,2022,6,0,1.581543208588285e-05,0.6684071025162419,20.64,2.85,13268.99
MK,2022,7,0,1.802007860315429e-05,0.6521647659088229,22.34,1.48,13268.99
MK,2022,8,0,1.9461226754868597e-05,0.6331481638590256,21.53,3.05,13268.99
MK,2022,9,0,1.4584276689658862e-05,0.655045748076235,16.32,2.03,13268.99
MK,2022,10,0,1.8420457758688495e-05,0.5987099396947745,12.35,1.47,13268.99
MK,2022,11,0,2.4299714156319075e-05,0.4620252506329483,8.43,2.67,13268.99
MK,2022,12,0,2.7154232496301906e-05,0.411477406945009,5.28,2.27,13268.99
MK,2023,1,0,2.318512244087442e-05,0.4028065386556968,3.45,3.38,14680.68
MK,2023,2,0,2.7135279226342494e-05,0.35544702180081944,2.69,0.98,14680.68
MK,2023,3,0,2.0805892046443082e-05,0.3576455401807762,7.02,2.3,14680.68
MK,2023,4,0,1.721748694363034e-05,0.42225611670733487,8.44,3.52,14680.68
MK,2023,5,0,1.8129336883615966e-05,0.6017786351164081,13.83,3.84,14680.68
MK,2023,6,0,1.9068871776389732e-05,0.6847005522917832,18.49,4.16,14680.68
MK,2023,7,0,1.6320861930638218e-05,0.684635826901938,23.37,0.79,14680.68
MK,2023,8,0,1.631350955830656e-05,0.6447463696335961,22.2,1.2,14680.68
MK,2023,9,0,1.778463212817869e-05,0.5987142857376351,19.44,1.35,14680.68
MK,2023,10,0,2.0185671025149465e-05,0.5588975991378363,14.7,0.81,14680.68
MK,2023,11,0,2.1736231169833574e-05,0.5013084409626662,7.28,4.71,14680.68
MK,2023,12,0,3.4092599520487045e-05,0.4114050313586741,3.73,2.34,14680.68
MK,2024,1,0,1.9155716777795208e-05,0.3569333526423494,1.59,1.91,15696.0
MK,2024,2,0,1.956798614772901e-05,0.3546460420621008,6.43,1.02,15696.0
MK,2024,3,0,2.0476193916909082e-05,0.38222257666070864,8.26,2.6,15696.0
MK,2024,4,0,2.1999951878463716e-05,0.5169924716147319,12.74,1.97,15696.0
MK,2024,5,0,1.7122259504583684e-05,0.664421168744801,14.92,3.09,15696.0
MK,2024,6,0,1.4317179588932728e-05,0.6471888889171249,22.44,1.66,15696.0
MK,2024,7,0,1.8677217878940273e-05,0.6273264368665867,24.25,0.75,15696.0
MK,2024,8,0,1.9086792830292886e-05,0.5792950193305351,23.49,1.03,15696.0
MK,2024,9,0,1.7173537937307742e-05,0.5738181470856728,17.34,2.45,15696.0
MK,2024,10,0,1.9865644453122324e-05,0.5750738216524904,12.61,0.89,15696.0
MK,2024,11,0,2.6870738732205906e-05,0.4552657288456868,4.7,3.16,15696.0
MK,2024,12,0,3.130151579921692e-05,0.40841693272905283,2.69,3.44,15696.0
RS,2019,1,0,3.1059830372526756e-05,0.3589134683975117,-0.99,2.77,48093.48
RS,2019,2,0,3.219317986762183e-05,0.30783697063310517,3.37,1.39,48093.48
RS,2019,3,0,2.9381748141602633e-05,0.31674890784645565,8.78,0.73,48093.48
RS,2019,4,0,3.517372526154684e-05,0.4473021203625411,12.23,2.7,48093.48
RS,2019,5,0,2.3590586168671815e-05,0.6367117635396461,13.89,3.84,48093.48
RS,2019,6,0,2.0920174673033463e-05,0.7258827544143721,21.73,3.14,48093.48
RS,2019,7,0,2.0097273039889354e-05,0.7489015769260808,21.68,2.01,48093.48
RS,2019,8,0,2.2400398726990453e-05,0.7233850138084409,23.08,1.16,48093.48
RS,2019,9,0,2.23649686085158e-05,0.6100751575729673,17.73,1.22,48093.48
RS,2019,10,0,3.097984722997796e-05,0.5398281787509158,13.48,0.63,48093.48
RS,2019,11,0,3.0450515409142745e-05,0.41519328811162565,10.46,2.07,48093.48
RS,2019,12,0,3.6742052291536025e-05,0.38879409711642055,3.58,2.2,48093.48
RS,2020,1,0,3.485945899258192e-05,0.35890942020577943,-0.06,0.81,49012.3
RS,2020,2,0,3.1004783173494355e-05,0.3594278959504318,5.04,2.33,49012.3
RS,2020,3,0,2.7484091378891934e-05,0.3826647813483421,6.96,2.25,49012.3
RS,2020,4,0,2.581137832157325e-05,0.4510858844520604,11.46,0.9,49012.3
RS,2020,5,0,2.5305458074716426e-05,0.6230802586807077,14.9,2.67,49012.3
RS,2020,6,0,2.1924637400039364e-05,0.6979997605286044,19.07,4.0,49012.3
RS,2020,7,0,2.0561511993419485e-05,0.7474757756668924,21.08,2.59,49012.3
RS,2020,8,0,2.1170217806431533e-05,0.747309602832184,22.13,2.79,49012.3
RS,2020,9,0,2.2984300728235248e-05,0.6530761893484042,18.62,1.01,49012.3
RS,2020,10,0,2.6713881533650584e-05,0.5600834834630843,12.35,2.63,49012.3
RS,2020,11,0,2.6995261291782985e-05,0.4841388703818862,5.72,0.58,49012.3
RS,2020,12,0,3.0282504466476603e-05,0.4202070029750093,4.29,2.11,49012.3
RS,2021,1,0,2.5195773016580886e-05,0.4145462082533567,1.87,3.8,56067.7
RS,2021,2,0,2.3292246550539655e-05,0.3753383916891824,4.27,1.3,56067.7
RS,2021,3,0,2.934748208670233e-05,0.3612308198877214,4.74,2.44,56067.7
RS,2021,4,0,2.7436155532058264e-05,0.4238532353496303,8.69,2.15,56067.7
RS,2021,5,0,2.2200825527438842e-05,0.6172523903780646,15.45,2.04,56067.7
RS,2021,6,0,2.2019721104192916e-05,0.7130303548251041,21.01,1.35,56067.7
RS,2021,7,0,2.0158726709137337e-05,0.7082272188909421,23.85,2.79,56067.7
RS,2021,8,0,1.8965107681518506e-05,0.701176368696961,21.63,1.12,56067.7
RS,2021,9,0,2.2295721586997632e-05,0.6253428896624391,16.86,0.88,56067.7
RS,2021,10,0,2.682790310409976e-05,0.5711916323236315,9.5,2.46,56067.7
RS,2021,11,0,3.8289029206841785e-05,0.42888582436354267,6.96,2.1,56067.7
RS,2021,12,0,4.339495576893529e-05,0.397700999790396,2.5,4.1,56067.7
RS,2022,1,0,3.3777575156742164e-05,0.3802052157291064,0.19,1.46,63628.47
RS,2022,2,0,3.265597717794959e-05,0.3555529021560215,4.45,1.67,63628.47
RS,2022,3,0,2.7694478644761883e-05,0.3348678161699716,4.41,1.04,63628.47
RS,2022,4,0,2.7245640870117558e-05,0.4413011669858451,10.25,2.12,63628.47
RS,2022,5,0,2.220842371625705e-05,0.626192442366843,17.44,1.11,63628.47
RS,2022,6,0,2.2515686861201258e-05,0.7133844357368717,21.79,2.43,63628.47
RS,2022,7,0,2.246836941898848e-05,0.690152290368219,23.01,1.26,63628.47
RS,2022,8,0,2.3538363120404334e-05,0.6255291864323922,22.6,3.03,63628.47
RS,2022,9,0,2.10519937234331e-05,0.6545187183922517,16.11,3.49,63628.47
RS,2022,10,0,2.6187806120592745e-05,0.6030855714210392,12.91,0.69,63628.47
RS,2022,11,0,3.327981517481332e-05,0.48783475551786987,7.87,3.06,63628.47
RS,2022,12,0,3.179135774632229e-05,0.434059167063033,4.53,2.39,63628.47
RS,2023,1,0,3.031894979636071e-05,0.433495295079305,3.95,2.92,75318.52
RS,2023,2,0,3.19072054077876e-05,0.39476974400643783,2.73,1.8,75318.52
RS,2023,3,0,2.5265133043966306e-05,0.39968050506157815,7.83,1.7,75318.52
RS,2023,4,0,2.3403809855693272e-05,0.49942584468986234,9.3,3.2,75318.52
RS,2023,5,0,2.2990765397863963e-05,0.6502889928187863,15.44,3.34,75318.52
RS,2023,6,0,2.324147711642342e-05,0.719245609174383,19.36,4.53,75318.52
RS,2023,7,0,2.175265793035062e-05,0.7275018997471565,23.41,1.91,75318.52
RS,2023,8,0,2.187441944337262e-05,0.7180509229973371,22.29,2.42,75318.52
RS,2023,9,0,2.3829695081699045e-05,0.634784320888378,19.71,1.85,75318.52
RS,2023,10,0,2.681131712400391e-05,0.5712216323641502,15.18,0.54,75318.52
RS,2023,11,0,2.890119590121196e-05,0.48653298615499385,7.46,4.35,75318.52
RS,2023,12,0,3.782416128220853e-05,0.42423791582010434,4.43,1.67,75318.52
RS,2024,1,0,2.6502483524737256e-05,0.3905176907055264,1.81,1.79,83415.15
RS,2024,2,0,2.6746910646303815e-05,0.37888744270045266,8.22,0.67,83415.15
RS,2024,3,0,2.6492602809675508e-05,0.403744075331973,9.94,1.64,83415.15
RS,2024,4,0,2.8048237448686137e-05,0.5667170213861278,13.76,1.24,83415.15
RS,2024,5,0,2.4948320108052874e-05,0.6699450078852339,16.73,3.16,83415.15
RS,2024,6,0,1.9580439676988738e-05,0.6943536485915481,22.7,2.18,83415.15
RS,2024,7,0,2.0864266623180113e-05,0.7055312807108046,24.8,1.59,83415.15
RS,2024,8,0,2.4297996467606134e-05,0.6289585016408036,24.96,0.59,83415.15
RS,2024,9,0,2.624278356628923e-05,0.5503723405344624,18.09,2.9,83415.15
RS,2024,10,0,2.7695140884382287e-05,0.567979128358952,12.68,1.05,83415.15
RS,2024,11,0,3.4195818106100294e-05,0.4595847521801889,4.35,2.41,83415.15
RS,2024,12,0,3.9335568204952004e-05,0.4259090421392911,2.44,2.71,83415.15
